dataset_name,model_type,config.model.model_domain,config.model.tune_gnn,config.model.backbone.neighborhoods,config.model.backbone.GNN.num_layers,config.model.feature_encoder.out_channels,config.model.feature_encoder.proj_dropout,config.optimizer.parameters.lr,config.optimizer.parameters.weight_decay,config.dataset.dataloader_params.batch_size,summary.test_best_rerun/accuracy_mean,summary.test_best_rerun/accuracy_std,summary.test_best_rerun/auroc_mean,summary.test_best_rerun/auroc_std,summary.test_best_rerun/f1_mean,summary.test_best_rerun/f1_std,summary.test_best_rerun/loss_mean,summary.test_best_rerun/loss_std,summary.test_best_rerun/precision_mean,summary.test_best_rerun/precision_std,summary.test_best_rerun/recall_mean,summary.test_best_rerun/recall_std,summary.val_best_rerun/accuracy_mean,summary.val_best_rerun/accuracy_std,summary.val_best_rerun/auroc_mean,summary.val_best_rerun/auroc_std,summary.val_best_rerun/f1_mean,summary.val_best_rerun/f1_std,summary.val_best_rerun/loss_mean,summary.val_best_rerun/loss_std,summary.val_best_rerun/precision_mean,summary.val_best_rerun/precision_std,summary.val_best_rerun/recall_mean,summary.val_best_rerun/recall_std,summary.test_best_rerun/mae_mean,summary.test_best_rerun/mae_std,summary.test_best_rerun/mse_mean,summary.test_best_rerun/mse_std,summary.val_best_rerun/mae_mean,summary.val_best_rerun/mae_std,summary.val_best_rerun/mse_mean,summary.val_best_rerun/mse_std,summary.test_best_rerun/accuracy-0_mean,summary.test_best_rerun/accuracy-0_std,summary.test_best_rerun/accuracy-1_mean,summary.test_best_rerun/accuracy-1_std,summary.test_best_rerun/accuracy-2_mean,summary.test_best_rerun/accuracy-2_std,summary.test_best_rerun/f1-0_mean,summary.test_best_rerun/f1-0_std,summary.test_best_rerun/f1-1_mean,summary.test_best_rerun/f1-1_std,summary.test_best_rerun/f1-2_mean,summary.test_best_rerun/f1-2_std,summary.test_best_rerun/precision-0_mean,summary.test_best_rerun/precision-0_std,summary.test_best_rerun/precision-1_mean,summary.test_best_rerun/precision-1_std,summary.test_best_rerun/precision-2_mean,summary.test_best_rerun/precision-2_std,summary.test_best_rerun/recall-0_mean,summary.test_best_rerun/recall-0_std,summary.test_best_rerun/recall-1_mean,summary.test_best_rerun/recall-1_std,summary.test_best_rerun/recall-2_mean,summary.test_best_rerun/recall-2_std,summary.val_best_rerun/accuracy-0_mean,summary.val_best_rerun/accuracy-0_std,summary.val_best_rerun/accuracy-1_mean,summary.val_best_rerun/accuracy-1_std,summary.val_best_rerun/accuracy-2_mean,summary.val_best_rerun/accuracy-2_std,summary.val_best_rerun/f1-0_mean,summary.val_best_rerun/f1-0_std,summary.val_best_rerun/f1-1_mean,summary.val_best_rerun/f1-1_std,summary.val_best_rerun/f1-2_mean,summary.val_best_rerun/f1-2_std,summary.val_best_rerun/precision-0_mean,summary.val_best_rerun/precision-0_std,summary.val_best_rerun/precision-1_mean,summary.val_best_rerun/precision-1_std,summary.val_best_rerun/precision-2_mean,summary.val_best_rerun/precision-2_std,summary.val_best_rerun/recall-0_mean,summary.val_best_rerun/recall-0_std,summary.val_best_rerun/recall-1_mean,summary.val_best_rerun/recall-1_std,summary.val_best_rerun/recall-2_mean,summary.val_best_rerun/recall-2_std,run_count
BBB_Martins,gat,graph,,,,128.0,0.25,0.001,0.0001,128.0,0.8301039934158325,0.006420476912124085,0.8049353626039293,0.028750619085911006,0.7314366804228889,0.020814881298785576,0.4659983648194207,0.032274783829780614,0.8204201128747728,0.023741675536040632,0.7036068757375081,0.02393619278270893,0.879365082581838,0.00863649998495537,0.8459981626934475,0.029300277510695902,0.8151610361205207,0.015194308901828183,0.38607986635631986,0.035556994792750436,0.894062974717882,0.0270094802656307,0.7798905028237237,0.01964086140255029,,,,,,,,,,,,,,,,,,,,,,,,,,,,,,,,,,,,,,,,,,,,,,,,,,,,,,,,,45
BBB_Martins,gat,graph,,,,128.0,0.25,0.001,0.0001,256.0,0.8315818270047506,0.008190758628147802,0.8011342803637187,0.026332237907338577,0.7362412863307529,0.018620331272331866,0.5002164800961812,0.043570385341592695,0.8169230858484904,0.019310573791812023,0.707801161872016,0.01892933765029713,0.8724685192108155,0.008350791886049428,0.8472938895225525,0.026306693770414568,0.806431249777476,0.016312686505543877,0.40196701884269714,0.033374491247132175,0.8743213454882304,0.01812866275296359,0.7741271164682176,0.019022621380143132,,,,,,,,,,,,,,,,,,,,,,,,,,,,,,,,,,,,,,,,,,,,,,,,,,,,,,,,,45
BBB_Martins,gat,graph,,,,128.0,0.25,0.01,0.0001,128.0,0.8288998378647698,0.011233257986036575,0.8108690076404148,0.028428213774414526,0.7323893123202854,0.023580374376464937,0.46502635810110304,0.03704148782661979,0.8134275952974955,0.02675897764938524,0.705577101972368,0.025798976674633396,0.8819923400878906,0.010234173263853709,0.8530443734592862,0.03322498040124847,0.8231055206722684,0.013187772902861754,0.3788398868507809,0.059101455266557495,0.8886091748873393,0.03128047815662081,0.7910546461741129,0.01595854046647148,,,,,,,,,,,,,,,,,,,,,,,,,,,,,,,,,,,,,,,,,,,,,,,,,,,,,,,,,45
BBB_Martins,gat,graph,,,,128.0,0.25,0.01,0.0001,256.0,0.8259441667132907,0.011552748089179918,0.7921650078561571,0.030522840605344197,0.7237699694103665,0.02951800923221972,0.48307820426093206,0.02909657238260485,0.8113836924235026,0.023585236391009453,0.6969748735427856,0.028911214180167906,0.8737821499506633,0.0110295701071948,0.8280931062168545,0.03128293285772497,0.8074618207083808,0.022224625004864357,0.4021142370171017,0.03583797059346892,0.879272641075982,0.021237627413707168,0.7748595436414083,0.02683729425081872,,,,,,,,,,,,,,,,,,,,,,,,,,,,,,,,,,,,,,,,,,,,,,,,,,,,,,,,,45
BBB_Martins,gat,graph,,,,128.0,0.5,0.001,0.0001,128.0,0.8280240893363953,0.01135155280933749,0.8005917125278049,0.028293397004107795,0.725442808204227,0.024341990245842864,0.4746728281180064,0.03912239986840011,0.8202432208591037,0.030134543894135106,0.697086673312717,0.023844967509007865,0.8790366689364115,0.005097290354744241,0.8412481400701735,0.031500441812182194,0.8139092842737834,0.01385192784550127,0.39885870152049596,0.043498174647422456,0.8950396431816949,0.02049621630647565,0.7783683154318067,0.020551964493453506,,,,,,,,,,,,,,,,,,,,,,,,,,,,,,,,,,,,,,,,,,,,,,,,,,,,,,,,,45
BBB_Martins,gat,graph,,,,128.0,0.5,0.001,0.0001,256.0,0.8197591715388828,0.01214945653106477,0.7891537706057231,0.03505818206636868,0.7167535742123922,0.02192697590956161,0.5397914773888058,0.06622941816527086,0.8046467396948073,0.03839001510355484,0.6929023451275296,0.02629911402909892,0.8709359619352552,0.013100792572030399,0.8250257876184252,0.039658235251479844,0.8046459568871392,0.01752337942690423,0.45448449518945483,0.0699989740915273,0.877076960934533,0.037639221542210645,0.773393264081743,0.02153301514151815,,,,,,,,,,,,,,,,,,,,,,,,,,,,,,,,,,,,,,,,,,,,,,,,,,,,,,,,,45
BBB_Martins,gat,graph,,,,128.0,0.5,0.01,0.0001,128.0,0.8324575887786018,0.008540161286255971,0.8059493210580614,0.02121923969425288,0.7392602814568414,0.018770390196876,0.4727125883102417,0.038317095281929135,0.8167681468857659,0.021791957642962316,0.7112360821829902,0.018977124327125405,0.8826491514841716,0.008615181636117842,0.8484806842274136,0.028801387753681077,0.825018474790785,0.01652953555246589,0.3795613143179152,0.0538985571406807,0.8843140641848246,0.021295212798429452,0.7948228478431701,0.021546598147682207,,,,,,,,,,,,,,,,,,,,,,,,,,,,,,,,,,,,,,,,,,,,,,,,,,,,,,,,,45
BBB_Martins,gat,graph,,,,128.0,0.5,0.01,0.0001,256.0,0.82441160413954,0.009475887255850971,0.7947888917393154,0.029714960849830184,0.7141681353251139,0.02509191550811032,0.5093081891536713,0.03694214943133744,0.8236412538422478,0.028900157499142855,0.6864779048495823,0.02513030477515275,0.8780514478683472,0.0068994002430800986,0.8229790184232924,0.03238742366917616,0.8115462342898051,0.01383518725856135,0.4248246100213793,0.04588719489272261,0.8976985997623868,0.026637789237962534,0.7753941761122809,0.02086041620907144,,,,,,,,,,,,,,,,,,,,,,,,,,,,,,,,,,,,,,,,,,,,,,,,,,,,,,,,,45
BBB_Martins,gat,graph,,,,256.0,0.25,0.001,0.0001,128.0,0.8332786003748576,0.010247642814038768,0.8108766688240899,0.025414401839269032,0.7393700506952073,0.02108427948512702,0.5040990902317894,0.07113888879125176,0.8196610185835097,0.02141747598348446,0.7108604669570923,0.022243747576871354,0.8777230421702067,0.007879593774985474,0.8444272398948669,0.01436297670434733,0.812788885169559,0.014475101245873727,0.40544012586275735,0.04266422040784419,0.8901941921975878,0.02363040755383422,0.777925431728363,0.01842270434967491,,,,,,,,,,,,,,,,,,,,,,,,,,,,,,,,,,,,,,,,,,,,,,,,,,,,,,,,,45
BBB_Martins,gat,graph,,,,256.0,0.25,0.001,0.0001,256.0,0.8307608154084948,0.013029253647628023,0.8126334733433194,0.02445801202755837,0.7335101458761427,0.030674002403258828,0.5175547613037957,0.06452161502990536,0.8181969841321309,0.0266874668133847,0.706254251797994,0.03141879283712028,0.878489327430725,0.009625704585166565,0.8425438629256354,0.02815876576257925,0.8160499069425795,0.0203566221853388,0.41563313139809505,0.06857573215028419,0.8859699726104736,0.02793406565668825,0.7843724992540148,0.02710182303320169,,,,,,,,,,,,,,,,,,,,,,,,,,,,,,,,,,,,,,,,,,,,,,,,,,,,,,,,,45
BBB_Martins,gat,graph,,,,256.0,0.25,0.01,0.0001,128.0,0.8249589496188694,0.009660019212605144,0.8083709716796875,0.0284332344123952,0.7291815770996941,0.02571639005328768,0.4735025756888919,0.13063762036505927,0.8013753877745734,0.024942345237423554,0.704788151052263,0.02863436970874066,0.8770662307739258,0.014513051435964241,0.8485552125506931,0.03163253364536273,0.8169337511062622,0.024635641217420914,0.38951692912313673,0.11798709291547585,0.8740201830863953,0.02823408963007322,0.7881994658046299,0.028180969021658266,,,,,,,,,,,,,,,,,,,,,,,,,,,,,,,,,,,,,,,,,,,,,,,,,,,,,,,,,45
BBB_Martins,gat,graph,,,,256.0,0.25,0.01,0.0001,256.0,0.8201423115200467,0.01429930685227005,0.7949964721997579,0.028974085092000196,0.7194552421569824,0.03124467318907433,0.4784958846039242,0.03496663221752347,0.7944961163732741,0.03071621812216576,0.6955087754461501,0.031330693951875696,0.866228789753384,0.01812877106892705,0.8397775504324171,0.03225886766012625,0.8010330531332228,0.027986121370398256,0.3952999174594879,0.04681622590028858,0.856490535206265,0.037235111989688,0.7738691171010336,0.02922221651334086,,,,,,,,,,,,,,,,,,,,,,,,,,,,,,,,,,,,,,,,,,,,,,,,,,,,,,,,,45
BBB_Martins,gat,graph,,,,256.0,0.5,0.001,0.0001,128.0,0.8289545787705316,0.01333192456152458,0.8079371690750122,0.02220792423545668,0.7351860139105055,0.02851394327018194,0.506035844484965,0.05554649214767456,0.8088825874858432,0.028950074984120062,0.7095300250583225,0.029106137477657338,0.8772851692305671,0.008900657205886337,0.8431573218769497,0.024447563000644018,0.8174356579780578,0.012396064939729648,0.4087426033284929,0.056217839093261855,0.8769625226656595,0.032026529515416145,0.788056140475803,0.017125024715312,,,,,,,,,,,,,,,,,,,,,,,,,,,,,,,,,,,,,,,,,,,,,,,,,,,,,,,,,45
BBB_Martins,gat,graph,,,,256.0,0.5,0.001,0.0001,256.0,0.8266557150416904,0.011327240594836804,0.8056436697642009,0.02920884466352261,0.7246615105205112,0.023652378664600373,0.5461715267764198,0.06677937000360805,0.8174950811598036,0.03634422334192637,0.6973091761271158,0.024760872250002428,0.8775041076872084,0.014384974863676177,0.8285431689686246,0.02765996792477203,0.8153416713078817,0.018490728539939865,0.4534018185403612,0.07847346787673785,0.8865403466754489,0.03861162761246635,0.7832803090413412,0.020546924770231942,,,,,,,,,,,,,,,,,,,,,,,,,,,,,,,,,,,,,,,,,,,,,,,,,,,,,,,,,45
BBB_Martins,gat,graph,,,,256.0,0.5,0.01,0.0001,128.0,0.8265462517738342,0.009997927994274052,0.7975069456630283,0.03085664886483638,0.7243136856291029,0.026548352945138732,0.4715687354405721,0.053215109489019724,0.8131176167064242,0.019701366659784045,0.6970222300953335,0.026684158519003822,0.8813355220688714,0.013605592662921853,0.8496739281548394,0.04073676488866805,0.8201112614737617,0.02627382644766436,0.3809958749347263,0.07716690367932122,0.889194659392039,0.02268402329125084,0.7880102793375651,0.032856534181501945,,,,,,,,,,,,,,,,,,,,,,,,,,,,,,,,,,,,,,,,,,,,,,,,,,,,,,,,,45
BBB_Martins,gat,graph,,,,256.0,0.5,0.01,0.0001,256.0,0.8222222222222222,0.011375821830806218,0.7878135217560662,0.03380820235173074,0.7138952665858799,0.028659252730637862,0.5048776818646326,0.07146987317894181,0.8094988862673441,0.02272485582761981,0.6870760202407837,0.02663365307867113,0.8735632247394985,0.0170968242178304,0.8283969693713717,0.03524870458348491,0.8049617502424452,0.03080316589462821,0.41236186027526855,0.06306871353541589,0.8842945668432448,0.032534129330188885,0.7702256162961324,0.030653582221096893,,,,,,,,,,,,,,,,,,,,,,,,,,,,,,,,,,,,,,,,,,,,,,,,,,,,,,,,,45
BBB_Martins,gcn,graph,,,,128.0,0.25,0.001,0.0001,128.0,0.829282976521386,0.011000357440595783,0.8057999677128262,0.027351947755268922,0.733806676334805,0.025707474682697143,0.458059964577357,0.03088849800702956,0.8143007450633579,0.02918572557988235,0.7076851076549954,0.027606164022626316,0.8782703876495361,0.011818101586053405,0.8444014390309652,0.027491982632284962,0.8148977438608805,0.02401837982934022,0.3843330674701267,0.039192909859738195,0.8874689830674065,0.02778028315773223,0.7826338754759894,0.02949527852993506,,,,,,,,,,,,,,,,,,,,,,,,,,,,,,,,,,,,,,,,,,,,,,,,,,,,,,,,,45
BBB_Martins,gcn,graph,,,,128.0,0.25,0.001,0.0001,256.0,0.826163113117218,0.012575496439324239,0.7948439121246338,0.030279926810718998,0.7323028643925985,0.02590475937945108,0.4939564784367879,0.0314768619641277,0.7997760362095303,0.025187307672678443,0.7070901844236586,0.02623711677773428,0.8748768435584174,0.012837127566133132,0.833826392226749,0.03532716534358807,0.8105021648936801,0.027017157388259504,0.4054310195975833,0.04379397056166239,0.8760787698957655,0.01567442164600677,0.7794992102517022,0.030112336983178143,,,,,,,,,,,,,,,,,,,,,,,,,,,,,,,,,,,,,,,,,,,,,,,,,,,,,,,,,45
BBB_Martins,gcn,graph,,,,128.0,0.25,0.01,0.0001,128.0,0.8264915174908108,0.010959336581187702,0.807517064942254,0.024300692789865082,0.726050345102946,0.029019618146671384,0.447501896487342,0.04250142205636337,0.8129086679882473,0.02753896736429197,0.6999049425125122,0.02922837494219507,0.877941984600491,0.014241986543431668,0.8525513039694892,0.029128416092374005,0.8163566059536405,0.024564459923906327,0.3695298088921441,0.044110039465665114,0.8821932766172621,0.03177596617615408,0.7855994277530246,0.028234945201124215,,,,,,,,,,,,,,,,,,,,,,,,,,,,,,,,,,,,,,,,,,,,,,,,,,,,,,,,,45
BBB_Martins,gcn,graph,,,,128.0,0.25,0.01,0.0001,256.0,0.8236453162299262,0.011699812009102285,0.7983179688453674,0.02813321889264684,0.7236948437160916,0.025586579889917964,0.4712470981809828,0.020961424649452335,0.8008397301038106,0.02420350968452559,0.6976420667436388,0.0254993603269551,0.8761904703246223,0.014230791825772502,0.8399495508935716,0.026311084962403745,0.8132759796248542,0.025248464689559397,0.38783057067129345,0.033012830478737314,0.877382853296068,0.0246451329440445,0.7821135931544834,0.028213528620837317,,,,,,,,,,,,,,,,,,,,,,,,,,,,,,,,,,,,,,,,,,,,,,,,,,,,,,,,,45
BBB_Martins,gcn,graph,,,,128.0,0.5,0.001,0.0001,128.0,0.82211275100708,0.009652720648550092,0.7905758990181817,0.03138072459414561,0.7092920475535922,0.025085026430904767,0.47303477194574145,0.06466474455477535,0.8165367815229628,0.02047081905571274,0.6815911478466458,0.02382924168288246,0.8729064053959317,0.012408965841428534,0.8217176967196994,0.0317165908761681,0.8010134590996636,0.02529294548053182,0.42428769138124256,0.07265058014509249,0.892473922835456,0.02118952424817896,0.7644307004080878,0.02835201942852754,,,,,,,,,,,,,,,,,,,,,,,,,,,,,,,,,,,,,,,,,,,,,,,,,,,,,,,,,45
BBB_Martins,gcn,graph,,,,128.0,0.5,0.001,0.0001,256.0,0.8207991295390659,0.013410291264881333,0.7913267546229892,0.035144306373621634,0.7214651359452142,0.02410651392176002,0.5075156450271606,0.0685571174576287,0.7940912471877204,0.03347822871649447,0.6963048352135552,0.023150615257906508,0.8755336615774366,0.012039000543123582,0.8255733264817132,0.03604568809851134,0.8133377657996284,0.021823526373692975,0.4275996605555216,0.07005371064170746,0.8739263044463264,0.022949577121733244,0.7832674079471165,0.02582067118354779,,,,,,,,,,,,,,,,,,,,,,,,,,,,,,,,,,,,,,,,,,,,,,,,,,,,,,,,,45
BBB_Martins,gcn,graph,,,,128.0,0.5,0.01,0.0001,128.0,0.8256704966227214,0.006722599846096088,0.8093438161744012,0.031007728585728075,0.7323597351710002,0.022823648309953492,0.46516819794972736,0.03158985707885806,0.7989776823255751,0.017410511300752815,0.7081842422485352,0.02566834360793514,0.8803502996762593,0.012586457569006788,0.8510606606801351,0.027184089970908015,0.8214004900720384,0.02292002099074341,0.37287344468964473,0.03902565256541342,0.8790532257821825,0.019259130790541625,0.791695339149899,0.02756927769891038,,,,,,,,,,,,,,,,,,,,,,,,,,,,,,,,,,,,,,,,,,,,,,,,,,,,,,,,,45
BBB_Martins,gcn,graph,,,,128.0,0.5,0.01,0.0001,256.0,0.8120963414510091,0.019896773173200544,0.7892758806546529,0.03795405443016961,0.6896651029586792,0.05487937561698906,0.516873264975018,0.059348563740776045,0.7962881127993265,0.03497433309702722,0.6680448333422343,0.04453595328020273,0.871921173731486,0.01978823193644615,0.8178305215305752,0.0451675160019891,0.7969452738761902,0.041951228395709174,0.43525838322109645,0.07851590734394763,0.896325076950921,0.02836565317794964,0.7608774926927354,0.042413547409736276,,,,,,,,,,,,,,,,,,,,,,,,,,,,,,,,,,,,,,,,,,,,,,,,,,,,,,,,,45
BBB_Martins,gcn,graph,,,,256.0,0.25,0.001,0.0001,128.0,0.8317460272047255,0.009863721679478165,0.8073408338758681,0.027447229196852673,0.7419433236122132,0.024296915239331297,0.48079019718699983,0.03899014164722372,0.810857183403439,0.023398962625307714,0.7167405393388536,0.028174137125165404,0.8770662228266398,0.010604689113010754,0.8435564902093675,0.02576957662154897,0.8152360598246257,0.02081352056214845,0.39852135247654386,0.0532357818289948,0.879620885848999,0.0277963072427771,0.7850146333376566,0.02677458598377684,,,,,,,,,,,,,,,,,,,,,,,,,,,,,,,,,,,,,,,,,,,,,,,,,,,,,,,,,45
BBB_Martins,gcn,graph,,,,256.0,0.25,0.001,0.0001,256.0,0.826819924513499,0.010552560171133223,0.8023643573125203,0.0300102465681299,0.7244852556122674,0.028133122886322134,0.5084824721018474,0.029418271183152444,0.8151436289151509,0.018792883246862707,0.6977040105395846,0.030384984995066682,0.875314724445343,0.008962411435489431,0.832742800977495,0.034490852027280576,0.809785975350274,0.0192010354143154,0.42572928998205395,0.06635133739308614,0.8843080838521321,0.0255361393293314,0.7770410497983297,0.0256165298681467,,,,,,,,,,,,,,,,,,,,,,,,,,,,,,,,,,,,,,,,,,,,,,,,,,,,,,,,,45
BBB_Martins,gcn,graph,,,,256.0,0.25,0.01,0.0001,128.0,0.8151614745457967,0.02974245053161199,0.7808139430152046,0.07447491051116925,0.6831899192598131,0.09297841444982534,0.4582184546523624,0.06456047834146918,0.8112476971414354,0.02989484673910604,0.6673213932249281,0.07042826244615227,0.8633825990888807,0.040217848960623886,0.8462690684530471,0.05754309797283441,0.7718094415134854,0.10068593027455118,0.3892509559790293,0.09727661077665925,0.8916498223940531,0.026621590346880726,0.7457659827338324,0.08843069649914237,,,,,,,,,,,,,,,,,,,,,,,,,,,,,,,,,,,,,,,,,,,,,,,,,,,,,,,,,45
BBB_Martins,gcn,graph,,,,256.0,0.25,0.01,0.0001,256.0,0.8011494292153253,0.03683893882753034,0.7214088943269518,0.14371651288494453,0.6369936452971564,0.12969671813147457,0.5878234518898858,0.2557580923498253,0.7672514259815216,0.1468603688509384,0.6369284590085348,0.08820030629693863,0.83908046219084,0.05310776004550687,0.7540670461124844,0.1840437461284593,0.7067729632059733,0.1541086467019318,0.5670742664072249,0.34843946775619367,0.8230623841285706,0.16235748753241172,0.6972552021344502,0.11627371843097549,,,,,,,,,,,,,,,,,,,,,,,,,,,,,,,,,,,,,,,,,,,,,,,,,,,,,,,,,45
BBB_Martins,gcn,graph,,,,256.0,0.5,0.001,0.0001,128.0,0.8307608140839471,0.01222111390213007,0.8109809915224712,0.027589613832331487,0.7380124198065864,0.03165874250975906,0.4916620923413171,0.03971049978943751,0.8097344650162591,0.016622077106969432,0.712377835644616,0.03157811604007587,0.8789272043440077,0.011039567173032968,0.8479073564211528,0.03118588225436141,0.8198932846387227,0.020884723215884554,0.3961264338758257,0.05899768789706903,0.8758576671282451,0.019705337912811677,0.791179354985555,0.026389010611859505,,,,,,,,,,,,,,,,,,,,,,,,,,,,,,,,,,,,,,,,,,,,,,,,,,,,,,,,,45
BBB_Martins,gcn,graph,,,,256.0,0.5,0.001,0.0001,256.0,0.8210727983050876,0.011953440857167154,0.8001059121555752,0.03168931136403448,0.7143146395683289,0.02644535483272661,0.5550006157822079,0.056037279971160245,0.8102714935938518,0.0367912032541404,0.6888693120744493,0.027545404284471837,0.8718117091390821,0.015128302582057216,0.824773535463545,0.03837001809354532,0.8036503699090746,0.02808827612739012,0.47686265640788605,0.08687241891267009,0.8794086654980977,0.031336896391131144,0.7712275147438049,0.031928764990625455,,,,,,,,,,,,,,,,,,,,,,,,,,,,,,,,,,,,,,,,,,,,,,,,,,,,,,,,,45
BBB_Martins,gcn,graph,,,,256.0,0.5,0.01,0.0001,128.0,0.8183360735575358,0.03147314572717431,0.7864707840813531,0.06975990182886649,0.6919228580262926,0.09193933298306058,0.46062723994255067,0.06353253737928191,0.8112961292266846,0.031605599259512236,0.675002227889167,0.07398945323082011,0.8629447221755981,0.03930080691014271,0.8492346114582485,0.05319242134927704,0.7735962920718723,0.09721788479784,0.3838220735390981,0.09781666604133366,0.8832976659138997,0.030269572729565226,0.7480793621804979,0.08725986028278726,,,,,,,,,,,,,,,,,,,,,,,,,,,,,,,,,,,,,,,,,,,,,,,,,,,,,,,,,45
BBB_Martins,gcn,graph,,,,256.0,0.5,0.01,0.0001,256.0,0.8029556658532885,0.03673247556565074,0.743993894259135,0.10808708978853779,0.6498167806201511,0.11492447023132457,0.5182908793290456,0.1357623018367569,0.7743773102760315,0.09849349404431018,0.6434077077441746,0.08092670964778481,0.8448823160595365,0.05029833307589279,0.8034944428337945,0.12874598916778968,0.7267888307571411,0.1342098604579755,0.4598799765110016,0.19027706903131839,0.8566256403923035,0.11440850593915573,0.7098154001765781,0.10572124660790222,,,,,,,,,,,,,,,,,,,,,,,,,,,,,,,,,,,,,,,,,,,,,,,,,,,,,,,,,45
BBB_Martins,gin,graph,,,,128.0,0.25,0.001,0.0001,128.0,0.8326765219370524,0.011699800944019498,0.8139110565185547,0.021716670057562105,0.7440260039435492,0.02465795332289729,0.46380504965782166,0.03677948523057492,0.8116040839089288,0.027916195569105476,0.7183607988887363,0.025824922504254364,0.8788177357779609,0.008094427764027837,0.8544526073667739,0.03043205984478894,0.8215916633605957,0.016073679630760368,0.3800735460387336,0.05363232816199575,0.8720131569438511,0.02057727386324343,0.7948701527383593,0.022336727730016562,,,,,,,,,,,,,,,,,,,,,,,,,,,,,,,,,,,,,,,,,,,,,,,,,,,,,,,,,45
BBB_Martins,gin,graph,,,,128.0,0.25,0.001,0.0001,256.0,0.827586207124922,0.0116003867060029,0.801192679670122,0.024189017099257814,0.7307097792625428,0.024294464301850588,0.5128377629650964,0.028358644996183707,0.8101825740602281,0.03033793936355779,0.7042697774039375,0.02623861367999344,0.87673782242669,0.010045621938246922,0.8414889229668512,0.02609443142883733,0.8132559590869479,0.02022724595424118,0.410397250784768,0.045585114481332706,0.8807824889818827,0.017451788864112614,0.7811761962042915,0.02520454021426573,,,,,,,,,,,,,,,,,,,,,,,,,,,,,,,,,,,,,,,,,,,,,,,,,,,,,,,,,45
BBB_Martins,gin,graph,,,,128.0,0.25,0.01,0.0001,128.0,0.791133001115587,0.030150590853676277,0.7194886843363444,0.08027823814712894,0.6188625719812181,0.10902361521615539,0.49032844172583684,0.050453716871297453,0.7795477125379774,0.023615115762111033,0.6222428692711724,0.08506559134899132,0.8329501907030742,0.04785064458879023,0.8173775884840223,0.07734981965076523,0.6967969126171536,0.12320447573950735,0.42845040294859144,0.10937433691601717,0.8761033283339607,0.029314514549060828,0.6841861632135179,0.10970900968087977,,,,,,,,,,,,,,,,,,,,,,,,,,,,,,,,,,,,,,,,,,,,,,,,,,,,,,,,,45
BBB_Martins,gin,graph,,,,128.0,0.25,0.01,0.0001,256.0,0.7730158660146925,0.0333731510643716,0.6531883637110393,0.14378623356481285,0.5866960532135433,0.11834271736179805,0.593870915306939,0.1060244738925054,0.6867434680461884,0.147911180914897,0.6016316533088684,0.08562690553664642,0.8007662799623277,0.04856829526441456,0.711527481675148,0.20746158773291784,0.6324289931191338,0.14014741516917423,0.5761606653531393,0.1669497454325558,0.7477870689498054,0.17854640241287148,0.6398219890064664,0.11445889501035354,,,,,,,,,,,,,,,,,,,,,,,,,,,,,,,,,,,,,,,,,,,,,,,,,,,,,,,,,45
BBB_Martins,gin,graph,,,,128.0,0.5,0.001,0.0001,128.0,0.8253420962227715,0.009168237081089103,0.8068324446678161,0.02641543660528345,0.7269444531864591,0.02475842082184193,0.49132703476481965,0.0365457339463301,0.8057032306989034,0.022914459815202754,0.7013422118292915,0.026378063288385,0.8800218992763096,0.011512371002940636,0.8479216734568278,0.03391220137048282,0.8206344140900506,0.021598872104063437,0.395037845770518,0.05820451239270682,0.8816556056340535,0.0277307065460938,0.7908969812923008,0.027173676907856173,,,,,,,,,,,,,,,,,,,,,,,,,,,,,,,,,,,,,,,,,,,,,,,,,,,,,,,,,45
BBB_Martins,gin,graph,,,,128.0,0.5,0.001,0.0001,256.0,0.8248494823773702,0.009129057100867649,0.7899226003222996,0.022899133085412863,0.7262643959787157,0.014011183910998239,0.5515102340115441,0.04690501024501453,0.8059910363621182,0.02838942386352139,0.6995880828963386,0.015404723198901217,0.8663382543457879,0.011144529368061156,0.8317710161209106,0.01667520767793244,0.8007736802101135,0.01455009342645319,0.43598579433229234,0.02731026923763841,0.8594657686021593,0.032121375653274865,0.7727840940157572,0.018039368953552445,,,,,,,,,,,,,,,,,,,,,,,,,,,,,,,,,,,,,,,,,,,,,,,,,,,,,,,,,45
BBB_Martins,gin,graph,,,,128.0,0.5,0.01,0.0001,128.0,0.7948549575275845,0.032254051463491556,0.7212661253081427,0.08477117407948712,0.6287160992622376,0.10464556658355313,0.49085999263657465,0.04882278555706962,0.7871123512585958,0.03352253024605315,0.6275846415095859,0.08185754150716888,0.8353585084279378,0.047534554627249925,0.8095323099030389,0.07169011332382011,0.7046066085497539,0.11755353820721111,0.42599232329262626,0.10291437259090441,0.8751164370112949,0.036718197692164736,0.6885449131329854,0.10518482605292777,,,,,,,,,,,,,,,,,,,,,,,,,,,,,,,,,,,,,,,,,,,,,,,,,,,,,,,,,45
BBB_Martins,gin,graph,,,,128.0,0.5,0.01,0.0001,256.0,0.7732895400789049,0.028824312918531016,0.6228911803828345,0.15794572315088815,0.5515890796979268,0.11305740830865069,0.7159435384803348,0.4206679495128874,0.690808113416036,0.1785175376167719,0.5746148718727959,0.07319983353859158,0.8022988504833646,0.048352574488543326,0.6630152851343155,0.226847742933346,0.6103738811280992,0.14495910467802336,0.7361997663974762,0.5436576344156953,0.7590687923961216,0.2136766326048207,0.6192753222253587,0.1055955823946511,,,,,,,,,,,,,,,,,,,,,,,,,,,,,,,,,,,,,,,,,,,,,,,,,,,,,,,,,45
BBB_Martins,gin,graph,,,,256.0,0.25,0.001,0.0001,128.0,0.8319102380010817,0.009798270709766549,0.8077712562349108,0.02468655607456564,0.7422451827261183,0.015853565169451144,0.48955984976556566,0.03304011667442018,0.8107883029513889,0.025318677858534488,0.7154976672596401,0.017117830754120784,0.8765188773473104,0.011524075932662862,0.8403480092684428,0.029624909226467412,0.8156805475552876,0.02509430982751795,0.40058456659317015,0.049835333949197244,0.8732656160990397,0.018464525975004194,0.787978740533193,0.03326814996239337,,,,,,,,,,,,,,,,,,,,,,,,,,,,,,,,,,,,,,,,,,,,,,,,,,,,,,,,,45
BBB_Martins,gin,graph,,,,256.0,0.25,0.001,0.0001,256.0,0.8287356350156996,0.00919494259478378,0.8176183131006028,0.012934088359158522,0.7421384943856133,0.020938622949136055,0.5157784733507368,0.0289743741294791,0.7981849074363708,0.019130685454996462,0.7189247488975525,0.023972072533886876,0.8837438450919257,0.006757613318058613,0.8606804000006781,0.02169570343579642,0.8314300351672702,0.013710633357981047,0.3890293273660872,0.039559956260504625,0.8743080549769932,0.019742415335673898,0.8078589147991604,0.024058147109252068,,,,,,,,,,,,,,,,,,,,,,,,,,,,,,,,,,,,,,,,,,,,,,,,,,,,,,,,,45
BBB_Martins,gin,graph,,,,256.0,0.25,0.01,0.0001,128.0,0.7954570333162944,0.036324668240085844,0.7312352948718601,0.08704185595083315,0.6248862087726593,0.11266626210710924,0.4780301160282559,0.06878428587467149,0.7949157847298516,0.04936631522369734,0.6252110362052917,0.0837982585488551,0.8313081529405382,0.045381925215995676,0.8086551136440701,0.06476329624743142,0.6951691216892666,0.11950848285277518,0.44296751618385316,0.09550647404999611,0.8767488360404968,0.03475229840144544,0.6810629645983378,0.1015970033623485,,,,,,,,,,,,,,,,,,,,,,,,,,,,,,,,,,,,,,,,,,,,,,,,,,,,,,,,,45
BBB_Martins,gin,graph,,,,256.0,0.25,0.01,0.0001,256.0,0.7611932118733724,0.01853591414466276,0.6261689086755117,0.14331300507381953,0.5228328651852078,0.08435892455980287,1.046901837322447,1.731111023986065,0.6686091601848603,0.16044673934449627,0.5529106630219354,0.052641031722093695,0.7858784834543864,0.03266935958408068,0.6680956900119781,0.20602968048927398,0.5764784395694733,0.10969473283533301,1.1352533532513513,2.0863493540009705,0.7434605426258512,0.19457502077352562,0.5903594851493835,0.07872188209159262,,,,,,,,,,,,,,,,,,,,,,,,,,,,,,,,,,,,,,,,,,,,,,,,,,,,,,,,,45
BBB_Martins,gin,graph,,,,256.0,0.5,0.001,0.0001,128.0,0.827148331536187,0.007758507096623626,0.8046742214096917,0.02805085273399111,0.7295004341337415,0.02026154067998158,0.5301943798859914,0.043529305594399534,0.8097899741596646,0.021393849013842198,0.7030507604281108,0.02371606345485503,0.8776135736041599,0.010125824471544833,0.8395711461702983,0.03705524562195996,0.8152019633187189,0.02234806984085515,0.4413142482439677,0.08991743382287032,0.8811090323660109,0.018009209648532597,0.7846563008096483,0.03136487367085383,,,,,,,,,,,,,,,,,,,,,,,,,,,,,,,,,,,,,,,,,,,,,,,,,,,,,,,,,45
BBB_Martins,gin,graph,,,,256.0,0.5,0.001,0.0001,256.0,0.82714833550983,0.009842266364239958,0.8073839094903734,0.018106480063705677,0.7399176915486654,0.014247460327706081,0.5415214432610406,0.03498718184310021,0.7977151764763726,0.029901889579002475,0.7164372113015917,0.017022650265037714,0.8784893340534634,0.010018750478368097,0.8502579993671842,0.020287591337640045,0.8218824744224549,0.014335706717035724,0.41642407774925233,0.04806556268877892,0.870917456679874,0.02908415235557759,0.7953746769163343,0.017838397099247658,,,,,,,,,,,,,,,,,,,,,,,,,,,,,,,,,,,,,,,,,,,,,,,,,,,,,,,,,45
BBB_Martins,gin,graph,,,,256.0,0.5,0.01,0.0001,128.0,0.7769567569096884,0.028994106191993392,0.6926452782418993,0.07353490753422118,0.570668621857961,0.10460244197631827,0.5047971566518148,0.055630561939890445,0.7791211949454413,0.056692466477616825,0.5866131967968411,0.0754313451297864,0.8103995574845209,0.043144982953285525,0.7840944316652086,0.05841051933248379,0.6408258842097388,0.1172895136586461,0.47624819212489655,0.08788434031843484,0.8679519216219584,0.04961339131878682,0.6378583431243896,0.09911624740531369,,,,,,,,,,,,,,,,,,,,,,,,,,,,,,,,,,,,,,,,,,,,,,,,,,,,,,,,,45
BBB_Martins,gin,graph,,,,256.0,0.5,0.01,0.0001,256.0,0.7682539648479886,0.030510722787025185,0.6155423482259115,0.16869349066938377,0.5596679389476776,0.12069703199133375,0.9272213730547163,1.485989759739108,0.647423697842492,0.17788388161377666,0.5844852526982626,0.08468704665205631,0.7959496352407668,0.045495213713993045,0.6479087809721629,0.24028649329803428,0.6080959273709191,0.14655068976345742,0.9921912557548946,1.7919908189072429,0.7080474138259888,0.21059821970588363,0.6234319554434882,0.11350820870968263,,,,,,,,,,,,,,,,,,,,,,,,,,,,,,,,,,,,,,,,,,,,,,,,,,,,,,,,,45
CYP3A4_Veith,gat,graph,,,,128.0,0.25,0.001,0.0001,128.0,0.7713345964749654,0.008434772122433492,0.8547393997510274,0.00989021978739582,0.7618758916854859,0.010684816300963858,0.5085001561376784,0.04132546903397915,0.7674374143282573,0.008687248572405574,0.7611129151450263,0.013114664060799518,0.7896368437343173,0.019305309295490007,0.8655585964520772,0.0183431464584268,0.7825644373893738,0.022458259449458846,0.48021222419208953,0.051391330941194906,0.7864408757951524,0.018390495710890704,0.7826081448131137,0.025049048891179173,,,,,,,,,,,,,,,,,,,,,,,,,,,,,,,,,,,,,,,,,,,,,,,,,,,,,,,,,45
CYP3A4_Veith,gat,graph,,,,128.0,0.25,0.001,0.0001,256.0,0.7672524094581604,0.010089078860870933,0.8481206099192301,0.009500705377063722,0.7588671578301324,0.010066858463163719,0.49905418753623965,0.03204190881535866,0.7612616962856716,0.011061319555754831,0.7583591010835435,0.01061668523850397,0.7821032722791036,0.018854567300879428,0.8580054203669231,0.01863991572638202,0.7754515184296502,0.019825100573547787,0.4793279316690233,0.050603702098338664,0.7772145297792222,0.019335221252848686,0.7751345144377815,0.02050999195315955,,,,,,,,,,,,,,,,,,,,,,,,,,,,,,,,,,,,,,,,,,,,,,,,,,,,,,,,,45
CYP3A4_Veith,gat,graph,,,,128.0,0.25,0.01,0.0001,128.0,0.7745156288146973,0.010700650610746286,0.8509275886747573,0.012379764616330467,0.7653537458843656,0.012918204035496405,0.5040977511141035,0.037337463153315785,0.7696801503499349,0.010539380896807702,0.7642920626534356,0.014921944964296939,0.7843200882275899,0.01868443833177295,0.8583146214485169,0.018921422165572358,0.7770523813035753,0.020350361469004964,0.48078552153375415,0.04041745167748716,0.7805482268333435,0.018854122880607595,0.7764611072010464,0.021651113730372044,,,,,,,,,,,,,,,,,,,,,,,,,,,,,,,,,,,,,,,,,,,,,,,,,,,,,,,,,45
CYP3A4_Veith,gat,graph,,,,128.0,0.25,0.01,0.0001,256.0,0.7716680182351007,0.011267323584111574,0.8471279568142361,0.013366244238814558,0.7632337888081868,0.012910781281182341,0.5151023189226787,0.03717608593533676,0.7662104063563877,0.01132352092779027,0.7628721647792392,0.014505544755816087,0.7822835008303325,0.022033620744504077,0.8548462510108947,0.0222948033720594,0.7758332424693637,0.023621300951986023,0.4940017965104845,0.04962207336574937,0.7779122749964397,0.02234941004682983,0.7762070298194885,0.02479909232652154,,,,,,,,,,,,,,,,,,,,,,,,,,,,,,,,,,,,,,,,,,,,,,,,,,,,,,,,,45
CYP3A4_Veith,gat,graph,,,,128.0,0.5,0.001,0.0001,128.0,0.7672974679205152,0.012874687085841635,0.8484133296542697,0.010720151223662275,0.7580905477205913,0.01330448138833531,0.5167873687214322,0.040942779362625414,0.7638300445344713,0.013181629920399968,0.7579349080721537,0.014456353884588156,0.7773091846042209,0.013827017605181867,0.8535310321384006,0.013564420988516915,0.7693705585267808,0.0156192739548644,0.4987559623188443,0.04738665239126311,0.7746527353922527,0.01379879356377991,0.7688996262020535,0.01731252662696795,,,,,,,,,,,,,,,,,,,,,,,,,,,,,,,,,,,,,,,,,,,,,,,,,,,,,,,,,45
CYP3A4_Veith,gat,graph,,,,128.0,0.5,0.001,0.0001,256.0,0.7561142643292745,0.011785491773450535,0.8434694170951843,0.00883721261395654,0.7484502010875278,0.01082967574892175,0.5207797156439887,0.03340777828837876,0.7554826988114252,0.010367993051981508,0.7519496361414592,0.012297459147421889,0.768676217397054,0.012528547064061472,0.8495733035935296,0.010653312924906826,0.762016679180993,0.015054212503584106,0.5061344769265916,0.035433935430478965,0.7684629347589281,0.010280542687597424,0.7650080747074551,0.017846073017515212,,,,,,,,,,,,,,,,,,,,,,,,,,,,,,,,,,,,,,,,,,,,,,,,,,,,,,,,,45
CYP3A4_Veith,gat,graph,,,,128.0,0.5,0.01,0.0001,128.0,0.7629629611968994,0.01295099564731469,0.8397206319702997,0.01453277801313749,0.7541006445884705,0.015537600413575756,0.5177068332831065,0.02371798405616846,0.7580940432018703,0.011833301608740668,0.7543312364154392,0.0173698608747009,0.768730288081699,0.019939676478516535,0.8439406991004944,0.018543790937779987,0.7612218538920085,0.022470241201439336,0.5013507511880663,0.025700206345318152,0.7648829446898566,0.01945956873739233,0.7615594334072537,0.023995280196046194,,,,,,,,,,,,,,,,,,,,,,,,,,,,,,,,,,,,,,,,,,,,,,,,,,,,,,,,,45
CYP3A4_Veith,gat,graph,,,,128.0,0.5,0.01,0.0001,256.0,0.7591691467497084,0.018686763577656917,0.839601907465193,0.013660457766714732,0.7523724582460192,0.016824000796307664,0.5290229909949833,0.03380248119077117,0.7570769124560885,0.014215506110507911,0.7556598557366265,0.01377074790360947,0.7649995512432523,0.019562897991384044,0.8426010423236423,0.01778317111976361,0.7594698680771722,0.01846464468620162,0.5168785909811656,0.03563449356461729,0.7637335273954603,0.016897304251776636,0.7627461870511373,0.016618501321193052,,,,,,,,,,,,,,,,,,,,,,,,,,,,,,,,,,,,,,,,,,,,,,,,,,,,,,,,,45
CYP3A4_Veith,gat,graph,,,,256.0,0.25,0.001,0.0001,128.0,0.7706407149632771,0.009808633369758617,0.8514050775104098,0.010652856165117035,0.7613178941938612,0.012203551344859294,0.5203994671503703,0.04849094170797394,0.7656344532966614,0.009809459944896981,0.7603009753757053,0.014403371915765326,0.7854735533396403,0.019583112931097248,0.8626919468243917,0.01832837088505081,0.7782295359505548,0.0225466200052881,0.48850072622299195,0.051293363120110916,0.7810406910048591,0.018739334746195328,0.7777064204216003,0.024805093665684518,,,,,,,,,,,,,,,,,,,,,,,,,,,,,,,,,,,,,,,,,,,,,,,,,,,,,,,,,45
CYP3A4_Veith,gat,graph,,,,256.0,0.25,0.001,0.0001,256.0,0.7701450824737549,0.007180174317575175,0.8516845332251655,0.007901045589004368,0.7609080076217651,0.010643017590636758,0.5354336162408193,0.08444841573600018,0.7654184659322103,0.006385536410479646,0.7602342632081773,0.01347628488573671,0.7865369002024333,0.018060513919151387,0.8632529126273261,0.01715396006043401,0.7795159194204543,0.020962472182359006,0.5070634563763936,0.08611145646892006,0.7829391492737664,0.017522079699244023,0.7795503417650859,0.02351038457727011,,,,,,,,,,,,,,,,,,,,,,,,,,,,,,,,,,,,,,,,,,,,,,,,,,,,,,,,,45
CYP3A4_Veith,gat,graph,,,,256.0,0.25,0.01,0.0001,128.0,0.7733081009652879,0.011956752189776241,0.8499074035220676,0.013968662637294866,0.764923357963562,0.013208660500818445,0.5172676159275903,0.07318875644782845,0.7673257337676154,0.012243694993815665,0.7641830748981899,0.014090463714044809,0.7834369659423828,0.02407859473279309,0.856172706021203,0.02351101048425009,0.7770808696746826,0.025122978250871692,0.4947776231500838,0.07210161784286233,0.7787536051538255,0.024548184208043458,0.7771927833557128,0.025647331244554695,,,,,,,,,,,,,,,,,,,,,,,,,,,,,,,,,,,,,,,,,,,,,,,,,,,,,,,,,45
CYP3A4_Veith,gat,graph,,,,256.0,0.25,0.01,0.0001,256.0,0.7705596102608575,0.011872096595721164,0.8463245047463311,0.01492034911878723,0.7612490826182895,0.013204003340337283,0.5380982683764564,0.09824589937231248,0.7649248043696085,0.012162857782923012,0.759821543428633,0.01428533322515588,0.7797783215840658,0.025831479067426045,0.8515428834491305,0.02606011046654869,0.7727277861701117,0.02718040322217425,0.5233350164360471,0.10840406668385003,0.7750902069939507,0.02627065232803386,0.7722178936004639,0.02767107668537503,,,,,,,,,,,,,,,,,,,,,,,,,,,,,,,,,,,,,,,,,,,,,,,,,,,,,,,,,45
CYP3A4_Veith,gat,graph,,,,256.0,0.5,0.001,0.0001,128.0,0.7760295629501343,0.008497286717800836,0.8577207247416179,0.007592643443361585,0.7673845224910312,0.009768860515397847,0.5597925768958197,0.13984023375117383,0.7711800946129693,0.00842001189546782,0.766661708884769,0.011431400828830823,0.7914030803574457,0.01604136655081596,0.8694025754928589,0.013756907221970663,0.7849865304099188,0.01775765058862992,0.5227915551927355,0.13143473582983847,0.7877737813525729,0.015772452461461743,0.7852194163534376,0.01968721903650528,,,,,,,,,,,,,,,,,,,,,,,,,,,,,,,,,,,,,,,,,,,,,,,,,,,,,,,,,45
CYP3A4_Veith,gat,graph,,,,256.0,0.5,0.001,0.0001,256.0,0.7600432528389824,0.019390738369060363,0.8435497906472947,0.01973187850372229,0.7527324703004625,0.018073014208185443,0.5469672772619459,0.06909941584700548,0.7577842222319708,0.01747524980864306,0.7553808795081245,0.01671663530215807,0.7690186540285746,0.023574849732110322,0.8489221851030986,0.02492743431674509,0.7629946125878229,0.02391322763897575,0.5289472070005204,0.0708425818868055,0.7674457404348586,0.022179233148841584,0.7656767765680949,0.024086659414084784,,,,,,,,,,,,,,,,,,,,,,,,,,,,,,,,,,,,,,,,,,,,,,,,,,,,,,,,,45
CYP3A4_Veith,gat,graph,,,,256.0,0.5,0.01,0.0001,128.0,0.7713706387413872,0.016447710445298355,0.8481945157051086,0.019012894181425873,0.7615942968262567,0.020149498870799178,0.49737908906406825,0.03674471989179175,0.7665274646547106,0.015378917478091234,0.7604334990183512,0.021473823349400446,0.7756690992249383,0.024064252163153055,0.8508219175868564,0.025032443968711435,0.7674944480260213,0.027229180268804856,0.4844500985410478,0.03699372269610327,0.7719450261857774,0.024079134540987177,0.7667831672562493,0.028217256685166385,,,,,,,,,,,,,,,,,,,,,,,,,,,,,,,,,,,,,,,,,,,,,,,,,,,,,,,,,45
CYP3A4_Veith,gat,graph,,,,256.0,0.5,0.01,0.0001,256.0,0.7756600896517436,0.011882570496743317,0.8534366104337904,0.014236478435965934,0.7671897133191427,0.013316519802380382,0.4958684371577369,0.03815604976031036,0.7699488229221768,0.012169108715605153,0.766340802775489,0.014471601778906015,0.7866810891363356,0.020662451179202925,0.8593893753157722,0.019493293373601988,0.7801483922534519,0.022165358485882088,0.48175427118937175,0.04036887153552683,0.7819492114914788,0.0210684862624397,0.7799338897069296,0.023184235760512227,,,,,,,,,,,,,,,,,,,,,,,,,,,,,,,,,,,,,,,,,,,,,,,,,,,,,,,,,45
CYP3A4_Veith,gcn,graph,,,,128.0,0.25,0.001,0.0001,128.0,0.7641975296868219,0.01096378497485082,0.8421587559911939,0.01267120747961944,0.7545318431324429,0.013492110120902453,0.5215445611211988,0.04401684099166424,0.759369519021776,0.010424435329302659,0.7537954820526971,0.015662689852568325,0.7759033997853597,0.01746739729048887,0.848714910613166,0.019427012803889938,0.7676883829964531,0.01977999758444067,0.5058360291851891,0.05613707067617971,0.7727409693929884,0.017503879432770705,0.7669302913877699,0.021762955062175078,,,,,,,,,,,,,,,,,,,,,,,,,,,,,,,,,,,,,,,,,,,,,,,,,,,,,,,,,45
CYP3A4_Veith,gcn,graph,,,,128.0,0.25,0.001,0.0001,256.0,0.7559430493248833,0.01266573117773785,0.8342320640881856,0.01542224629493654,0.7462703651852078,0.014686503433636507,0.5207528909047444,0.045700636028291636,0.7509258800082736,0.014141042863464265,0.7459669404559666,0.017096666000889577,0.7664413823021783,0.01913200510978708,0.8365299582481385,0.020020836689177313,0.7575654321246676,0.022299989571640536,0.51628338098526,0.05996780172435727,0.7626754403114319,0.01940276437165427,0.7567119479179383,0.02481037503207709,,,,,,,,,,,,,,,,,,,,,,,,,,,,,,,,,,,,,,,,,,,,,,,,,,,,,,,,,45
CYP3A4_Veith,gcn,graph,,,,128.0,0.25,0.01,0.0001,128.0,0.7612778239780003,0.01277908211360578,0.8380720734596252,0.013023123082118924,0.7537151402897305,0.013795019618984163,0.5139683531390296,0.020273457198280023,0.7570631384849549,0.012466483733219243,0.7554965827200147,0.015505794872221897,0.7676669398943583,0.020263656528379415,0.8434031234847175,0.020191119464117828,0.7612551980548434,0.02172671404411821,0.49762433105044895,0.031112690733459732,0.7642607874340481,0.019904098103860866,0.7628967377874586,0.023096509438480073,,,,,,,,,,,,,,,,,,,,,,,,,,,,,,,,,,,,,,,,,,,,,,,,,,,,,,,,,45
CYP3A4_Veith,gcn,graph,,,,128.0,0.25,0.01,0.0001,256.0,0.7612778213289049,0.012630529200371218,0.8367003851466709,0.013601420919106282,0.7535125666194492,0.013418654645112684,0.5202392578125,0.04849193444419991,0.7561201294263203,0.01215751888272979,0.7545780393812391,0.014540871460148368,0.7696314334869385,0.016939179933999553,0.8425638198852539,0.01761601131463873,0.7632377558284336,0.01805469230461554,0.5039251367251079,0.045338429069560426,0.7653662429915534,0.016908065305850616,0.7642659465471904,0.01911321903774335,,,,,,,,,,,,,,,,,,,,,,,,,,,,,,,,,,,,,,,,,,,,,,,,,,,,,,,,,45
CYP3A4_Veith,gcn,graph,,,,128.0,0.5,0.001,0.0001,128.0,0.7623321625921461,0.012173989414630531,0.8433041254679362,0.012480314512338659,0.7550177243020799,0.011756805671788328,0.5306915495130751,0.0414236854971066,0.7600188030136956,0.012261245955045762,0.7577748325135972,0.013694464666255537,0.7705866442786322,0.010196833056110218,0.8473902596367731,0.013835160258631905,0.7640210694736904,0.012705101856506156,0.5152823448181152,0.044601660856074116,0.7684971412022908,0.011280399160957444,0.7660651842753092,0.016974115868282593,,,,,,,,,,,,,,,,,,,,,,,,,,,,,,,,,,,,,,,,,,,,,,,,,,,,,,,,,45
CYP3A4_Veith,gcn,graph,,,,128.0,0.5,0.001,0.0001,256.0,0.7492205103238424,0.015585968596149788,0.8319183548291524,0.011754618897194929,0.7426017575793796,0.013447911594415034,0.5341061949729919,0.02365201896933389,0.7482312586572435,0.013840404460011441,0.7470379034678142,0.012694871892984502,0.7559340397516886,0.009788111417230183,0.8324125978681777,0.011497299189829866,0.7499576807022095,0.010096918782877766,0.5281737407048543,0.02294583426262596,0.754153401321835,0.011083325193685099,0.7531162725554572,0.012730667363194134,,,,,,,,,,,,,,,,,,,,,,,,,,,,,,,,,,,,,,,,,,,,,,,,,,,,,,,,,45
CYP3A4_Veith,gcn,graph,,,,128.0,0.5,0.01,0.0001,128.0,0.7562494383917915,0.010317592790733956,0.8312394751442803,0.01249668874503657,0.7484534912639194,0.010801144391440658,0.5213657716910044,0.01812077481297159,0.7512585322062174,0.010758107798526912,0.7498008648554484,0.012782579767197795,0.7562043772803413,0.012112991301670043,0.8305819484922621,0.014835560779496148,0.749284459484948,0.01384179930424638,0.5154796514246199,0.022479190529170728,0.7519485486878289,0.012707593944327859,0.7504632790883382,0.0162582724896994,,,,,,,,,,,,,,,,,,,,,,,,,,,,,,,,,,,,,,,,,,,,,,,,,,,,,,,,,45
CYP3A4_Veith,gcn,graph,,,,128.0,0.5,0.01,0.0001,256.0,0.74786878824234,0.015944800592318068,0.8287069837252299,0.012732994753706282,0.7426950997776456,0.014942048195210953,0.5395155529181163,0.02598124011956213,0.7463590224583944,0.011623400837666803,0.7484934820069207,0.013585543400215295,0.7514823847346835,0.020653769665702815,0.829184024863773,0.016982799761462736,0.7472377962536282,0.020134214978146277,0.5322397265169355,0.02596379683246888,0.75116302702162,0.017302941397275128,0.7528984202278985,0.018863025938148113,,,,,,,,,,,,,,,,,,,,,,,,,,,,,,,,,,,,,,,,,,,,,,,,,,,,,,,,,45
CYP3A4_Veith,gcn,graph,,,,256.0,0.25,0.001,0.0001,128.0,0.760953410466512,0.011174135428419187,0.8388050331009759,0.012793686785127252,0.7521973768870036,0.011572848254625219,0.5437728941440583,0.09179245613424082,0.7549899286693997,0.012256279347397304,0.7517548163731893,0.012430345722759624,0.7739389035436842,0.022215950526983375,0.8444278081258138,0.023321501715432943,0.7667626142501831,0.023497081253570494,0.5320870286888546,0.1177727408554242,0.7691917075051202,0.02280196633287613,0.766400158405304,0.02417607596545228,,,,,,,,,,,,,,,,,,,,,,,,,,,,,,,,,,,,,,,,,,,,,,,,,,,,,,,,,45
CYP3A4_Veith,gcn,graph,,,,256.0,0.25,0.001,0.0001,256.0,0.7590610106786092,0.013605771463874393,0.8367228322558933,0.014942124942448226,0.7512046933174134,0.014698119059464974,0.5366336120499505,0.052762169495874624,0.7527526775995891,0.014269551110921085,0.7517503354284498,0.01600750066045688,0.7694512049357096,0.023554420500389535,0.8413875102996826,0.024230894260527675,0.7628399928410848,0.024894288262679094,0.5254665719138252,0.06506675734091065,0.7642813881238302,0.024162232978459642,0.7632477601369222,0.025952163814098157,,,,,,,,,,,,,,,,,,,,,,,,,,,,,,,,,,,,,,,,,,,,,,,,,,,,,,,,,45
CYP3A4_Veith,gcn,graph,,,,256.0,0.25,0.01,0.0001,128.0,0.7704604850875006,0.01035632629753321,0.8463365409109328,0.011924451037396271,0.7615421798494127,0.012942003350731038,0.5091753648387061,0.033887581365114945,0.7647826870282491,0.009767466647523294,0.7607241365644667,0.014797589972214245,0.7773632499906752,0.021341607409829298,0.8528189460436503,0.01983280677052861,0.7697240299648709,0.023586502478732722,0.4906687498092651,0.04112532070785537,0.77271947728263,0.021179720455917705,0.7689098980691698,0.024898034089606537,,,,,,,,,,,,,,,,,,,,,,,,,,,,,,,,,,,,,,,,,,,,,,,,,,,,,,,,,45
CYP3A4_Veith,gcn,graph,,,,256.0,0.25,0.01,0.0001,256.0,0.7592142025629679,0.03118691868975616,0.8341737164391412,0.03644357215488284,0.7516696214675903,0.03217891007135923,0.5202799042065939,0.052557990510799575,0.7527717378404405,0.03228086405766899,0.7523692806561788,0.03263182309694343,0.7700639830695258,0.037135731681816574,0.8408470736609565,0.04294128832299,0.7639160818523831,0.03850827541071985,0.5030066642496321,0.055236667884828713,0.7649091204007467,0.03841608369971116,0.7648189637396071,0.03938627970863226,,,,,,,,,,,,,,,,,,,,,,,,,,,,,,,,,,,,,,,,,,,,,,,,,,,,,,,,,45
CYP3A4_Veith,gcn,graph,,,,256.0,0.5,0.001,0.0001,128.0,0.7583220680554708,0.01076595267512714,0.8402140193515354,0.011982943089862884,0.7501993589931064,0.008642497590055448,0.5582474761539036,0.06576125556017885,0.7565281814999051,0.013452464233469104,0.752359308136834,0.010991083494644793,0.76937911245558,0.013079926950845436,0.8444421609242757,0.0157701015919559,0.7624812046686809,0.014483646100848274,0.5443720996379853,0.06929374704567455,0.7678511659304301,0.015092404277009844,0.7643085625436571,0.018087910090253498,,,,,,,,,,,,,,,,,,,,,,,,,,,,,,,,,,,,,,,,,,,,,,,,,,,,,,,,,45
CYP3A4_Veith,gcn,graph,,,,256.0,0.5,0.001,0.0001,256.0,0.7449851300981309,0.02241824363858027,0.8312668681144715,0.01773051091558819,0.7377365986506145,0.020764209043910107,0.5686709695392185,0.05383678761753327,0.7470777908960978,0.01740297911503262,0.7433361676004198,0.018355253829846655,0.7534288565317789,0.02302751789797062,0.8325258082813687,0.02117887267753713,0.7470534125963847,0.02299942759685821,0.5601082119676802,0.0533927323743037,0.7557029763857523,0.018099793944603218,0.7519703295495775,0.021979690788384097,,,,,,,,,,,,,,,,,,,,,,,,,,,,,,,,,,,,,,,,,,,,,,,,,,,,,,,,,45
CYP3A4_Veith,gcn,graph,,,,256.0,0.5,0.01,0.0001,128.0,0.7671082231733534,0.012460722945287758,0.8432656036482917,0.015279305595767314,0.7594821784231398,0.013613786331734658,0.5041236069467333,0.021854833849433278,0.7609501189655727,0.012918713458087082,0.7599301868014865,0.015006873021698687,0.7718842930263943,0.02032685290416615,0.8484019067552354,0.021178766654046954,0.7655789719687568,0.021941034691816807,0.48872616158591375,0.032650265771399484,0.7668466846148173,0.020621334251983002,0.7663780914412605,0.023366689129037287,,,,,,,,,,,,,,,,,,,,,,,,,,,,,,,,,,,,,,,,,,,,,,,,,,,,,,,,,45
CYP3A4_Veith,gcn,graph,,,,256.0,0.5,0.01,0.0001,256.0,0.7584392189979553,0.021662178657958418,0.8360889461305406,0.021116577145467077,0.7483561383353339,0.028050551660410105,0.5128753648863899,0.026336985887209997,0.7534653345743815,0.019843221222244863,0.7485405127207438,0.028492683753319092,0.7651437362035115,0.03014107179643769,0.839635451634725,0.028841551583642044,0.7563099172380235,0.03591658870844706,0.5007452898555331,0.03699281774470385,0.7612395180596245,0.02868615758076656,0.7564895868301391,0.036444328658534246,,,,,,,,,,,,,,,,,,,,,,,,,,,,,,,,,,,,,,,,,,,,,,,,,,,,,,,,,45
CYP3A4_Veith,gin,graph,,,,128.0,0.25,0.001,0.0001,128.0,0.7659457524617513,0.009364947769823497,0.8456547856330872,0.008237413865199677,0.7574363046222263,0.010931334818754435,0.5574960311253866,0.06544943859072219,0.7616962260670133,0.008707736315704836,0.7579377651214599,0.012994950110015169,0.7851671589745416,0.019782564046294155,0.8545558121469286,0.02139693370107712,0.7782607078552246,0.022707898541425915,0.5315528412659963,0.08233620235805833,0.7815556989775764,0.019273195235726043,0.7785778376791213,0.025054383027864283,,,,,,,,,,,,,,,,,,,,,,,,,,,,,,,,,,,,,,,,,,,,,,,,,,,,,,,,,45
CYP3A4_Veith,gin,graph,,,,128.0,0.25,0.001,0.0001,256.0,0.7618004891607496,0.008397109743774637,0.8416492687331305,0.008042582668235725,0.7524078528086344,0.00746085521150415,0.5376915560828315,0.06521461060512948,0.7576697058147854,0.010503922926109846,0.7520033121109009,0.008623141455366311,0.7791655368275112,0.01651978589909654,0.8480257431666056,0.01576140524636071,0.771294875939687,0.019228766056949623,0.5244413183795081,0.07334595812485299,0.7759587685267131,0.015560478379685019,0.7707795010672676,0.021118692196440414,,,,,,,,,,,,,,,,,,,,,,,,,,,,,,,,,,,,,,,,,,,,,,,,,,,,,,,,,45
CYP3A4_Veith,gin,graph,,,,128.0,0.25,0.01,0.0001,128.0,0.7353609071837531,0.05826834820765678,0.807062464290195,0.06782074307809474,0.7245283166567484,0.0633307630344768,0.5447216153144836,0.06602757477695531,0.7277553624576992,0.06096380151653841,0.7246289279725816,0.06306609056093655,0.7453185545073615,0.06507897882794651,0.8140992469257778,0.07202591221091241,0.7358357575204637,0.0706850404815428,0.5278890404436324,0.07630721018906117,0.7391391515731811,0.0673469614158648,0.7361714747216966,0.07020488837997631,,,,,,,,,,,,,,,,,,,,,,,,,,,,,,,,,,,,,,,,,,,,,,,,,,,,,,,,,45
CYP3A4_Veith,gin,graph,,,,128.0,0.25,0.01,0.0001,256.0,0.724673334757487,0.05877627690967872,0.7981265836291843,0.06604769609446544,0.713503368695577,0.0605379394533837,0.5596663256486257,0.08174968032289198,0.721051463815901,0.057709381435778764,0.7148049076398214,0.05857741799094519,0.7316932479540507,0.06400397463232266,0.8017728951242235,0.06988163040777208,0.7219357755449083,0.06685046033314744,0.5493467496501074,0.08518144418551252,0.7298531227641636,0.06249525723162477,0.7238885720570882,0.0648094543522795,,,,,,,,,,,,,,,,,,,,,,,,,,,,,,,,,,,,,,,,,,,,,,,,,,,,,,,,,45
CYP3A4_Veith,gin,graph,,,,128.0,0.5,0.001,0.0001,128.0,0.7613228771421644,0.014321078939259334,0.8414462129275004,0.013449902255215404,0.7512852019733853,0.014932762370793608,0.5507821718851725,0.06787308858710123,0.7584539228015476,0.016548178529955423,0.7509845428996615,0.01663705437315141,0.7741732014550103,0.014527259191012791,0.8472898085912068,0.015402755629710425,0.765281887849172,0.018276143981606933,0.5288736893071069,0.060061056879452394,0.7721150928073459,0.01384712967964896,0.7646156006389194,0.02138882605812716,,,,,,,,,,,,,,,,,,,,,,,,,,,,,,,,,,,,,,,,,,,,,,,,,,,,,,,,,45
CYP3A4_Veith,gin,graph,,,,128.0,0.5,0.001,0.0001,256.0,0.7622150116496615,0.012002547358020515,0.844641915957133,0.009013893366589297,0.7540001511573792,0.010593511843537474,0.5265855272610982,0.0350248590196782,0.7577906794018215,0.013269412915192806,0.7545514358414545,0.010435119537176482,0.7760836309856839,0.014009965669535312,0.8479133738411797,0.012960121166832126,0.7690759407149421,0.01584774621270154,0.5166504912906222,0.041204109839691194,0.7719486037890116,0.014033928389593163,0.7691799216800266,0.017519773737403006,,,,,,,,,,,,,,,,,,,,,,,,,,,,,,,,,,,,,,,,,,,,,,,,,,,,,,,,,45
CYP3A4_Veith,gin,graph,,,,128.0,0.5,0.01,0.0001,128.0,0.7469315979215834,0.04486274955349245,0.8217872500419616,0.05279018797262226,0.7359034485287137,0.04955438936199034,0.5283569170369042,0.052547978224269834,0.7416691237025791,0.04721538721755037,0.7358460969395108,0.04952010737630148,0.7540416293674045,0.04972132147880578,0.8270036657651265,0.05648739535195203,0.7439282457033793,0.05535433622805424,0.5144164277447595,0.060226393615356956,0.7505069639947679,0.05145908136102271,0.7439978321393331,0.05471365155831159,,,,,,,,,,,,,,,,,,,,,,,,,,,,,,,,,,,,,,,,,,,,,,,,,,,,,,,,,45
CYP3A4_Veith,gin,graph,,,,128.0,0.5,0.01,0.0001,256.0,0.7303235093752544,0.06109090916956943,0.8029750532574124,0.06926183944081064,0.7199766278266907,0.06304226501753483,0.5446432802412245,0.0719328703249561,0.7247631814744737,0.06238825157766353,0.7201698078049554,0.06088519344022714,0.736829772260454,0.062472918386133745,0.8076451420783997,0.07061958098910655,0.7274321675300598,0.06513320120496899,0.5350257198015849,0.07643650016741678,0.7333828224076165,0.06354691730962383,0.7279912100897895,0.0627939045883179,,,,,,,,,,,,,,,,,,,,,,,,,,,,,,,,,,,,,,,,,,,,,,,,,,,,,,,,,45
CYP3A4_Veith,gin,graph,,,,256.0,0.25,0.001,0.0001,128.0,0.7682797153790791,0.00968828470576353,0.8438230739699469,0.01344995217639491,0.7582263575659858,0.012932069805462961,0.628577364815606,0.19261010188552813,0.7633888138665094,0.008476132788911085,0.7567740453614129,0.015199412234251839,0.784338108698527,0.0204518072225193,0.8544204473495484,0.022548473074178146,0.776623441113366,0.023261197295216654,0.5922514882352617,0.1915457678904369,0.7803683227962918,0.01972363606979814,0.7756737444135878,0.024796606051053213,,,,,,,,,,,,,,,,,,,,,,,,,,,,,,,,,,,,,,,,,,,,,,,,,,,,,,,,,45
CYP3A4_Veith,gin,graph,,,,256.0,0.25,0.001,0.0001,256.0,0.7635937624507481,0.008278363978501499,0.8418631460931566,0.009739520768840212,0.7537023915184868,0.010918043623946595,0.5711496624681685,0.10572885188923126,0.7591174271371629,0.007730670600063377,0.7528615315755208,0.012967223397662332,0.7788951966497634,0.01740607055829775,0.8498371707068549,0.019239451591363237,0.77077114449607,0.01997777563224557,0.5482913215955099,0.11324359070927784,0.7755352854728699,0.01706352954057708,0.7698347409566243,0.021574038770174157,,,,,,,,,,,,,,,,,,,,,,,,,,,,,,,,,,,,,,,,,,,,,,,,,,,,,,,,,45
CYP3A4_Veith,gin,graph,,,,256.0,0.25,0.01,0.0001,128.0,0.7152113199234009,0.06346609873082933,0.7821391264597575,0.07846994028188665,0.7065013911989,0.06331110132837676,0.5655024276839362,0.07712817713374097,0.7093388901816474,0.06466415508179288,0.7072940760188633,0.061983576678004464,0.7251149031851026,0.06860918315969798,0.7883097900284661,0.08183729796954275,0.7181669725312128,0.06855720466885558,0.5515429476896921,0.08527256698668108,0.7209715551800198,0.06932957064605301,0.719294712278578,0.06718298910205235,,,,,,,,,,,,,,,,,,,,,,,,,,,,,,,,,,,,,,,,,,,,,,,,,,,,,,,,,45
CYP3A4_Veith,gin,graph,,,,256.0,0.25,0.01,0.0001,256.0,0.7136162903573778,0.06690203423996188,0.7823631180657281,0.0793518443694193,0.7055460347069634,0.06877861585125769,0.5617236495018005,0.08241675407600237,0.7077095217174953,0.06720833635118104,0.7079791214731005,0.06793167073850043,0.7231864492098491,0.07171975817096513,0.789783403608534,0.0840941073757889,0.716534267531501,0.07406774445953772,0.5464222649733226,0.09345026638795732,0.7190963546435039,0.07159478990911307,0.7195863525072733,0.07327394180045664,,,,,,,,,,,,,,,,,,,,,,,,,,,,,,,,,,,,,,,,,,,,,,,,,,,,,,,,,45
CYP3A4_Veith,gin,graph,,,,256.0,0.5,0.001,0.0001,128.0,0.7628998862372505,0.007596740087258016,0.8416265500916376,0.01070050067583361,0.7548014442125957,0.00993173013692267,0.5777686927053663,0.11702958635313941,0.7591821855968899,0.008255414063887197,0.7563003129429288,0.014091268455514673,0.7735784477657742,0.013649429762074306,0.8474691430727641,0.017174172060548342,0.7667051540480719,0.017266168458686528,0.5522417214181689,0.11088729685058896,0.7707122405370076,0.014241778006872464,0.7681486739052666,0.021643643812815142,,,,,,,,,,,,,,,,,,,,,,,,,,,,,,,,,,,,,,,,,,,,,,,,,,,,,,,,,45
CYP3A4_Veith,gin,graph,,,,256.0,0.5,0.001,0.0001,256.0,0.7590249631139967,0.011781573797624288,0.8403925763236152,0.008817297651588445,0.7490057786305745,0.015449189547283255,0.5647249963548449,0.05600038259126913,0.756359440750546,0.010560658810843601,0.7495144950018988,0.01805152883586255,0.7704424606429205,0.01744782531942504,0.8454397002855937,0.01686231544884193,0.7618317524592082,0.02233588381247599,0.5450045155154334,0.06067580790402839,0.7680357350243463,0.014862002057239424,0.7619752367337544,0.02470156925611392,,,,,,,,,,,,,,,,,,,,,,,,,,,,,,,,,,,,,,,,,,,,,,,,,,,,,,,,,45
CYP3A4_Veith,gin,graph,,,,256.0,0.5,0.01,0.0001,128.0,0.7152383512920804,0.06374762738723348,0.7866807765430874,0.07493178292581024,0.7022627870241801,0.06852199399054212,0.5585461338361104,0.07670545635462139,0.7111134277449713,0.06367208790319442,0.7037210742632548,0.06603145631731572,0.721816709306505,0.06726061639335111,0.791091083155738,0.0781558676734681,0.7100267529487609,0.07266324621839192,0.5466391616397434,0.08599205848971322,0.7194862935278151,0.06647863397052664,0.7117382764816285,0.06964782458783966,,,,,,,,,,,,,,,,,,,,,,,,,,,,,,,,,,,,,,,,,,,,,,,,,,,,,,,,,45
CYP3A4_Veith,gin,graph,,,,256.0,0.5,0.01,0.0001,256.0,0.7178336448139615,0.06603593287854313,0.7833571222093371,0.07880619105327447,0.7102664271990459,0.06678883931379952,0.5604667352305518,0.08055571225863696,0.7113202068540785,0.06604298458132955,0.7118902722994487,0.06555562802176598,0.7283950673209296,0.07244900693233235,0.7911046319537692,0.08457348651664283,0.7224476324187384,0.07311606813041294,0.5454443818993039,0.0932017320671392,0.7239150842030843,0.07199219443600371,0.7245176302062141,0.07167293382168385,,,,,,,,,,,,,,,,,,,,,,,,,,,,,,,,,,,,,,,,,,,,,,,,,,,,,,,,,45
Caco2_Wang,gat,graph,,,,128.0,0.25,0.001,0.0001,128.0,,,,,,,2.038391966289944,0.658103788993804,,,,,,,,,,,2.241411569383409,0.6678387016090276,,,,,1.1170762406455146,0.21372377438414789,2.0347119569778442,0.6593660162368722,1.1441070013576085,0.18920236556370795,2.24141151242786,0.6678386601786795,,,,,,,,,,,,,,,,,,,,,,,,,,,,,,,,,,,,,,,,,,,,,,,,,45
Caco2_Wang,gat,graph,,,,128.0,0.25,0.001,0.0001,256.0,,,,,,,2.271506396929423,0.6167989625976579,,,,,,,,,,,2.5211520936754015,0.6101344736666732,,,,,1.1800297538439433,0.18224361674490547,2.271506369113922,0.6167989422454061,1.218248228232066,0.17628484224830826,2.5211520115534465,0.6101344486736963,,,,,,,,,,,,,,,,,,,,,,,,,,,,,,,,,,,,,,,,,,,,,,,,,45
Caco2_Wang,gat,graph,,,,128.0,0.25,0.01,0.0001,128.0,,,,,,,1.9672967142528959,0.460350622712943,,,,,,,,,,,2.0018487744861178,0.4021052270450005,,,,,1.104136468304528,0.14954681440984433,1.9649658759435018,0.4726174728010107,1.0750553687413533,0.12262237031644273,2.001848718855116,0.40210518595741124,,,,,,,,,,,,,,,,,,,,,,,,,,,,,,,,,,,,,,,,,,,,,,,,,45
Caco2_Wang,gat,graph,,,,128.0,0.25,0.01,0.0001,256.0,,,,,,,2.340198193656074,0.40085755406401324,,,,,,,,,,,2.35765114625295,0.31683501398500696,,,,,1.2182107236650255,0.12931715620160597,2.3401981353759767,0.4008575607653967,1.1753787252638075,0.09775348421747578,2.3576510985692343,0.31683502654241286,,,,,,,,,,,,,,,,,,,,,,,,,,,,,,,,,,,,,,,,,,,,,,,,,45
Caco2_Wang,gat,graph,,,,128.0,0.5,0.001,0.0001,128.0,,,,,,,3.017208295398288,1.1645959788659679,,,,,,,,,,,3.256698015001085,1.0890510231832569,,,,,1.3505780988269382,0.2534744207517945,3.001791927549574,1.1425107362902809,1.41272249089347,0.26336067310168343,3.256697922282749,1.0890510163733191,,,,,,,,,,,,,,,,,,,,,,,,,,,,,,,,,,,,,,,,,,,,,,,,,45
Caco2_Wang,gat,graph,,,,128.0,0.5,0.001,0.0001,256.0,,,,,,,3.387844909562005,1.0570041865569562,,,,,,,,,,,3.7935480329725477,0.9604928519655294,,,,,1.4339285532633463,0.2389822342017758,3.387844811545478,1.0570041588897796,1.5087696101930406,0.2423620338392183,3.793547852834066,0.9604927740862406,,,,,,,,,,,,,,,,,,,,,,,,,,,,,,,,,,,,,,,,,,,,,,,,,45
Caco2_Wang,gat,graph,,,,128.0,0.5,0.01,0.0001,128.0,,,,,,,3.0496136797799003,1.2958577399751188,,,,,,,,,,,3.1120288954840767,1.140589780893506,,,,,1.3696420523855422,0.26869945800480577,3.0394480016496446,1.216231451490792,1.3725124094221326,0.307194711112638,3.1120287471347385,1.1405896424654411,,,,,,,,,,,,,,,,,,,,,,,,,,,,,,,,,,,,,,,,,,,,,,,,,45
Caco2_Wang,gat,graph,,,,128.0,0.5,0.01,0.0001,256.0,,,,,,,2.9476861556371055,0.6734599806950538,,,,,,,,,,,2.9772678958045113,0.7083784244127213,,,,,1.3572806530528598,0.1805402128012461,2.9476861476898195,0.6734599813547812,1.3443641357951694,0.22235493349577987,2.977267861366272,0.7083784232708583,,,,,,,,,,,,,,,,,,,,,,,,,,,,,,,,,,,,,,,,,,,,,,,,,45
Caco2_Wang,gat,graph,,,,256.0,0.25,0.001,0.0001,128.0,,,,,,,2.0492525736490887,0.48486056948714795,,,,,,,,,,,2.2403549247317844,0.33088549449376226,,,,,1.1180691281954447,0.15288166928740146,2.0387829144795737,0.478316437456365,1.1402541014883254,0.11170163969137517,2.240354882346259,0.33088546615445863,,,,,,,,,,,,,,,,,,,,,,,,,,,,,,,,,,,,,,,,,,,,,,,,,45
Caco2_Wang,gat,graph,,,,256.0,0.25,0.001,0.0001,256.0,,,,,,,2.5342393769158256,0.3775589657150203,,,,,,,,,,,2.7347470839818318,0.6197979383683809,,,,,1.2617198944091796,0.10918531917080702,2.534239313337538,0.37755894670586976,1.2745209746890598,0.14718531938825186,2.734746985965305,0.6197979806419535,,,,,,,,,,,,,,,,,,,,,,,,,,,,,,,,,,,,,,,,,,,,,,,,,45
Caco2_Wang,gat,graph,,,,256.0,0.25,0.01,0.0001,128.0,,,,,,,2.199923128551907,0.4068776371879811,,,,,,,,,,,2.210325996081034,0.3272731819765102,,,,,1.1898611201180351,0.13044465116828305,2.2405355824364555,0.42144337094971984,1.1260687311490376,0.10314752747464054,2.210325969590081,0.32727319152430534,,,,,,,,,,,,,,,,,,,,,,,,,,,,,,,,,,,,,,,,,,,,,,,,,45
Caco2_Wang,gat,graph,,,,256.0,0.25,0.01,0.0001,256.0,,,,,,,2.584502903620402,0.25476493957629937,,,,,,,,,,,2.480874771542019,0.22989566256255917,,,,,1.2995450576146443,0.07042085787828435,2.5845028162002563,0.25476492740579904,1.210549651251899,0.05961293155540467,2.4808747079637317,0.22989563685423867,,,,,,,,,,,,,,,,,,,,,,,,,,,,,,,,,,,,,,,,,,,,,,,,,45
Caco2_Wang,gat,graph,,,,256.0,0.5,0.001,0.0001,128.0,,,,,,,3.7466736131244236,1.3318019193772623,,,,,,,,,,,3.8006559636857773,0.9473044247157029,,,,,1.5077701727549235,0.26643607732902,3.711878800392151,1.3378276361582941,1.5252403100331624,0.22521819010082542,3.8006558630201552,0.9473043567360121,,,,,,,,,,,,,,,,,,,,,,,,,,,,,,,,,,,,,,,,,,,,,,,,,45
Caco2_Wang,gat,graph,,,,256.0,0.5,0.001,0.0001,256.0,,,,,,,5.011131466759576,2.2642678457324394,,,,,,,,,,,4.677745554182264,1.9664299967457295,,,,,1.729137537214491,0.3066280586529299,5.011131371392144,2.2642678817910284,1.6910330560472278,0.31249245961554883,4.677745368745592,1.9664300002425548,,,,,,,,,,,,,,,,,,,,,,,,,,,,,,,,,,,,,,,,,,,,,,,,,45
Caco2_Wang,gat,graph,,,,256.0,0.5,0.01,0.0001,128.0,,,,,,,2.292630248599582,0.46631450629861687,,,,,,,,,,,2.292081427574158,0.3867645562146694,,,,,1.219470610883501,0.14457889068143814,2.313906272252401,0.4928092112209209,1.1498037642902799,0.11589159161325335,2.2920813613467748,0.38676451259117994,,,,,,,,,,,,,,,,,,,,,,,,,,,,,,,,,,,,,,,,,,,,,,,,,45
Caco2_Wang,gat,graph,,,,256.0,0.5,0.01,0.0001,256.0,,,,,,,2.5538220352596706,0.30295172744505233,,,,,,,,,,,2.4334890630510118,0.20976623851114234,,,,,1.2913091368145413,0.07297852508435444,2.553822003470527,0.30295176527453704,1.200824334886339,0.06192623644521632,2.4334889941745335,0.20976628004858947,,,,,,,,,,,,,,,,,,,,,,,,,,,,,,,,,,,,,,,,,,,,,,,,,45
Caco2_Wang,gcn,graph,,,,128.0,0.25,0.001,0.0001,128.0,,,,,,,2.089768166012234,0.45647670425539905,,,,,,,,,,,2.5405398978127374,0.5411883580840084,,,,,1.1475645727581447,0.14351337271205733,2.109623490439521,0.45204007631820786,1.2188237534628974,0.1375762827477477,2.5405398342344494,0.5411883180529546,,,,,,,,,,,,,,,,,,,,,,,,,,,,,,,,,,,,,,,,,,,,,,,,,45
Caco2_Wang,gcn,graph,,,,128.0,0.25,0.001,0.0001,256.0,,,,,,,2.2625845432281495,0.47193063839554467,,,,,,,,,,,2.6724805355072023,0.3568744220755472,,,,,1.185801453060574,0.1345434499762863,2.262584506140815,0.4719306421858775,1.2667237652672663,0.09383600832510869,2.672480437490675,0.35687441481403365,,,,,,,,,,,,,,,,,,,,,,,,,,,,,,,,,,,,,,,,,,,,,,,,,45
Caco2_Wang,gcn,graph,,,,128.0,0.25,0.01,0.0001,128.0,,,,,,,2.2134933299488493,0.5793518747482834,,,,,,,,,,,2.1708147472805446,0.4145507868613727,,,,,1.1750908811887106,0.16573298647424986,2.193278549777137,0.5319079461358306,1.1307185808817546,0.13682513607016836,2.170814718140496,0.41455077578842936,,,,,,,,,,,,,,,,,,,,,,,,,,,,,,,,,,,,,,,,,,,,,,,,,45
Caco2_Wang,gcn,graph,,,,128.0,0.25,0.01,0.0001,256.0,,,,,,,2.6421067635218303,0.43696428369000034,,,,,,,,,,,2.5709788216484917,0.2931445485167342,,,,,1.2982226504219903,0.11644153470058784,2.6421067078908282,0.43696430177956697,1.2386034409205118,0.08414829015303787,2.5709787368774415,0.2931445199300474,,,,,,,,,,,,,,,,,,,,,,,,,,,,,,,,,,,,,,,,,,,,,,,,,45
Caco2_Wang,gcn,graph,,,,128.0,0.5,0.001,0.0001,128.0,,,,,,,3.0695180654525758,0.8907093017316119,,,,,,,,,,,3.6441981580522325,1.3005373215325005,,,,,1.4031355884340075,0.23082807783093542,3.1468446890513104,0.9873406458219464,1.467020312945048,0.2338791163719252,3.6441981739468043,1.3005373317317297,,,,,,,,,,,,,,,,,,,,,,,,,,,,,,,,,,,,,,,,,,,,,,,,,45
Caco2_Wang,gcn,graph,,,,128.0,0.5,0.001,0.0001,256.0,,,,,,,3.569038963317871,1.0659060399400901,,,,,,,,,,,3.8530697769588893,1.3008332041123873,,,,,1.513561209042867,0.23348026609690994,3.5690388732486302,1.0659059343580748,1.5401694244808621,0.25665660627905595,3.8530696445041235,1.300833103246577,,,,,,,,,,,,,,,,,,,,,,,,,,,,,,,,,,,,,,,,,,,,,,,,,45
Caco2_Wang,gcn,graph,,,,128.0,0.5,0.01,0.0001,128.0,,,,,,,5.2264138884014555,3.9897453425782117,,,,,,,,,,,4.988155651092529,3.5126041918961377,,,,,1.705580515331692,0.6134041009506792,5.1030357970131766,3.7382238773752596,1.7059200167655946,0.6640142678728744,4.988155526585049,3.5126041406711663,,,,,,,,,,,,,,,,,,,,,,,,,,,,,,,,,,,,,,,,,,,,,,,,,45
Caco2_Wang,gcn,graph,,,,128.0,0.5,0.01,0.0001,256.0,,,,,,,3.938424849510193,2.165223773900759,,,,,,,,,,,3.8217522912555273,2.0770927788838898,,,,,1.5387488974465264,0.38012243830293335,3.9384247673882378,2.1652237280737436,1.5154663589265611,0.4144880397020458,3.821752161449856,2.0770926077343876,,,,,,,,,,,,,,,,,,,,,,,,,,,,,,,,,,,,,,,,,,,,,,,,,45
Caco2_Wang,gcn,graph,,,,256.0,0.25,0.001,0.0001,128.0,,,,,,,2.0703668038050336,0.4322397004672856,,,,,,,,,,,2.5358118931452434,0.3481010937054416,,,,,1.1412442167599997,0.1470967054303568,2.1034178071551852,0.43420062402102805,1.2186066097683377,0.09512989050582141,2.535811842812432,0.3481010760340017,,,,,,,,,,,,,,,,,,,,,,,,,,,,,,,,,,,,,,,,,,,,,,,,,45
Caco2_Wang,gcn,graph,,,,256.0,0.25,0.001,0.0001,256.0,,,,,,,2.506882588068644,0.35058888502052304,,,,,,,,,,,2.9473169803619386,0.2595726689226254,,,,,1.2641232411066692,0.0992073765044679,2.506882513893975,0.35058889180766173,1.3266419198777941,0.08326590327023672,2.9473169803619386,0.25957269191439686,,,,,,,,,,,,,,,,,,,,,,,,,,,,,,,,,,,,,,,,,,,,,,,,,45
Caco2_Wang,gcn,graph,,,,256.0,0.25,0.01,0.0001,128.0,,,,,,,2.5040163464016385,0.28422892664215677,,,,,,,,,,,2.4652558697594538,0.20125025622865614,,,,,1.2890129036373563,0.08097728537699503,2.559566683239407,0.3035024295484527,1.2059857368469238,0.06102355888462628,2.46525583797031,0.20125020017299727,,,,,,,,,,,,,,,,,,,,,,,,,,,,,,,,,,,,,,,,,,,,,,,,,45
Caco2_Wang,gcn,graph,,,,256.0,0.25,0.01,0.0001,256.0,,,,,,,2.897994873258803,0.24918893677987064,,,,,,,,,,,2.679260428746541,0.13325869586818695,,,,,1.3618001884884305,0.03647906539900781,2.897994777891371,0.24918893324454944,1.2578161504533556,0.031175121530227213,2.6792603651682536,0.13325872695034519,,,,,,,,,,,,,,,,,,,,,,,,,,,,,,,,,,,,,,,,,,,,,,,,,45
Caco2_Wang,gcn,graph,,,,256.0,0.5,0.001,0.0001,128.0,,,,,,,3.288493898179796,1.555288888492828,,,,,,,,,,,3.8834935082329642,1.7401509135679376,,,,,1.4336678001615737,0.3148998464076181,3.305121167500814,1.5689691844607554,1.5364069885677762,0.3397598985266658,3.883493423461914,1.7401510195035417,,,,,,,,,,,,,,,,,,,,,,,,,,,,,,,,,,,,,,,,,,,,,,,,,45
Caco2_Wang,gcn,graph,,,,256.0,0.5,0.001,0.0001,256.0,,,,,,,3.8657880200280084,1.0688889939045911,,,,,,,,,,,4.374582195281983,1.273617173783189,,,,,1.5512707339392768,0.21428062977565554,3.865787887573242,1.0688888903185394,1.6087797164916993,0.24865004693301931,4.37458209461636,1.2736171307496487,,,,,,,,,,,,,,,,,,,,,,,,,,,,,,,,,,,,,,,,,,,,,,,,,45
Caco2_Wang,gcn,graph,,,,256.0,0.5,0.01,0.0001,128.0,,,,,,,8.924888759189182,18.78113559483526,,,,,,,,,,,8.099565405315824,16.395119214764666,,,,,1.8477509339650473,1.7190976298607925,8.639400535159641,17.85754435984231,1.7680067353778415,1.6845379810422114,8.099564949671427,16.395118013839554,,,,,,,,,,,,,,,,,,,,,,,,,,,,,,,,,,,,,,,,,,,,,,,,,45
Caco2_Wang,gcn,graph,,,,256.0,0.5,0.01,0.0001,256.0,,,,,,,2.8502978324890136,0.5686338760560115,,,,,,,,,,,2.7120139916737873,0.4633458902570245,,,,,1.3718094931708442,0.15444439077436395,2.850297779507107,0.5686338931402367,1.2795446952184042,0.14048292727273626,2.712013906902737,0.46334583496572135,,,,,,,,,,,,,,,,,,,,,,,,,,,,,,,,,,,,,,,,,,,,,,,,,45
Caco2_Wang,gin,graph,,,,128.0,0.25,0.001,0.0001,128.0,,,,,,,1.7929528130425347,0.3977327263292319,,,,,,,,,,,2.081245173348321,0.38810009703070303,,,,,1.0746109896235996,0.1179949406322741,1.8144051763746474,0.38314172095234833,1.1204194254345363,0.1053115961112028,2.081245093875461,0.38810005796812697,,,,,,,,,,,,,,,,,,,,,,,,,,,,,,,,,,,,,,,,,,,,,,,,,45
Caco2_Wang,gin,graph,,,,128.0,0.25,0.001,0.0001,256.0,,,,,,,2.33765074412028,0.7172782082461593,,,,,,,,,,,2.7874586900075276,0.8568635755662077,,,,,1.215255892276764,0.1985626983946885,2.3376506196127997,0.7172781622225891,1.2877964284684924,0.19501527535216948,2.787458644972907,0.8568635879951266,,,,,,,,,,,,,,,,,,,,,,,,,,,,,,,,,,,,,,,,,,,,,,,,,45
Caco2_Wang,gin,graph,,,,128.0,0.25,0.01,0.0001,128.0,,,,,,,2.622981060875787,0.21874152994231133,,,,,,,,,,,2.5442625469631617,0.16314853813075528,,,,,1.3258241097132364,0.06021722606207577,2.6968225691053602,0.25156391247678905,1.224568321969774,0.045249266419285096,2.5442624939812553,0.1631485247239994,,,,,,,,,,,,,,,,,,,,,,,,,,,,,,,,,,,,,,,,,,,,,,,,,45
Caco2_Wang,gin,graph,,,,128.0,0.25,0.01,0.0001,256.0,,,,,,,2.899813005659315,0.06939439712558076,,,,,,,,,,,2.703581232494778,0.0764404142658327,,,,,1.3743940936194525,0.016035099812037185,2.8998128890991213,0.06939441184550112,1.268501212861803,0.01805159460475382,2.7035811689164904,0.07644040624356943,,,,,,,,,,,,,,,,,,,,,,,,,,,,,,,,,,,,,,,,,,,,,,,,,45
Caco2_Wang,gin,graph,,,,128.0,0.5,0.001,0.0001,128.0,,,,,,,3.6353167480892603,2.2057897539461817,,,,,,,,,,,4.336745972103543,2.692600340603934,,,,,1.4843700408935547,0.41347014541577887,3.625398132536146,2.194999142491038,1.5906529002719456,0.4998315551993638,4.336745908525255,2.6926003763664412,,,,,,,,,,,,,,,,,,,,,,,,,,,,,,,,,,,,,,,,,,,,,,,,,45
Caco2_Wang,gin,graph,,,,128.0,0.5,0.001,0.0001,256.0,,,,,,,4.275555483500162,1.4959427163902976,,,,,,,,,,,4.809239535861545,2.1784732058430274,,,,,1.627773732609219,0.2650202085195924,4.275555353694492,1.4959426277830117,1.7004787948396471,0.37204917494891715,4.809239506721497,2.17847320796179,,,,,,,,,,,,,,,,,,,,,,,,,,,,,,,,,,,,,,,,,,,,,,,,,45
Caco2_Wang,gin,graph,,,,128.0,0.5,0.01,0.0001,128.0,,,,,,,4.314948927031623,4.654931851067279,,,,,,,,,,,4.150953992207845,4.059374092029994,,,,,1.5170554558436076,0.5815023899273808,4.238051581382751,4.355219902200898,1.489747945467631,0.6387402442470863,4.150953838560317,4.059373871012752,,,,,,,,,,,,,,,,,,,,,,,,,,,,,,,,,,,,,,,,,,,,,,,,,45
Caco2_Wang,gin,graph,,,,128.0,0.5,0.01,0.0001,256.0,,,,,,,3.367251001463996,2.0167700149430616,,,,,,,,,,,3.387279748916626,2.365421047565081,,,,,1.4295243475172255,0.3367199775717237,3.3672508849038016,2.016769894019385,1.3741972790824042,0.42559224085839026,3.3872797012329103,2.3654211490565875,,,,,,,,,,,,,,,,,,,,,,,,,,,,,,,,,,,,,,,,,,,,,,,,,45
Caco2_Wang,gin,graph,,,,256.0,0.25,0.001,0.0001,128.0,,,,,,,2.461066481802199,0.5097270503468665,,,,,,,,,,,2.7167093250486585,0.4343452061097568,,,,,1.2439082357618543,0.11069688872926098,2.4417903661727904,0.47722025096977017,1.2999128580093384,0.11235924628032756,2.7167092932595147,0.43434518154421015,,,,,,,,,,,,,,,,,,,,,,,,,,,,,,,,,,,,,,,,,,,,,,,,,45
Caco2_Wang,gin,graph,,,,256.0,0.25,0.001,0.0001,256.0,,,,,,,2.7089082400004068,0.4823289441107343,,,,,,,,,,,2.8748423364427356,0.39973841587298015,,,,,1.3142487208048503,0.12437840238965055,2.708908192316691,0.48232892939652294,1.342517450120714,0.0878343431579939,2.8748423470391167,0.399738401846561,,,,,,,,,,,,,,,,,,,,,,,,,,,,,,,,,,,,,,,,,,,,,,,,,45
Caco2_Wang,gin,graph,,,,256.0,0.25,0.01,0.0001,128.0,,,,,,,2.7743521955278183,0.06175894829055482,,,,,,,,,,,2.655217276679145,0.05990441182065452,,,,,1.359372854232788,0.016745585200572916,2.8627089235517715,0.060192669502582126,1.255096599790785,0.015980510019678585,2.6552172183990477,0.05990445338563439,,,,,,,,,,,,,,,,,,,,,,,,,,,,,,,,,,,,,,,,,,,,,,,,,45
Caco2_Wang,gin,graph,,,,256.0,0.25,0.01,0.0001,256.0,,,,,,,2.9024473243289526,0.06383976576055407,,,,,,,,,,,2.6940823607974584,0.06218053155987941,,,,,1.3666597684224446,0.0194660262733224,2.902447228961521,0.06383977173462294,1.2646617439058092,0.01701301610400886,2.694082249535455,0.06218050407184384,,,,,,,,,,,,,,,,,,,,,,,,,,,,,,,,,,,,,,,,,,,,,,,,,45
Caco2_Wang,gin,graph,,,,256.0,0.5,0.001,0.0001,128.0,,,,,,,5.3227821720971,2.0021656332614457,,,,,,,,,,,5.437802203496298,1.9286369695351924,,,,,1.7907194958792791,0.3500463055331015,5.173339758978949,1.8962058883181585,1.8625559833314684,0.39977221507413013,5.4378020551469595,1.9286369319933447,,,,,,,,,,,,,,,,,,,,,,,,,,,,,,,,,,,,,,,,,,,,,,,,,45
Caco2_Wang,gin,graph,,,,256.0,0.5,0.001,0.0001,256.0,,,,,,,5.657385100258721,1.6958985193138314,,,,,,,,,,,5.780091079076131,1.765120693766578,,,,,1.8472262673907809,0.270591615231185,5.6573851108551025,1.6958985571561882,1.9116947412490846,0.3383716037273537,5.780091041988797,1.7651207239604354,,,,,,,,,,,,,,,,,,,,,,,,,,,,,,,,,,,,,,,,,,,,,,,,,45
Caco2_Wang,gin,graph,,,,256.0,0.5,0.01,0.0001,128.0,,,,,,,2.7704556783040366,0.045890045750527436,,,,,,,,,,,2.6557977623409696,0.050319131796048945,,,,,1.3611765384674073,0.014853591091595333,2.861440149943034,0.048705746053127774,1.2543430354860094,0.01405427892764177,2.6557977040608725,0.050319110732389344,,,,,,,,,,,,,,,,,,,,,,,,,,,,,,,,,,,,,,,,,,,,,,,,,45
Caco2_Wang,gin,graph,,,,256.0,0.5,0.01,0.0001,256.0,,,,,,,2.903821012708876,0.05195467653307614,,,,,,,,,,,2.693787595960829,0.053905976385643,,,,,1.3647714853286743,0.02169648502986313,2.9038210021124944,0.051954686549082446,1.263618705007765,0.017466258530561177,2.6937875588734945,0.053905987194390284,,,,,,,,,,,,,,,,,,,,,,,,,,,,,,,,,,,,,,,,,,,,,,,,,45
Clearance_Hepatocyte_AZ,gat,graph,,,,128.0,0.25,0.001,0.0001,128.0,,,,,,,2544.9715169270835,97.595091298286,,,,,,,,,,,2292.7805121527776,81.145722018013,,,,,36.16277872721354,1.3025914412042245,2546.781515842014,95.42422779160589,35.782300313313804,1.0341303335862935,2292.780615234375,81.14572483825485,,,,,,,,,,,,,,,,,,,,,,,,,,,,,,,,,,,,,,,,,,,,,,,,,45
Clearance_Hepatocyte_AZ,gat,graph,,,,128.0,0.25,0.001,0.0001,256.0,,,,,,,2544.8444715711807,107.49807620222339,,,,,,,,,,,2296.542268880208,120.3809366018721,,,,,36.7084361606174,0.9904627305498241,2544.8445855034724,107.4980848098869,36.33973117404514,0.8167331692762757,2296.542404513889,120.38091374580819,,,,,,,,,,,,,,,,,,,,,,,,,,,,,,,,,,,,,,,,,,,,,,,,,45
Clearance_Hepatocyte_AZ,gat,graph,,,,128.0,0.25,0.01,0.0001,128.0,,,,,,,2708.014404296875,283.68543501192465,,,,,,,,,,,2417.6390733506946,236.3292936062267,,,,,36.614068264431424,2.396942435783505,2708.4396484375,289.41094332147503,35.08010423448351,1.3897640138782879,2417.639225260417,236.32929769341897,,,,,,,,,,,,,,,,,,,,,,,,,,,,,,,,,,,,,,,,,,,,,,,,,45
Clearance_Hepatocyte_AZ,gat,graph,,,,128.0,0.25,0.01,0.0001,256.0,,,,,,,2587.8174641927085,140.64246297992605,,,,,,,,,,,2396.032430013021,159.69569907022083,,,,,35.88293906317817,1.607303085658646,2587.8175998263887,140.64249600904907,35.69294976128472,1.294855843897833,2396.0325792100693,159.6957260318935,,,,,,,,,,,,,,,,,,,,,,,,,,,,,,,,,,,,,,,,,,,,,,,,,45
Clearance_Hepatocyte_AZ,gat,graph,,,,128.0,0.5,0.001,0.0001,128.0,,,,,,,2570.7060384114584,112.24335736033953,,,,,,,,,,,2350.9661024305556,74.27690603657774,,,,,37.70551732381185,1.8880955928627365,2572.023372395833,109.66223510599391,37.24383917914496,1.8035751552654486,2350.966243489583,74.27681709276652,,,,,,,,,,,,,,,,,,,,,,,,,,,,,,,,,,,,,,,,,,,,,,,,,45
Clearance_Hepatocyte_AZ,gat,graph,,,,128.0,0.5,0.001,0.0001,256.0,,,,,,,2565.518131510417,101.1459985823003,,,,,,,,,,,2422.9442328559026,178.14200573845088,,,,,38.45622092352973,1.9443685816343377,2565.518245442708,101.14602198863341,38.78255666097005,2.542720526667594,2422.944314236111,178.1420534645221,,,,,,,,,,,,,,,,,,,,,,,,,,,,,,,,,,,,,,,,,,,,,,,,,45
Clearance_Hepatocyte_AZ,gat,graph,,,,128.0,0.5,0.01,0.0001,128.0,,,,,,,2592.7768500434026,143.94871391064112,,,,,,,,,,,2380.297097439236,154.53458255284863,,,,,36.78253851996528,2.1153121358843343,2592.8173448350694,144.0176446389975,36.22821807861328,1.2573777735522402,2380.2972276475693,154.53454803749284,,,,,,,,,,,,,,,,,,,,,,,,,,,,,,,,,,,,,,,,,,,,,,,,,45
Clearance_Hepatocyte_AZ,gat,graph,,,,128.0,0.5,0.01,0.0001,256.0,,,,,,,2557.0344075520834,91.52811886387073,,,,,,,,,,,2394.515825737847,110.2816756194552,,,,,36.517824215359155,2.118330150499246,2557.0345106336804,91.52811781959656,36.49794133504232,1.8881829411946627,2394.515934244792,110.2816997639726,,,,,,,,,,,,,,,,,,,,,,,,,,,,,,,,,,,,,,,,,,,,,,,,,45
Clearance_Hepatocyte_AZ,gat,graph,,,,256.0,0.25,0.001,0.0001,128.0,,,,,,,2544.6087456597224,84.96368435998271,,,,,,,,,,,2283.6022894965276,99.90422769513079,,,,,35.91977013481988,1.3414285977088365,2545.167545572917,86.00157658228035,35.08826285468207,0.7890852964381873,2283.6023871527777,99.90426130168336,,,,,,,,,,,,,,,,,,,,,,,,,,,,,,,,,,,,,,,,,,,,,,,,,45
Clearance_Hepatocyte_AZ,gat,graph,,,,256.0,0.25,0.001,0.0001,256.0,,,,,,,2633.890576171875,137.33018391088834,,,,,,,,,,,2305.554074435764,111.18728678039496,,,,,36.396110195583766,0.961622249157646,2633.890668402778,137.33021651112168,35.16688486735026,1.6042121302638797,2305.55419921875,111.18730678779869,,,,,,,,,,,,,,,,,,,,,,,,,,,,,,,,,,,,,,,,,,,,,,,,,45
Clearance_Hepatocyte_AZ,gat,graph,,,,256.0,0.25,0.01,0.0001,128.0,,,,,,,2655.9055230034724,199.63401690167092,,,,,,,,,,,2458.5567762586807,176.7272127421658,,,,,35.856819576687286,1.368852178594804,2656.845193142361,201.33927609770373,35.572520870632594,0.7744691134896736,2458.556841362847,176.72722485717952,,,,,,,,,,,,,,,,,,,,,,,,,,,,,,,,,,,,,,,,,,,,,,,,,45
Clearance_Hepatocyte_AZ,gat,graph,,,,256.0,0.25,0.01,0.0001,256.0,,,,,,,2859.3289605034724,343.76418792682404,,,,,,,,,,,2813.5660047743054,378.4318645968318,,,,,36.305389912923175,1.2139437232716954,2859.329052734375,343.76418437431755,36.74821378919813,1.3134285347002677,2813.5661458333334,378.43194329764856,,,,,,,,,,,,,,,,,,,,,,,,,,,,,,,,,,,,,,,,,,,,,,,,,45
Clearance_Hepatocyte_AZ,gat,graph,,,,256.0,0.5,0.001,0.0001,128.0,,,,,,,2532.9039008246527,112.25904960778358,,,,,,,,,,,2315.0118055555554,78.57123029367695,,,,,36.93236516316732,1.5257621114170536,2532.4046983506946,112.69290525810297,36.49351687961155,1.7615938323136369,2315.0119357638887,78.5712229347637,,,,,,,,,,,,,,,,,,,,,,,,,,,,,,,,,,,,,,,,,,,,,,,,,45
Clearance_Hepatocyte_AZ,gat,graph,,,,256.0,0.5,0.001,0.0001,256.0,,,,,,,2612.212136501736,116.32738718584349,,,,,,,,,,,2350.6740125868055,110.1890072684955,,,,,38.25016979641384,1.5153917210598913,2612.21220703125,116.32734630984375,37.57795681423611,1.9903559389045586,2350.6740831163193,110.18893708792858,,,,,,,,,,,,,,,,,,,,,,,,,,,,,,,,,,,,,,,,,,,,,,,,,45
Clearance_Hepatocyte_AZ,gat,graph,,,,256.0,0.5,0.01,0.0001,128.0,,,,,,,2645.287798394097,112.80397667759176,,,,,,,,,,,2474.087836371528,141.05839170470406,,,,,35.713772243923614,1.4816786804070368,2646.0623372395835,114.75708422951111,35.56834954155816,0.9800708758129651,2474.087955729167,141.0584200775933,,,,,,,,,,,,,,,,,,,,,,,,,,,,,,,,,,,,,,,,,,,,,,,,,45
Clearance_Hepatocyte_AZ,gat,graph,,,,256.0,0.5,0.01,0.0001,256.0,,,,,,,2812.174983723958,347.82388388259346,,,,,,,,,,,2722.0605848524306,372.81992947663673,,,,,36.23071712917752,1.2421113946847027,2812.175027126736,347.82391954045596,36.53976787990994,1.091955335743561,2722.060671657986,372.81993317103803,,,,,,,,,,,,,,,,,,,,,,,,,,,,,,,,,,,,,,,,,,,,,,,,,45
Clearance_Hepatocyte_AZ,gcn,graph,,,,128.0,0.25,0.001,0.0001,128.0,,,,,,,2611.0625922309027,99.84521924086194,,,,,,,,,,,2349.6214735243057,121.52886470146831,,,,,36.76897642347548,1.3603269046577255,2613.7752495659724,97.74043772967036,35.89422124226888,1.5055788244711448,2349.6215549045137,121.52886984799385,,,,,,,,,,,,,,,,,,,,,,,,,,,,,,,,,,,,,,,,,,,,,,,,,45
Clearance_Hepatocyte_AZ,gcn,graph,,,,128.0,0.25,0.001,0.0001,256.0,,,,,,,2587.3408203125,168.5770546718911,,,,,,,,,,,2367.9415147569443,236.23942505368635,,,,,36.83843443128798,1.0695492820044468,2587.3409613715276,168.57717221626493,36.544854482014976,1.6281528073701763,2367.941617838542,236.23939592892089,,,,,,,,,,,,,,,,,,,,,,,,,,,,,,,,,,,,,,,,,,,,,,,,,45
Clearance_Hepatocyte_AZ,gcn,graph,,,,128.0,0.25,0.01,0.0001,128.0,,,,,,,2640.633376736111,151.6808035634067,,,,,,,,,,,2431.415104166667,129.6374721574375,,,,,35.7949823167589,1.2372206192745525,2642.5064507378474,152.34649988357975,35.63458150227864,1.4636709175640443,2431.4152533637152,129.63743788606746,,,,,,,,,,,,,,,,,,,,,,,,,,,,,,,,,,,,,,,,,,,,,,,,,45
Clearance_Hepatocyte_AZ,gcn,graph,,,,128.0,0.25,0.01,0.0001,256.0,,,,,,,2694.395453559028,203.88549680812093,,,,,,,,,,,2544.189865451389,283.5522645830476,,,,,36.37848993937175,0.9065302011598806,2694.395529513889,203.88551003935743,36.75103056165907,2.0152828098174886,2544.1899142795137,283.55212943245925,,,,,,,,,,,,,,,,,,,,,,,,,,,,,,,,,,,,,,,,,,,,,,,,,45
Clearance_Hepatocyte_AZ,gcn,graph,,,,128.0,0.5,0.001,0.0001,128.0,,,,,,,2696.590744357639,94.12815273336389,,,,,,,,,,,2396.859087456597,158.23699409069116,,,,,38.36134906344944,2.2358465745809246,2701.2630696614583,91.92158831805929,37.435894351535374,2.6083597985127085,2396.8591362847224,158.23702003214257,,,,,,,,,,,,,,,,,,,,,,,,,,,,,,,,,,,,,,,,,,,,,,,,,45
Clearance_Hepatocyte_AZ,gcn,graph,,,,128.0,0.5,0.001,0.0001,256.0,,,,,,,2623.5524631076387,156.64514826188451,,,,,,,,,,,2458.034966362847,197.69806850322132,,,,,38.45517840915256,1.8365094590244724,2623.5525065104166,156.64511172181284,38.40544170803494,2.7785093293261247,2458.035085720486,197.69814509208436,,,,,,,,,,,,,,,,,,,,,,,,,,,,,,,,,,,,,,,,,,,,,,,,,45
Clearance_Hepatocyte_AZ,gcn,graph,,,,128.0,0.5,0.01,0.0001,128.0,,,,,,,2600.2318956163194,125.99177318696583,,,,,,,,,,,2429.498486328125,153.2109404208294,,,,,37.7086548699273,2.112879846787101,2602.153266059028,125.48478628930214,37.235923258463544,2.551300562635949,2429.498567708333,153.2109223355922,,,,,,,,,,,,,,,,,,,,,,,,,,,,,,,,,,,,,,,,,,,,,,,,,45
Clearance_Hepatocyte_AZ,gcn,graph,,,,128.0,0.5,0.01,0.0001,256.0,,,,,,,2593.1375325520835,105.37239703505759,,,,,,,,,,,2391.418435329861,207.93436307644018,,,,,36.96994459364149,2.00128842998035,2593.1375922309026,105.37235793408658,36.78305087619358,2.7407647595086857,2391.418532986111,207.93437911954132,,,,,,,,,,,,,,,,,,,,,,,,,,,,,,,,,,,,,,,,,,,,,,,,,45
Clearance_Hepatocyte_AZ,gcn,graph,,,,256.0,0.25,0.001,0.0001,128.0,,,,,,,2621.7796440972224,184.66853619735292,,,,,,,,,,,2349.9464952256944,161.82159070102577,,,,,36.34406661987305,1.4556786919865294,2626.170475260417,186.31819334584029,35.54056786431207,1.3042590051800667,2349.946587456597,161.82163665128903,,,,,,,,,,,,,,,,,,,,,,,,,,,,,,,,,,,,,,,,,,,,,,,,,45
Clearance_Hepatocyte_AZ,gcn,graph,,,,256.0,0.25,0.001,0.0001,256.0,,,,,,,2649.902029079861,164.24386691148194,,,,,,,,,,,2374.753884548611,183.46968072832013,,,,,36.91556888156467,1.2471203877302703,2649.9022081163193,164.24386645183947,36.166539255778,1.7796519363446357,2374.75400390625,183.46968599366335,,,,,,,,,,,,,,,,,,,,,,,,,,,,,,,,,,,,,,,,,,,,,,,,,45
Clearance_Hepatocyte_AZ,gcn,graph,,,,256.0,0.25,0.01,0.0001,128.0,,,,,,,2703.9566786024307,138.80530982577162,,,,,,,,,,,2605.5004069010415,243.97956546854826,,,,,36.43971676296658,1.5876841535605937,2706.6689724392363,138.20360885630518,36.85937652587891,1.724157001243428,2605.5004774305557,243.97957178039016,,,,,,,,,,,,,,,,,,,,,,,,,,,,,,,,,,,,,,,,,,,,,,,,,45
Clearance_Hepatocyte_AZ,gcn,graph,,,,256.0,0.25,0.01,0.0001,256.0,,,,,,,3204.955034722222,143.64139502205194,,,,,,,,,,,3187.7237847222223,127.9186426920392,,,,,36.4818116929796,0.27757085491767763,3204.955045572917,143.64143630080895,36.632788933648,0.4723144809149993,3187.7238932291666,127.91872098443243,,,,,,,,,,,,,,,,,,,,,,,,,,,,,,,,,,,,,,,,,,,,,,,,,45
Clearance_Hepatocyte_AZ,gcn,graph,,,,256.0,0.5,0.001,0.0001,128.0,,,,,,,2674.7967447916667,145.18409960081198,,,,,,,,,,,2381.532904730903,160.312927390746,,,,,38.06911612616645,1.858343193961338,2679.015749782986,144.25743029197173,36.99317084418403,2.4996140812125827,2381.533029513889,160.31300577416187,,,,,,,,,,,,,,,,,,,,,,,,,,,,,,,,,,,,,,,,,,,,,,,,,45
Clearance_Hepatocyte_AZ,gcn,graph,,,,256.0,0.5,0.001,0.0001,256.0,,,,,,,2686.4640245225696,93.45106765722969,,,,,,,,,,,2389.6737358940973,120.68918616654472,,,,,38.918350304497615,2.0628948494309403,2686.4640625,93.4510475157532,38.02701449924045,2.688659435722037,2389.6738226996526,120.68917198019358,,,,,,,,,,,,,,,,,,,,,,,,,,,,,,,,,,,,,,,,,,,,,,,,,45
Clearance_Hepatocyte_AZ,gcn,graph,,,,256.0,0.5,0.01,0.0001,128.0,,,,,,,2696.113818359375,163.84564487162126,,,,,,,,,,,2618.2237901475696,221.56285818078817,,,,,36.211939578586154,1.9881554631876603,2698.910199652778,163.99308144466255,36.822899373372394,2.263671623569421,2618.2238606770834,221.56292762073352,,,,,,,,,,,,,,,,,,,,,,,,,,,,,,,,,,,,,,,,,,,,,,,,,45
Clearance_Hepatocyte_AZ,gcn,graph,,,,256.0,0.5,0.01,0.0001,256.0,,,,,,,2934.6511338975693,259.83753084269176,,,,,,,,,,,2879.897916666667,308.7147703715852,,,,,36.015882110595705,1.0604547931551227,2934.6512152777777,259.8375420347331,36.39158342149523,1.1130203026789376,2879.898095703125,308.7148345184177,,,,,,,,,,,,,,,,,,,,,,,,,,,,,,,,,,,,,,,,,,,,,,,,,45
Clearance_Hepatocyte_AZ,gin,graph,,,,128.0,0.25,0.001,0.0001,128.0,,,,,,,2622.880170355903,122.60276331843909,,,,,,,,,,,2374.71728515625,106.33376530661154,,,,,36.37198274400499,1.6242447157607605,2624.259320746528,123.16163566236143,35.5723141140408,1.7341283647795627,2374.7174262152776,106.3337329036364,,,,,,,,,,,,,,,,,,,,,,,,,,,,,,,,,,,,,,,,,,,,,,,,,45
Clearance_Hepatocyte_AZ,gin,graph,,,,128.0,0.25,0.001,0.0001,256.0,,,,,,,2560.7623155381943,122.20130597351069,,,,,,,,,,,2343.99306640625,89.04769959684897,,,,,36.5740478515625,1.662409055492291,2560.762353515625,122.20130745515087,36.39627227783203,1.810844021637866,2343.9931532118057,89.0477106570429,,,,,,,,,,,,,,,,,,,,,,,,,,,,,,,,,,,,,,,,,,,,,,,,,45
Clearance_Hepatocyte_AZ,gin,graph,,,,128.0,0.25,0.01,0.0001,128.0,,,,,,,2775.5511338975693,50.668890999554336,,,,,,,,,,,2749.972433810764,205.86892210021853,,,,,38.60381664699978,1.4947922619985878,2778.4107801649307,53.161122118668246,39.07083002726237,2.2341676258986616,2749.972482638889,205.86889392894636,,,,,,,,,,,,,,,,,,,,,,,,,,,,,,,,,,,,,,,,,,,,,,,,,45
Clearance_Hepatocyte_AZ,gin,graph,,,,128.0,0.25,0.01,0.0001,256.0,,,,,,,2800.2366644965277,115.39929166037558,,,,,,,,,,,2805.4460177951387,152.2798938924015,,,,,37.42963036431207,1.660381575093279,2800.2366753472224,115.39925787919582,38.33065516153972,1.616271867296901,2805.4461805555557,152.27987914077926,,,,,,,,,,,,,,,,,,,,,,,,,,,,,,,,,,,,,,,,,,,,,,,,,45
Clearance_Hepatocyte_AZ,gin,graph,,,,128.0,0.5,0.001,0.0001,128.0,,,,,,,2648.6035427517363,126.91414821047543,,,,,,,,,,,2457.8350206163195,168.30179277330873,,,,,38.66638912624783,2.575779264930233,2649.876188151042,128.02214571336765,38.09135699801975,3.0298320786448762,2457.8351182725696,168.3017962199051,,,,,,,,,,,,,,,,,,,,,,,,,,,,,,,,,,,,,,,,,,,,,,,,,45
Clearance_Hepatocyte_AZ,gin,graph,,,,128.0,0.5,0.001,0.0001,256.0,,,,,,,2604.5994737413193,102.49666496658398,,,,,,,,,,,2402.4428819444443,142.5734399307677,,,,,38.27330110337999,2.2298857058301036,2604.599544270833,102.49668160514396,38.066478390163844,3.226836204542177,2402.4430013020833,142.57342148008593,,,,,,,,,,,,,,,,,,,,,,,,,,,,,,,,,,,,,,,,,,,,,,,,,45
Clearance_Hepatocyte_AZ,gin,graph,,,,128.0,0.5,0.01,0.0001,128.0,,,,,,,2713.1070203993054,141.41507151800747,,,,,,,,,,,2645.604296875,240.00358028502365,,,,,38.179579671223955,1.5166266710763927,2714.6984917534724,140.90853475145977,38.48122677273221,2.2321146482561804,2645.604416232639,240.00359265905195,,,,,,,,,,,,,,,,,,,,,,,,,,,,,,,,,,,,,,,,,,,,,,,,,45
Clearance_Hepatocyte_AZ,gin,graph,,,,128.0,0.5,0.01,0.0001,256.0,,,,,,,2784.8778211805557,164.67635368997838,,,,,,,,,,,2777.5913899739585,208.43032446253162,,,,,37.68205235799154,1.3247782925172549,2784.877951388889,164.67636011569138,38.25241410997179,1.5875154108425538,2777.5914605034723,208.43033750075745,,,,,,,,,,,,,,,,,,,,,,,,,,,,,,,,,,,,,,,,,,,,,,,,,45
Clearance_Hepatocyte_AZ,gin,graph,,,,256.0,0.25,0.001,0.0001,128.0,,,,,,,2574.0382486979165,133.3877055301408,,,,,,,,,,,2360.452294921875,112.29474504552682,,,,,36.17057486640083,2.0462574767327832,2574.0796929253474,134.53502259594603,35.48404261271159,1.51258151178943,2360.452392578125,112.29473232047039,,,,,,,,,,,,,,,,,,,,,,,,,,,,,,,,,,,,,,,,,,,,,,,,,45
Clearance_Hepatocyte_AZ,gin,graph,,,,256.0,0.25,0.001,0.0001,256.0,,,,,,,2547.702511935764,95.38121150389834,,,,,,,,,,,2284.116921657986,89.19383062798863,,,,,36.305242496066626,1.181591219567351,2547.702587890625,95.38124258673129,35.129673936631946,1.4651918371965307,2284.1169813368056,89.19379539095215,,,,,,,,,,,,,,,,,,,,,,,,,,,,,,,,,,,,,,,,,,,,,,,,,45
Clearance_Hepatocyte_AZ,gin,graph,,,,256.0,0.25,0.01,0.0001,128.0,,,,,,,2772.9472493489584,134.79304351838937,,,,,,,,,,,2739.879172092014,230.4833580104103,,,,,37.450460561116536,1.3080364141963543,2776.419900173611,133.22325040400872,37.95669182671441,1.5032978590918804,2739.8793565538194,230.48343986365083,,,,,,,,,,,,,,,,,,,,,,,,,,,,,,,,,,,,,,,,,,,,,,,,,45
Clearance_Hepatocyte_AZ,gin,graph,,,,256.0,0.25,0.01,0.0001,256.0,,,,,,,3081.36416015625,214.34586102400135,,,,,,,,,,,3086.3519585503473,183.20964590419322,,,,,37.12934400770399,0.9257694608887496,3081.364214409722,214.34590731303345,37.487115902370874,1.2448747199589039,3086.352001953125,183.20969477699595,,,,,,,,,,,,,,,,,,,,,,,,,,,,,,,,,,,,,,,,,,,,,,,,,45
Clearance_Hepatocyte_AZ,gin,graph,,,,256.0,0.5,0.001,0.0001,128.0,,,,,,,2563.437060546875,122.71723099714313,,,,,,,,,,,2358.3901421440974,92.84734331926754,,,,,37.71086942884657,1.677668516314017,2564.5980631510415,125.3358618513006,36.93524695502387,1.7859834704859539,2358.3902723524307,92.84730564613324,,,,,,,,,,,,,,,,,,,,,,,,,,,,,,,,,,,,,,,,,,,,,,,,,45
Clearance_Hepatocyte_AZ,gin,graph,,,,256.0,0.5,0.001,0.0001,256.0,,,,,,,2532.3973795572915,108.51229372227348,,,,,,,,,,,2352.165087890625,106.05008818753394,,,,,37.6978029039171,1.1480967978138692,2532.3974772135416,108.51234413386884,37.1293460422092,1.6931483738811022,2352.1651692708333,106.05012214127557,,,,,,,,,,,,,,,,,,,,,,,,,,,,,,,,,,,,,,,,,,,,,,,,,45
Clearance_Hepatocyte_AZ,gin,graph,,,,256.0,0.5,0.01,0.0001,128.0,,,,,,,2779.094514973958,103.39526195745013,,,,,,,,,,,2793.0247721354167,151.40997611148862,,,,,37.343204243977866,1.4115691823094743,2782.192746310764,104.05972302571531,38.249173397488065,1.1536539268656496,2793.0248643663194,151.40995520836563,,,,,,,,,,,,,,,,,,,,,,,,,,,,,,,,,,,,,,,,,,,,,,,,,45
Clearance_Hepatocyte_AZ,gin,graph,,,,256.0,0.5,0.01,0.0001,256.0,,,,,,,3101.537065972222,216.89541389042026,,,,,,,,,,,3103.694949001736,185.98469192169807,,,,,37.060080973307294,0.9135523761145546,3101.5371473524306,216.89539191384043,37.38689888848199,1.2335720007453803,3103.69501953125,185.98469123977176,,,,,,,,,,,,,,,,,,,,,,,,,,,,,,,,,,,,,,,,,,,,,,,,,45
MUTAG,gat,graph,,,,128.0,0.25,0.001,0.0,128.0,0.7872340440750122,0.09229773414027756,0.8553405178917779,0.08290822655286662,0.7415001458591886,0.13231342932628548,0.5305204782221052,0.2658485951959486,0.7603679597377777,0.11921059597274601,0.7513365361425611,0.1264987214082148,0.8392435073852539,0.0753000778332804,0.8828338954183791,0.0796723392454571,0.8036547157499525,0.11070509788448067,0.4545558813545439,0.23639517656443215,0.8328871501816644,0.08082943058914903,0.8077544252077739,0.11198268373303276,,,,,,,,,,,,,,,,,,,,,,,,,,,,,,,,,,,,,,,,,,,,,,,,,,,,,,,,,45
MUTAG,gat,graph,,,,128.0,0.25,0.001,0.0,256.0,0.7862884177101983,0.0936209428882817,0.8585827642016941,0.07950564036796838,0.7392038491037157,0.13376284262752974,0.5285466969013214,0.2664817544619488,0.7601904133955638,0.1190904655563508,0.7488468302620782,0.12709245781451944,0.8401891337500678,0.07544567922686209,0.8844079494476318,0.07897956547678195,0.8036058929231432,0.11158543897872093,0.4530581711067094,0.23637741274284507,0.8342415836122301,0.08033453659140267,0.8067191282908122,0.11312520020235715,,,,,,,,,,,,,,,,,,,,,,,,,,,,,,,,,,,,,,,,,,,,,,,,,,,,,,,,,45
MUTAG,gat,graph,,,,128.0,0.25,0.001,0.0001,128.0,0.7862884203592936,0.09240418797281445,0.8588729898134867,0.07791579982154591,0.7378245022561815,0.13147596112294446,0.5302687674760819,0.2635735477688304,0.7636382904317643,0.1173771190075961,0.7462274246745639,0.1243210310238434,0.8387706955273946,0.07377250769340538,0.8835765971077814,0.07835427670979025,0.801391151216295,0.10965986595093014,0.45529832624726824,0.23471159698672947,0.8355201734436883,0.07845217946419077,0.8042806453175015,0.11159401985925767,,,,,,,,,,,,,,,,,,,,,,,,,,,,,,,,,,,,,,,,,,,,,,,,,,,,,,,,,45
MUTAG,gat,graph,,,,128.0,0.25,0.001,0.0001,256.0,0.7862884203592936,0.09240418797281445,0.8589068426026238,0.07786144917467211,0.7378245022561815,0.13147596112294443,0.5302723358074825,0.26357780086814775,0.7636382904317643,0.1173771190075961,0.7462274246745639,0.12432103102384345,0.8387706955273946,0.07377250769340539,0.8835665808783637,0.07832507412989424,0.801391151216295,0.10965986595093012,0.4552957609295845,0.23471546421871275,0.8355201734436883,0.07845217946419077,0.8042806453175015,0.11159401985925761,,,,,,,,,,,,,,,,,,,,,,,,,,,,,,,,,,,,,,,,,,,,,,,,,,,,,,,,,45
MUTAG,gat,graph,,,,128.0,0.25,0.01,0.0,128.0,0.7333333293596903,0.08697183195869174,0.8506659322314792,0.07368205266843889,0.6426955196592543,0.14279778196149412,0.9414802508221732,1.358166945451412,0.7090950846672058,0.15524039975851034,0.6649129801326328,0.11967609919660521,0.7886524849467808,0.0795321649224098,0.8644792371326022,0.0693202581981018,0.7061985598670112,0.1523973608211483,0.8654243724213706,1.2150583429017483,0.7711170872052511,0.16008697907544234,0.716613405280643,0.13052507925892792,,,,,,,,,,,,,,,,,,,,,,,,,,,,,,,,,,,,,,,,,,,,,,,,,,,,,,,,,46
MUTAG,gat,graph,,,,128.0,0.25,0.01,0.0,256.0,0.7347517689069112,0.08732600173329284,0.8533890300326877,0.06898260545379357,0.6428418702549404,0.15103370790871887,0.865971259938346,1.2505446802648417,0.7122311207983228,0.1581695924259324,0.6678993463516235,0.12762668692744783,0.7891252981291876,0.07828335417685969,0.8612389233377244,0.07151609843309698,0.7074000126785702,0.15162290688878896,0.7739312916994094,1.0246235668066668,0.7809032274617089,0.14331325235213477,0.7181158065795898,0.13011879548087657,,,,,,,,,,,,,,,,,,,,,,,,,,,,,,,,,,,,,,,,,,,,,,,,,,,,,,,,,45
MUTAG,gat,graph,,,,128.0,0.25,0.01,0.0001,128.0,0.736643025610182,0.08846015435372678,0.8502603107028537,0.07446128843820571,0.6479735771814982,0.15660741941992096,1.086581967274348,1.5665167607257908,0.699610647228029,0.1659837083450517,0.6777799288431804,0.1347954125805494,0.7981087499194675,0.08469707338808255,0.8634902861383226,0.07534267103973512,0.7218972663084666,0.16649770103493383,1.020499864551756,1.5388362396765674,0.7654720114337074,0.1692302291125186,0.7409577873018053,0.14590626233858184,,,,,,,,,,,,,,,,,,,,,,,,,,,,,,,,,,,,,,,,,,,,,,,,,,,,,,,,,45
MUTAG,gat,graph,,,,128.0,0.25,0.01,0.0001,256.0,0.7366430242856343,0.08915526191948261,0.8491358068254259,0.07435772683143155,0.6478089345826044,0.15674733883910455,1.089415322078599,1.5658094198107657,0.6996017886532677,0.166324865045011,0.6766924964057075,0.13341411943433945,0.7962174971898397,0.08296247906167538,0.8625057008531358,0.07441567846241395,0.7183369841840532,0.16441853233602235,1.0275784840186437,1.5362333134503052,0.7638451755046844,0.16847086843461248,0.7359046657880147,0.14333975612168456,,,,,,,,,,,,,,,,,,,,,,,,,,,,,,,,,,,,,,,,,,,,,,,,,,,,,,,,,46
MUTAG,gat,graph,,,,128.0,0.5,0.001,0.0,128.0,0.7678486996226841,0.09448149617869264,0.8497148421075609,0.0791194042071584,0.711542088455624,0.12756891285794053,0.6230126175615522,0.2971688419618013,0.7700970927874248,0.10222427744391606,0.7212199449539185,0.12114947500646671,0.8198581629329258,0.08134837097046875,0.8726785606808133,0.08854945460598446,0.7704985751046075,0.12091364177714167,0.522861128879918,0.2925580308412014,0.8219384180174933,0.08047456808662175,0.772506856918335,0.12354080530351917,,,,,,,,,,,,,,,,,,,,,,,,,,,,,,,,,,,,,,,,,,,,,,,,,,,,,,,,,45
MUTAG,gat,graph,,,,128.0,0.5,0.001,0.0,256.0,0.7678486996226841,0.09448149617869266,0.8497321287790934,0.0790899306354617,0.711542088455624,0.12756891285794053,0.6229992575115628,0.2971690278431676,0.7700970927874248,0.10222427744391605,0.7212199449539185,0.1211494750064667,0.8198581629329258,0.08134837097046876,0.8728439331054687,0.08850909836199461,0.7704985751046075,0.12091364177714167,0.5228455531928274,0.2925612313124884,0.8219384180174933,0.08047456808662179,0.772506856918335,0.12354080530351919,,,,,,,,,,,,,,,,,,,,,,,,,,,,,,,,,,,,,,,,,,,,,,,,,,,,,,,,,46
MUTAG,gat,graph,,,,128.0,0.5,0.001,0.0001,128.0,0.7678486996226841,0.09448149617869267,0.8515930891036987,0.07744961540489617,0.7111242532730102,0.12780736136917012,0.6228326181570689,0.2969350625067925,0.7706270734469096,0.10191568001388022,0.720832539929284,0.1207499329064928,0.8198581616083781,0.08160092862659962,0.872963379489051,0.08876339166262562,0.7701807445949979,0.12076433621726362,0.5220347738928265,0.2927237701132404,0.8228819913334317,0.08064982872944351,0.7713217933972677,0.1227199505482768,,,,,,,,,,,,,,,,,,,,,,,,,,,,,,,,,,,,,,,,,,,,,,,,,,,,,,,,,46
MUTAG,gat,graph,,,,128.0,0.5,0.001,0.0001,256.0,0.7678486996226841,0.0944814961786927,0.8516807291242812,0.07734912055670247,0.7111242532730102,0.1278073613691701,0.6228570269213782,0.2970286792972218,0.7706270734469096,0.10191568001388021,0.720832539929284,0.1207499329064928,0.8198581616083781,0.0816009286265997,0.8730769170655145,0.08877156115426245,0.7701807445949979,0.1207643362172636,0.5220473749770058,0.29277200926858893,0.8228819913334317,0.08064982872944348,0.7713217933972677,0.12271995054827675,,,,,,,,,,,,,,,,,,,,,,,,,,,,,,,,,,,,,,,,,,,,,,,,,,,,,,,,,46
MUTAG,gat,graph,,,,128.0,0.5,0.01,0.0,128.0,0.7631205691231622,0.07994505749758396,0.8545099907451206,0.07752455432256641,0.7078556623723772,0.11664410528040267,0.5984836214118534,0.31317009971392396,0.7523189650641547,0.09471585005696911,0.7175193031628927,0.11459656807214974,0.8217494183116489,0.06972884945822073,0.8717133575015598,0.07782660908230406,0.777012124326494,0.10999156468984618,0.5124272909429338,0.28365296395657036,0.8251954012446934,0.0741519860611259,0.7810025228394403,0.11095442757415216,,,,,,,,,,,,,,,,,,,,,,,,,,,,,,,,,,,,,,,,,,,,,,,,,,,,,,,,,45
MUTAG,gat,graph,,,,128.0,0.5,0.01,0.0,256.0,0.768321516778734,0.07741108376495083,0.8536996404329936,0.07725764936186837,0.713084034787284,0.11756597752932074,0.5942824012703366,0.3163483637004474,0.758262406455146,0.09583061919150991,0.7216057552231683,0.11403028879782194,0.8203309787644281,0.06675372662580087,0.8691785401768155,0.07281996756822566,0.7745538804266188,0.10850300861331373,0.5208101709683736,0.2794795490155571,0.8223573260837131,0.0707592146909713,0.7784787734349569,0.11061175926624757,,,,,,,,,,,,,,,,,,,,,,,,,,,,,,,,,,,,,,,,,,,,,,,,,,,,,,,,,45
MUTAG,gat,graph,,,,128.0,0.5,0.01,0.0001,128.0,0.7711583985222711,0.07524541367149602,0.8578583598136902,0.07582824576568566,0.7148813373512692,0.11881329822920841,0.7289883375167847,1.1199422061895221,0.7599921180142297,0.10929486748675007,0.7265152679549323,0.11573592732976751,0.8264775514602661,0.07041404802638833,0.8749243060747782,0.07445582514941977,0.7804750541845957,0.11536117357974865,0.6245876040723589,1.0083087303344276,0.8238367180029551,0.1003658652820735,0.7838368985388015,0.11300066310646835,,,,,,,,,,,,,,,,,,,,,,,,,,,,,,,,,,,,,,,,,,,,,,,,,,,,,,,,,45
MUTAG,gat,graph,,,,128.0,0.5,0.01,0.0001,256.0,0.7711583985222711,0.07524541367149602,0.8579955140749613,0.0757323884629606,0.7148465573787689,0.11879212499550226,0.7280060761504703,1.1201812885330784,0.7600482364495595,0.10930936327083426,0.7264546619521247,0.11570458485285927,0.826950364642673,0.0697747376788961,0.8745592647128635,0.07456737629334516,0.7810879356331295,0.11508225127026274,0.625181868341234,1.0082671309205107,0.8238936324914297,0.09984050770860117,0.7845081951883104,0.1128952912221273,,,,,,,,,,,,,,,,,,,,,,,,,,,,,,,,,,,,,,,,,,,,,,,,,,,,,,,,,45
MUTAG,gat,graph,,,,256.0,0.25,0.001,0.0,128.0,0.7825059122509427,0.0837524070835628,0.8586880922317505,0.08012886640520202,0.7386914041307238,0.11433394306991299,0.6191756178935369,0.30380284067381064,0.7676981058385637,0.10691921171840035,0.7472614645957947,0.11138715547526316,0.8335697505209181,0.07661843055459394,0.8805857194794549,0.07828561792243702,0.7931840247578091,0.11481113859007974,0.5209674985872375,0.2973251955755192,0.8332448217603895,0.08160185880230714,0.7981824729177687,0.11898403457288398,,,,,,,,,,,,,,,,,,,,,,,,,,,,,,,,,,,,,,,,,,,,,,,,,,,,,,,,,45
MUTAG,gat,graph,,,,256.0,0.25,0.001,0.0,256.0,0.7820330990685357,0.08366227279135163,0.8578069382243686,0.07980121921959833,0.7387678186098735,0.11435387244460608,0.620999073319965,0.30262128315473796,0.7674834059344398,0.106918794962682,0.748295615779029,0.11173142061028114,0.8330969373385112,0.07643917795817436,0.8800032893816631,0.07763689149798073,0.7930965728229946,0.11477577388339227,0.5218053594231605,0.2966310332345082,0.8313211335076226,0.08054984458613627,0.798832114537557,0.11914368355629092,,,,,,,,,,,,,,,,,,,,,,,,,,,,,,,,,,,,,,,,,,,,,,,,,,,,,,,,,45
MUTAG,gat,graph,,,,256.0,0.25,0.001,0.0001,128.0,0.7839243531227111,0.08485888412838666,0.8619596163431803,0.07927517173155132,0.7399262415038215,0.11550032261319527,0.6125347918934292,0.3067048433287407,0.7686950001451704,0.10792208397975558,0.748025447792477,0.11283708922961917,0.8340425637033251,0.0777264525325278,0.882243299484253,0.07863497355948079,0.7932780530717638,0.11570863835198368,0.5178787054287063,0.29896896467094536,0.8335085868835449,0.08254781379337219,0.7972878615061442,0.11973439164722101,,,,,,,,,,,,,,,,,,,,,,,,,,,,,,,,,,,,,,,,,,,,,,,,,,,,,,,,,45
MUTAG,gat,graph,,,,256.0,0.25,0.001,0.0001,256.0,0.7839243531227111,0.08485888412838663,0.8618918776512146,0.07929333294878438,0.7399262415038215,0.11550032261319523,0.6125865873363283,0.30668656698530644,0.7686950001451704,0.10792208397975553,0.748025447792477,0.11283708922961916,0.8340425637033251,0.07772645253252784,0.8823888394567702,0.07844245203657628,0.7932780530717638,0.11570863835198365,0.5178933223088582,0.29896500595398345,0.8335085868835449,0.08254781379337221,0.7972878615061442,0.11973439164722101,,,,,,,,,,,,,,,,,,,,,,,,,,,,,,,,,,,,,,,,,,,,,,,,,,,,,,,,,46
MUTAG,gat,graph,,,,256.0,0.25,0.01,0.0,128.0,0.7375886466768052,0.07576924881277067,0.8261260959837172,0.09334449341427224,0.6474540770053864,0.14908679866869312,4.185728201601241,7.5638139499206645,0.6827505946159362,0.17986364942352293,0.680014877849155,0.13043902548798406,0.7905437376764085,0.0808861343620899,0.8403566122055054,0.09174097042828727,0.709265939394633,0.16888755344411094,4.168465213312043,7.8888364479068365,0.7438783519797855,0.18906215253611414,0.7307700024710762,0.14217482512611557,,,,,,,,,,,,,,,,,,,,,,,,,,,,,,,,,,,,,,,,,,,,,,,,,,,,,,,,,45
MUTAG,gat,graph,,,,256.0,0.25,0.01,0.0,256.0,0.7281323803795708,0.08436439006091208,0.8267433285713196,0.09588844209007491,0.6359862817658318,0.15221783683711193,5.302559470468097,9.901699380980292,0.6755873382091522,0.19348259849135266,0.6730566541353862,0.13103421234421558,0.7881796717643738,0.08437252023826534,0.8429918540848627,0.09733154020076214,0.7034277425871955,0.174989006780806,4.813387045595381,8.7896454873884,0.7308830923504299,0.19805344073302927,0.7267374131414626,0.14659306238770098,,,,,,,,,,,,,,,,,,,,,,,,,,,,,,,,,,,,,,,,,,,,,,,,,,,,,,,,,45
MUTAG,gat,graph,,,,256.0,0.25,0.01,0.0001,128.0,0.7427895956569248,0.07169789972631957,0.8423885385195414,0.08592531700650105,0.6610275043381585,0.13394305345345858,3.2421956532531313,6.429058730469649,0.7044373061921861,0.16694921187945472,0.6819314499696095,0.11120679267269389,0.7839243557718065,0.07012121863207565,0.8492481708526611,0.08783149257091191,0.7055707752704621,0.14576452501953865,3.1240969128078886,6.405637835106602,0.7543834759129419,0.16453460604426234,0.7182289825545417,0.1217706290984857,,,,,,,,,,,,,,,,,,,,,,,,,,,,,,,,,,,,,,,,,,,,,,,,,,,,,,,,,45
MUTAG,gat,graph,,,,256.0,0.25,0.01,0.0001,256.0,0.7356973952717252,0.07391184846295791,0.8373384263780382,0.08835423335453202,0.6548482530646854,0.1334283496602356,3.8316890670193566,8.602169042419904,0.7090961429807875,0.1744922819000027,0.681568220588896,0.10977483206997103,0.7782505962583753,0.06886774894123626,0.8429869863722059,0.08800283520398236,0.7006622407171461,0.14317342778758976,3.380088479651345,7.163014298494323,0.7510309278964996,0.16235911574207104,0.7169758147663541,0.12116685058074737,,,,,,,,,,,,,,,,,,,,,,,,,,,,,,,,,,,,,,,,,,,,,,,,,,,,,,,,,45
MUTAG,gat,graph,,,,256.0,0.5,0.001,0.0,128.0,0.7806146608458625,0.09070355926825814,0.8698439319928487,0.0749525759610643,0.722371808025572,0.1399330831551223,0.7756884809997346,0.8467569565815675,0.7636022607485453,0.12915825095077982,0.7347127543555365,0.1273832452831937,0.8397163232167562,0.07544264448855335,0.8868790202670627,0.0783036554665431,0.791032941473855,0.1276613063917958,0.6620465689235263,0.7890290421583139,0.8418633772267236,0.10039668495695755,0.7952849706013997,0.12616932729733027,,,,,,,,,,,,,,,,,,,,,,,,,,,,,,,,,,,,,,,,,,,,,,,,,,,,,,,,,45
MUTAG,gat,graph,,,,256.0,0.5,0.001,0.0,256.0,0.7806146608458625,0.09070355926825813,0.8699515302975972,0.07483246231195102,0.722371808025572,0.13993308315512226,0.775658173693551,0.8467532093315854,0.7636022607485453,0.12915825095077982,0.7347127543555365,0.1273832452831937,0.8397163232167562,0.07544264448855337,0.8867898861567179,0.07840035466790127,0.791032941473855,0.12766130639179574,0.6619997175203429,0.7890297015769828,0.8418633772267236,0.10039668495695753,0.7952849706013997,0.1261693272973302,,,,,,,,,,,,,,,,,,,,,,,,,,,,,,,,,,,,,,,,,,,,,,,,,,,,,,,,,45
MUTAG,gat,graph,,,,256.0,0.5,0.001,0.0001,128.0,0.7806146608458625,0.09081691823388945,0.8699537502394782,0.07485819484340801,0.722354366381963,0.1400282922864976,0.7767367316616907,0.846233558219108,0.7640619304445054,0.12972041059627204,0.7349080390400357,0.1277033664956608,0.8397163232167562,0.07544264448855337,0.8866011672549777,0.07809553083596585,0.7910645981629689,0.1276971573793578,0.662538038359748,0.7885919897210081,0.8418144206206004,0.1003546531818657,0.7955681946542528,0.12650911097949832,,,,,,,,,,,,,,,,,,,,,,,,,,,,,,,,,,,,,,,,,,,,,,,,,,,,,,,,,45
MUTAG,gat,graph,,,,256.0,0.5,0.001,0.0001,256.0,0.7815602872106764,0.09144663179675058,0.8701176404953003,0.074730878861576,0.7233075426684485,0.1408052398128583,0.776722632182969,0.8462168227412448,0.7649853984514873,0.13022109415802186,0.7357834604051378,0.1284163092938217,0.8397163232167562,0.07544264448855337,0.8866128762563069,0.07806410174625322,0.7910645981629689,0.1276971573793578,0.6625512200925086,0.7885715577557666,0.8418144206206004,0.1003546531818657,0.7955681946542528,0.12650911097949832,,,,,,,,,,,,,,,,,,,,,,,,,,,,,,,,,,,,,,,,,,,,,,,,,,,,,,,,,45
MUTAG,gat,graph,,,,256.0,0.5,0.01,0.0,128.0,0.7588652465078566,0.08449978765597371,0.8487221399943033,0.0922601339974084,0.6802661935488383,0.15726900712924793,4.309356838464737,9.237377350507742,0.6932151781188117,0.18221149691883332,0.7038466771443684,0.12964794395506848,0.8023640712102255,0.08803266148238148,0.8636218971676297,0.09385786748491078,0.7295146120919122,0.17210471240832362,3.9849272006087832,8.425124545521038,0.7601740704642401,0.18201427053187813,0.7507208175129361,0.1463935779764612,,,,,,,,,,,,,,,,,,,,,,,,,,,,,,,,,,,,,,,,,,,,,,,,,,,,,,,,,45
MUTAG,gat,graph,,,,256.0,0.5,0.01,0.0,256.0,0.7522458619541592,0.09698908425058092,0.8443248920970493,0.09382102878021435,0.669143846962187,0.171493905100924,5.266689429018233,11.039846886418323,0.6788782113128238,0.19815661812094978,0.6998325049877167,0.136928700670711,0.7947990563180711,0.09198011500615595,0.8535252094268799,0.09356906098294432,0.7151939531167348,0.17960651179569612,4.714060609208213,9.439051709826801,0.7463325507111019,0.1932629448376489,0.7392533315552605,0.15121590012835343,,,,,,,,,,,,,,,,,,,,,,,,,,,,,,,,,,,,,,,,,,,,,,,,,,,,,,,,,48
MUTAG,gat,graph,,,,256.0,0.5,0.01,0.0001,128.0,0.7513002342647976,0.09171874749773525,0.8428707917531332,0.10000541134739291,0.6562495589256286,0.1789143343883582,5.830772256520059,11.302041321382124,0.6570183965894911,0.21322841570510007,0.6890842682785459,0.14183564384527358,0.799054377608829,0.0925821638197409,0.8539800789621141,0.09840690603080302,0.7129935999711354,0.19039248958897076,5.216405538386769,9.661540298315435,0.7356862379444971,0.2120599027621844,0.7388150956895616,0.1569384845216624,,,,,,,,,,,,,,,,,,,,,,,,,,,,,,,,,,,,,,,,,,,,,,,,,,,,,,,,,45
MUTAG,gat,graph,,,,256.0,0.5,0.01,0.0001,256.0,0.7536643001768324,0.09818395209958738,0.8441961169242859,0.0998989294249727,0.6607669552167257,0.18498037063142006,5.834359408749474,11.288184878971942,0.6632579048474629,0.21798342571805324,0.6976231978999243,0.15012734430619912,0.7943262457847595,0.08923728469573017,0.8531374388270908,0.09764769141380933,0.7070989403459761,0.18773567838868466,5.210464766952726,9.645103232444427,0.7295324636830224,0.20751664553451404,0.7349163426293267,0.15593294100929792,,,,,,,,,,,,,,,,,,,,,,,,,,,,,,,,,,,,,,,,,,,,,,,,,,,,,,,,,45
MUTAG,gcn,graph,,,,128.0,0.25,0.001,0.0,128.0,0.7858156071768867,0.09465315080860252,0.8714155223634508,0.07877329350645047,0.7324929177761078,0.14101920367869986,0.7484275645679898,1.0186090437163067,0.7620151095920139,0.1364545872197291,0.7432906707127889,0.1297172440176633,0.8297872437371148,0.07157980748887788,0.883359342151218,0.07812369848948761,0.7809400810135736,0.12796160209367205,0.6403278019693163,0.8874291655911987,0.8112121105194092,0.12097702190330546,0.7854589541753133,0.11953752070264873,,,,,,,,,,,,,,,,,,,,,,,,,,,,,,,,,,,,,,,,,,,,,,,,,,,,,,,,,45
MUTAG,gcn,graph,,,,128.0,0.25,0.001,0.0,256.0,0.7858156071768867,0.09465315080860254,0.8714603238635593,0.07881346798432066,0.7324929177761078,0.14101920367869988,0.7483945674366421,1.018608150257003,0.7620151095920139,0.1364545872197291,0.7432906707127889,0.1297172440176633,0.8297872437371148,0.07157980748887785,0.883359342151218,0.07812369666963491,0.7809400810135736,0.12796160209367205,0.6403143160872989,0.8874247135158378,0.8112121105194092,0.12097702190330542,0.7854589541753133,0.11953752070264868,,,,,,,,,,,,,,,,,,,,,,,,,,,,,,,,,,,,,,,,,,,,,,,,,,,,,,,,,45
MUTAG,gcn,graph,,,,128.0,0.25,0.001,0.0001,128.0,0.7858156071768867,0.09355986941336471,0.8672538015577528,0.08778663053060198,0.7320982793966929,0.1393842372147449,0.750121021270752,1.0198463233822812,0.7622034337785509,0.13591771032245736,0.7417936285336812,0.1276902222891344,0.8288416173723009,0.07142952690533293,0.8775409950150383,0.08584919134609083,0.7805800583627489,0.12679457595489566,0.6451435224877463,0.8867960410012083,0.8100969619221158,0.12176633647614148,0.7847983691427443,0.11779355126923947,,,,,,,,,,,,,,,,,,,,,,,,,,,,,,,,,,,,,,,,,,,,,,,,,,,,,,,,,45
MUTAG,gcn,graph,,,,128.0,0.25,0.001,0.0001,256.0,0.7853427939944797,0.0936062882484801,0.8672942082087199,0.08779219318956873,0.7316416442394257,0.1392412488662285,0.7500932196776072,1.0198532866672476,0.7616851859622531,0.13585809541903235,0.7413491845130921,0.12757602813823812,0.8288416173723009,0.07142952690533289,0.8775845686594645,0.08588678648012266,0.7805800583627489,0.12679457595489566,0.6451104346248838,0.8868069876464763,0.8100969619221158,0.12176633647614148,0.7847983691427443,0.11779355126923949,,,,,,,,,,,,,,,,,,,,,,,,,,,,,,,,,,,,,,,,,,,,,,,,,,,,,,,,,45
MUTAG,gcn,graph,,,,128.0,0.25,0.01,0.0,128.0,0.7106382873323228,0.09952768030341587,0.7995227164692349,0.10063907267275853,0.5752851161691878,0.17483620875982667,3.640001502633095,5.337491342214202,0.592893303765191,0.22348387796775027,0.6224833859337701,0.13828196467998083,0.7527186711629231,0.08343240246653774,0.8185171710120307,0.10388221588110243,0.6230036980575986,0.18294492680604682,3.2624869058529535,4.449168789012209,0.6590084883901808,0.22965598948506177,0.6594132992956373,0.14873985663331973,,,,,,,,,,,,,,,,,,,,,,,,,,,,,,,,,,,,,,,,,,,,,,,,,,,,,,,,,45
MUTAG,gcn,graph,,,,128.0,0.25,0.01,0.0,256.0,0.7082742200957404,0.09903255422359021,0.8008207731776767,0.10122505811172768,0.5689659191502465,0.17257417970019007,3.6401253037982517,5.337422103883428,0.5908688267072042,0.22181959610401944,0.6160278201103211,0.13478576327286665,0.7527186711629231,0.08343240246653777,0.8209576500786675,0.10656408485865394,0.6187386122014787,0.18209784871597776,3.2610313932100934,4.450128384721905,0.663788276248508,0.23279003747342056,0.6539933244387309,0.14675034877696705,,,,,,,,,,,,,,,,,,,,,,,,,,,,,,,,,,,,,,,,,,,,,,,,,,,,,,,,,45
MUTAG,gcn,graph,,,,128.0,0.25,0.01,0.0001,128.0,0.7215129958258735,0.0989494106303514,0.8048793050977919,0.09478279797155868,0.6040931456618839,0.17348425916971175,3.737182858586311,5.861069148327426,0.6308651500278049,0.21283812668158883,0.6418759849336412,0.13533352958526265,0.7612293124198913,0.08665052517288488,0.818629617161221,0.09967995684673513,0.6448067631986406,0.18302287704315578,3.2549405326445897,4.718711896562771,0.6687574591901567,0.22769831810094204,0.6752077195379469,0.14813053442046245,,,,,,,,,,,,,,,,,,,,,,,,,,,,,,,,,,,,,,,,,,,,,,,,,,,,,,,,,45
MUTAG,gcn,graph,,,,128.0,0.25,0.01,0.0001,256.0,0.7215129958258735,0.0989494106303514,0.8049183554119534,0.09495474713539225,0.6040931456618839,0.17348425916971175,3.737207229932149,5.861063854540334,0.6308651500278049,0.21283812668158883,0.6418759849336412,0.13533352958526265,0.7612293124198913,0.08665052517288488,0.8186296118630303,0.0996799578340819,0.6448067631986406,0.18302287704315578,3.2549348125855126,4.718721107853576,0.6687574591901567,0.2276983181009421,0.6752077195379469,0.14813053442046245,,,,,,,,,,,,,,,,,,,,,,,,,,,,,,,,,,,,,,,,,,,,,,,,,,,,,,,,,45
MUTAG,gcn,graph,,,,128.0,0.5,0.001,0.0,128.0,0.7791962226231893,0.09910179372162387,0.8644814213116964,0.07935795333110261,0.7194823477003309,0.14240917034147071,0.7279492835203807,0.8124480578810839,0.7586828417248196,0.13656377807389716,0.725792298052046,0.12759417874448387,0.8250591105884976,0.07424516863226359,0.8817111611366272,0.08182392137651627,0.771089278989368,0.13005707226985558,0.6621100780036714,0.8727221152839997,0.8173713670836554,0.12256374309506349,0.7738299859894646,0.11983407871627165,,,,,,,,,,,,,,,,,,,,,,,,,,,,,,,,,,,,,,,,,,,,,,,,,,,,,,,,,45
MUTAG,gcn,graph,,,,128.0,0.5,0.001,0.0,256.0,0.7791962226231893,0.09910179372162387,0.8644814186626011,0.07935795185072163,0.7194823477003309,0.14240917034147071,0.7279376069704692,0.8124470583638357,0.7586828417248196,0.13656377807389722,0.725792298052046,0.12759417874448387,0.8250591105884976,0.07424516863226359,0.8817111611366272,0.08182392200622612,0.771089278989368,0.13005707226985558,0.6620974368519253,0.8727259455993526,0.8173713670836554,0.1225637430950635,0.7738299859894646,0.11983407871627165,,,,,,,,,,,,,,,,,,,,,,,,,,,,,,,,,,,,,,,,,,,,,,,,,,,,,,,,,45
MUTAG,gcn,graph,,,,128.0,0.5,0.001,0.0001,128.0,0.7791962226231893,0.09878985039206674,0.8646628499031067,0.07806008273792811,0.7177028013600244,0.14479234062025767,0.7325361500183741,0.8130056969018269,0.7576708568467034,0.13823337147409792,0.7248783985773722,0.12865053461624887,0.824586296081543,0.07469647504304391,0.8819797144995796,0.08159268817403695,0.7689361963007185,0.13187969529097485,0.6657068451245626,0.8726655275797738,0.8199826598167419,0.12225521168225197,0.7722484058803982,0.12153298222195195,,,,,,,,,,,,,,,,,,,,,,,,,,,,,,,,,,,,,,,,,,,,,,,,,,,,,,,,,45
MUTAG,gcn,graph,,,,128.0,0.5,0.001,0.0001,256.0,0.7791962226231893,0.09878985039206674,0.8655055006345113,0.07873789483208982,0.7177028013600244,0.14479234062025764,0.7310533662637074,0.8138419034747113,0.7576708568467034,0.13823337147409784,0.7248783985773722,0.1286505346162489,0.8250591092639499,0.0745218037230939,0.8830549836158752,0.08151850919904938,0.7698569503095415,0.13177599889978744,0.6647986392180125,0.8729031416103622,0.8200823969311184,0.12223360296982173,0.7732788708474901,0.12125659727415641,,,,,,,,,,,,,,,,,,,,,,,,,,,,,,,,,,,,,,,,,,,,,,,,,,,,,,,,,45
MUTAG,gcn,graph,,,,128.0,0.5,0.01,0.0,128.0,0.7602836900287204,0.08997213914363905,0.8519058585166931,0.08601117617972881,0.684811328517066,0.14756260438111377,1.3087242162889905,3.2730146540234224,0.7447331335809496,0.1301382379052498,0.6998902320861816,0.12870208168427308,0.8198581655820211,0.07571490845001101,0.8683914608425565,0.0831674627687461,0.7556228889359369,0.13921557162867004,1.115460616350174,2.6233385197183563,0.8181129667494033,0.12294327504176446,0.7590217894977993,0.12779281308036328,,,,,,,,,,,,,,,,,,,,,,,,,,,,,,,,,,,,,,,,,,,,,,,,,,,,,,,,,45
MUTAG,gcn,graph,,,,128.0,0.5,0.01,0.0,256.0,0.7602836900287204,0.08997213914363904,0.8519260618421767,0.08599848844616628,0.684811328517066,0.14756260438111377,1.3086786290009818,3.2730226552871304,0.7447331335809496,0.1301382379052498,0.6998902320861816,0.1287020816842731,0.8198581655820211,0.07571490845001105,0.8683043162027995,0.083133536838788,0.7556228889359369,0.13921557162867004,1.1154329862859513,2.6233472526076635,0.8181129667494033,0.12294327504176444,0.7590217894977993,0.12779281308036328,,,,,,,,,,,,,,,,,,,,,,,,,,,,,,,,,,,,,,,,,,,,,,,,,,,,,,,,,45
MUTAG,gcn,graph,,,,128.0,0.5,0.01,0.0001,128.0,0.7550827423731487,0.09746175254734249,0.8417242487271627,0.09244627478693078,0.6796881755193075,0.15327624512719407,1.5975101196103625,3.685348684963674,0.7214221755663554,0.1576153485524356,0.6966207981109619,0.13258380349532528,0.8189125405417548,0.07558192642995115,0.8635236594412062,0.08853961993554847,0.7554636471801334,0.14421807368566478,1.3777324441406462,3.0694698106485174,0.8054606642987993,0.14094637196073392,0.7615679436259799,0.12756682141899087,,,,,,,,,,,,,,,,,,,,,,,,,,,,,,,,,,,,,,,,,,,,,,,,,,,,,,,,,45
MUTAG,gcn,graph,,,,128.0,0.5,0.01,0.0001,256.0,0.7550827423731487,0.0974617525473425,0.8418050514327156,0.09242518802233707,0.6796881755193075,0.15327624512719407,1.5976046860218047,3.6853279706043445,0.7214221755663554,0.15761534855243559,0.6966207981109619,0.13258380349532534,0.8189125405417548,0.07558192642995114,0.8635236620903015,0.08853962245586969,0.7554636471801334,0.1442180736856648,1.3778523865673278,3.0694380546000897,0.8054606642987993,0.14094637196073395,0.7615679436259799,0.12756682141899087,,,,,,,,,,,,,,,,,,,,,,,,,,,,,,,,,,,,,,,,,,,,,,,,,,,,,,,,,45
MUTAG,gcn,graph,,,,256.0,0.25,0.001,0.0,128.0,0.7891252994537353,0.08898584743496732,0.8645275712013245,0.07270873814460856,0.7330375247531467,0.13712980850416093,0.6514590269989438,0.46735168821276,0.7816545638773177,0.10921883879611123,0.743790516588423,0.12883960160184446,0.838297884994083,0.06703739518832967,0.8832476006613837,0.07500166679685565,0.7948903534147475,0.10726612485044552,0.5409686893224717,0.3800039332117918,0.8421884510252211,0.06569184978165486,0.7958948413530985,0.11384924015846365,,,,,,,,,,,,,,,,,,,,,,,,,,,,,,,,,,,,,,,,,,,,,,,,,,,,,,,,,45
MUTAG,gcn,graph,,,,256.0,0.25,0.001,0.0,256.0,0.7886524862713284,0.0885892885568237,0.8644794755511813,0.07268515513214785,0.7324228405952453,0.13664040417843357,0.6515630294879278,0.4673596463191954,0.7813125630219777,0.10890187397814542,0.7431369211938647,0.12843373598869418,0.838297884994083,0.06703739518832967,0.8832938975758022,0.07493262508432594,0.7948903534147475,0.10726612485044557,0.5408977932400174,0.38008469333394157,0.8421884510252211,0.06569184978165486,0.7958948413530985,0.11384924015846364,,,,,,,,,,,,,,,,,,,,,,,,,,,,,,,,,,,,,,,,,,,,,,,,,,,,,,,,,45
MUTAG,gcn,graph,,,,256.0,0.25,0.001,0.0001,128.0,0.7900709258185492,0.08872854375440027,0.8651671621534559,0.07171047535692829,0.7343688911861843,0.13727573838409846,0.6494634734259711,0.4659215493928532,0.7829157359070248,0.10893152302298131,0.745771959092882,0.12947786834519173,0.8397163245413038,0.06813344687126233,0.8843030148082309,0.07527414251521536,0.7967218902375963,0.10863896225497113,0.5375686205095715,0.38056417441062423,0.8433375623491075,0.06693170743659839,0.7983380913734436,0.11545495198778177,,,,,,,,,,,,,,,,,,,,,,,,,,,,,,,,,,,,,,,,,,,,,,,,,,,,,,,,,45
MUTAG,gcn,graph,,,,256.0,0.25,0.001,0.0001,256.0,0.7900709258185492,0.08872854375440033,0.8651671608289083,0.07171047522229201,0.7343688911861843,0.13727573838409848,0.6494829899734921,0.4659180437364668,0.7829157359070248,0.1089315230229813,0.745771959092882,0.1294778683451917,0.8397163245413038,0.06813344687126228,0.8843478216065301,0.07530956717129406,0.7967218902375963,0.10863896225497113,0.5375566234191259,0.38055944527775004,0.8433375623491075,0.0669317074365984,0.7983380913734436,0.11545495198778176,,,,,,,,,,,,,,,,,,,,,,,,,,,,,,,,,,,,,,,,,,,,,,,,,,,,,,,,,45
MUTAG,gcn,graph,,,,256.0,0.25,0.01,0.0,128.0,0.677068543434143,0.0917710690888113,0.750415923860338,0.1106885742786667,0.4687931451532576,0.14974795284962686,16.343161894215477,17.050673826556743,0.4501744574970669,0.20865289997746153,0.5528825481732687,0.1154644090457296,0.7049645251697965,0.07322815123457098,0.7639297313160367,0.10984234886815139,0.4953820010026296,0.16480730033682803,14.375686769684156,13.382704203741502,0.4733423444959852,0.22520446955319465,0.5686454746458266,0.1281603200536991,,,,,,,,,,,,,,,,,,,,,,,,,,,,,,,,,,,,,,,,,,,,,,,,,,,,,,,,,45
MUTAG,gcn,graph,,,,256.0,0.25,0.01,0.0,256.0,0.6765957302517361,0.09079172888231364,0.7502092613114251,0.11027048736818595,0.4685165451632606,0.14903170052798626,16.34420393705368,17.049667239307887,0.44904458390341867,0.20635309184704284,0.553078626261817,0.1159630093215488,0.7068557792239719,0.07534561359422003,0.7634667674700419,0.10935249425648359,0.49823762509557934,0.16939080113478736,14.37684048447344,13.381477079783489,0.4760386970308092,0.22873674502954525,0.5727889935175577,0.1349586118763648,,,,,,,,,,,,,,,,,,,,,,,,,,,,,,,,,,,,,,,,,,,,,,,,,,,,,,,,,45
MUTAG,gcn,graph,,,,256.0,0.25,0.01,0.0001,128.0,0.6765957302517361,0.08637831146700232,0.7468789524502224,0.10888740075668979,0.4744725651211209,0.14815678615636824,16.238389618529215,17.043239353188454,0.45622024602360195,0.20978624324125703,0.5568310485945808,0.11254147447239012,0.7044917133119372,0.06927488958722773,0.7594418313768175,0.10906948560362092,0.5001608431339264,0.16378735043826953,14.30353105796708,13.373853922901239,0.49549111525217693,0.23487875687081824,0.5746260735723707,0.1314704092951856,,,,,,,,,,,,,,,,,,,,,,,,,,,,,,,,,,,,,,,,,,,,,,,,,,,,,,,,,45
MUTAG,gcn,graph,,,,256.0,0.25,0.01,0.0001,256.0,0.6860519952244228,0.08937040403508703,0.7526454660627577,0.11161868176470678,0.49920074078771803,0.16426696495571588,15.67592488527298,17.210511029134874,0.4889637364281548,0.22503179705800683,0.5766149931483798,0.12874122763018414,0.7219858063591851,0.08551643337261332,0.7651379346847534,0.11359430388220561,0.5343443274497985,0.18971467438329873,13.855220680766635,13.59554054546288,0.5345282256603241,0.2521063608897946,0.6018101162380642,0.1540891958607376,,,,,,,,,,,,,,,,,,,,,,,,,,,,,,,,,,,,,,,,,,,,,,,,,,,,,,,,,45
MUTAG,gcn,graph,,,,256.0,0.5,0.001,0.0,128.0,0.7673758890893724,0.09764924084285709,0.8666263050503201,0.07476253604984695,0.6871485922071668,0.16267695727159795,0.788726344704628,0.5797040369273171,0.7384211017025841,0.14755982050132632,0.7052903241581387,0.14223939247875528,0.8212766038046942,0.08043260178846097,0.8871964706314934,0.07537033778300281,0.7585920280880398,0.14159589014163876,0.671910697221756,0.6462086665606738,0.8322175006071727,0.09926367136591184,0.7649122079213461,0.13303240279174106,,,,,,,,,,,,,,,,,,,,,,,,,,,,,,,,,,,,,,,,,,,,,,,,,,,,,,,,,45
MUTAG,gcn,graph,,,,256.0,0.5,0.001,0.0,256.0,0.7673758890893724,0.09764924084285714,0.8665760305192736,0.07470889395924549,0.6871485922071668,0.162676957271598,0.7887206100755267,0.5797063257024213,0.7384211017025841,0.14755982050132635,0.7052903241581387,0.1422393924787553,0.8212766038046942,0.080432601788461,0.8871964693069458,0.0753703385910547,0.7585920280880398,0.14159589014163879,0.671905699868997,0.6462066933718238,0.8322175006071727,0.09926367136591184,0.7649122079213461,0.13303240279174106,,,,,,,,,,,,,,,,,,,,,,,,,,,,,,,,,,,,,,,,,,,,,,,,,,,,,,,,,45
MUTAG,gcn,graph,,,,256.0,0.5,0.001,0.0001,128.0,0.7669030759069655,0.09760240207730816,0.8661015815205044,0.07545243276047334,0.6866574075486925,0.16256537363240156,0.7874202460050583,0.5792242975946208,0.73791746629609,0.14752499224087187,0.7051237834824456,0.14267642670243197,0.8203309774398804,0.08070785720447404,0.8871997237205506,0.0752774378985633,0.7575071083174811,0.141589855914074,0.6714795089430279,0.6459559642698358,0.8308552987045712,0.09994522612872148,0.7638705412546793,0.1331347399827675,,,,,,,,,,,,,,,,,,,,,,,,,,,,,,,,,,,,,,,,,,,,,,,,,,,,,,,,,45
MUTAG,gcn,graph,,,,256.0,0.5,0.001,0.0001,256.0,0.7669030759069655,0.09760240207730816,0.8661015801959567,0.07545243386008589,0.6866574075486925,0.16256537363240156,0.7874417454004288,0.5792028121549467,0.73791746629609,0.14752499224087184,0.7051237834824456,0.14267642670243197,0.8203309774398804,0.08070785720447402,0.8871997237205506,0.07527743672559109,0.7575071083174811,0.141589855914074,0.671467146774133,0.6459588889953888,0.8308552987045712,0.0999452261287215,0.7638705412546793,0.13313473998276754,,,,,,,,,,,,,,,,,,,,,,,,,,,,,,,,,,,,,,,,,,,,,,,,,,,,,,,,,45
MUTAG,gcn,graph,,,,256.0,0.5,0.01,0.0,128.0,0.6770685447586907,0.08526205811705494,0.7493478351169163,0.08920541477052621,0.473077392578125,0.1383936615201729,13.266390450795491,12.313169542629078,0.46690574288368225,0.2064631511570548,0.5501582860946655,0.10087806283933687,0.7115839097234938,0.07050166717923949,0.764783693684472,0.10778411098248013,0.5103770169946883,0.1614055568924251,12.414211806986067,10.994518292939052,0.524843700726827,0.24767498006162914,0.576245907942454,0.12427016540164156,,,,,,,,,,,,,,,,,,,,,,,,,,,,,,,,,,,,,,,,,,,,,,,,,,,,,,,,,45
MUTAG,gcn,graph,,,,256.0,0.5,0.01,0.0,256.0,0.6765957315762837,0.0850580174940126,0.7491914391517639,0.0889341961412506,0.47191689941618176,0.13776946450343427,13.268658273087608,12.310748862306577,0.46560390988985695,0.20534124268341714,0.5493646356794569,0.10080383957738599,0.710165470176273,0.06702035025115312,0.7646998445192973,0.10761339113149257,0.5085055397616493,0.15736428829422133,12.41374884015984,10.995019495622904,0.5236348774698045,0.24590819805380335,0.5740633686383565,0.11916388222538894,,,,,,,,,,,,,,,,,,,,,,,,,,,,,,,,,,,,,,,,,,,,,,,,,,,,,,,,,45
MUTAG,gcn,graph,,,,256.0,0.5,0.01,0.0001,128.0,0.6803782370355395,0.0899822937247023,0.740437924861908,0.08808011010132638,0.481107411119673,0.15254491954534777,13.734949572881062,12.04570487903482,0.4639443066385057,0.21102284077478375,0.5587012741300795,0.11455976274637418,0.7087470293045044,0.06876807714339941,0.7508836984634399,0.09547897764653256,0.5022579332192739,0.1625397921330399,12.726228065623177,10.487753729699998,0.49793015321095785,0.23514385383997863,0.5716841830147638,0.1244844261526991,,,,,,,,,,,,,,,,,,,,,,,,,,,,,,,,,,,,,,,,,,,,,,,,,,,,,,,,,45
MUTAG,gcn,graph,,,,256.0,0.5,0.01,0.0001,256.0,0.6794326106707255,0.08812350675384496,0.7404391553666857,0.0879929012507878,0.4797724723815918,0.14949901540111593,13.74108748568429,12.047004553062884,0.4632443202866448,0.20963563100320967,0.5573123852411906,0.11156508571258422,0.7087470293045044,0.06876807714339943,0.7507995261086358,0.09552680792539671,0.5022579332192739,0.16253979213303987,12.731362787220213,10.488734800344854,0.49793015321095785,0.23514385383997863,0.5716841830147638,0.1244844261526991,,,,,,,,,,,,,,,,,,,,,,,,,,,,,,,,,,,,,,,,,,,,,,,,,,,,,,,,,45
MUTAG,gin,graph,,,,128.0,0.25,0.001,0.0001,128.0,0.7801418516370985,0.08076449776827724,0.8723934994803535,0.07514087131315342,0.7380699396133423,0.10279557598186567,0.48166632884078553,0.18327312191501913,0.7764011197619968,0.08444054086267049,0.7443411217795478,0.10216010459489068,0.8345153755611844,0.05964505239328507,0.883676180574629,0.06508980316006668,0.799332778983646,0.09773895065985015,0.46063219341966843,0.16947712771779738,0.8270392523871528,0.06376299325668813,0.8048979282379151,0.10069174273348427,,,,,,,,,,,,,,,,,,,,,,,,,,,,,,,,,,,,,,,,,,,,,,,,,,,,,,,,,45
MUTAG,gin,graph,,,,128.0,0.25,0.001,0.0001,256.0,0.7796690371301439,0.08078431183823458,0.872320846716563,0.07513534567528536,0.7374330785539415,0.10282872732985479,0.4816454771492216,0.18335273028079477,0.7758278648058573,0.08433023434975784,0.743748132387797,0.10234055686536954,0.8345153755611844,0.05964505239328514,0.8835760063595242,0.06522343982619178,0.799332778983646,0.09773895065985032,0.46061909198760986,0.16939240761369392,0.8270392523871528,0.06376299325668813,0.8048979282379151,0.10069174273348426,,,,,,,,,,,,,,,,,,,,,,,,,,,,,,,,,,,,,,,,,,,,,,,,,,,,,,,,,45
MUTAG,gin,graph,,,,128.0,0.25,0.01,0.0001,128.0,0.6529550658331977,0.07184123190323777,0.7668607274691264,0.09574545394993882,0.42449220948749117,0.08484737995344863,9.419452487097846,7.90331088493148,0.3981326003869375,0.17330264982702936,0.5216510865423415,0.05902391181968669,0.6756500972641839,0.02979950882294762,0.769490287039015,0.09301946571178782,0.4370163460572561,0.08988364737807983,8.544215691751903,6.4828099027618675,0.4089116646183862,0.16737623784922825,0.5252230525016784,0.06795415065323882,,,,,,,,,,,,,,,,,,,,,,,,,,,,,,,,,,,,,,,,,,,,,,,,,,,,,,,,,45
MUTAG,gin,graph,,,,128.0,0.25,0.01,0.0001,256.0,0.6534278790156046,0.0723833896668419,0.7669033553865221,0.09603685567903035,0.4248943739467197,0.08586028284453294,9.419408796230952,7.903367403005479,0.40006188220447964,0.17796087286264914,0.5220214578840467,0.05976934695964318,0.6751772840817769,0.028832442356659486,0.7695671982235379,0.09312299722695062,0.4360718071460724,0.0878603399179826,8.544030680259068,6.483052437395692,0.40817931294441223,0.16599621223864466,0.5244823111428155,0.0668991614248501,,,,,,,,,,,,,,,,,,,,,,,,,,,,,,,,,,,,,,,,,,,,,,,,,,,,,,,,,45
MUTAG,gin,graph,,,,128.0,0.5,0.001,0.0001,128.0,0.7791962239477369,0.08562330867936986,0.8740998970137702,0.06755804831201852,0.7272522760762109,0.1346085931204457,0.6254167424307929,0.812902914861634,0.7576112071673076,0.126243920001628,0.7429299513498943,0.12150217965564505,0.8241134842236837,0.06626559062085541,0.8827143417464363,0.06108586569139663,0.7787011543909709,0.12325610832423914,0.5864612778027852,0.7227994727654917,0.8082503649923537,0.11576629322195878,0.7909048755963644,0.11603655336400466,,,,,,,,,,,,,,,,,,,,,,,,,,,,,,,,,,,,,,,,,,,,,,,,,,,,,,,,,45
MUTAG,gin,graph,,,,128.0,0.5,0.001,0.0001,256.0,0.7787234094407823,0.08599632732464615,0.8731545832422044,0.06677451071667412,0.7273604015509287,0.1353003396471188,0.6256240771876441,0.8128483241865092,0.7548555665545993,0.12482973819344828,0.7436701483196683,0.12239991899794274,0.8241134842236837,0.06626559062085542,0.8822825723224216,0.061524074320289966,0.7788766304651896,0.12322751984744591,0.5886485719018513,0.7226277333758667,0.8082871291372511,0.1157493271823429,0.7912983934084574,0.11594273293313252,,,,,,,,,,,,,,,,,,,,,,,,,,,,,,,,,,,,,,,,,,,,,,,,,,,,,,,,,45
MUTAG,gin,graph,,,,128.0,0.5,0.01,0.0001,128.0,0.6709219694137574,0.07322813882315195,0.7795317504141066,0.10652707334163412,0.456405907869339,0.11785663717926019,8.116104474994872,7.353953522239451,0.44243753552436826,0.20324878998221196,0.5387924220826891,0.07842087105738106,0.6950354443656074,0.05737872026334487,0.7803640802701314,0.09457871885411262,0.4760227488146888,0.1398231197772341,7.579711967706681,6.4339712232654325,0.4592523925834232,0.21497653545048112,0.550541549258762,0.09901864824848432,,,,,,,,,,,,,,,,,,,,,,,,,,,,,,,,,,,,,,,,,,,,,,,,,,,,,,,,,45
MUTAG,gin,graph,,,,128.0,0.5,0.01,0.0001,256.0,0.671394783920712,0.07392111270504988,0.7796556181377835,0.10679570694080336,0.4565429084830814,0.11997582833454391,8.115832020839056,7.354351354339727,0.44237089620696174,0.20308123808276626,0.5391686850123936,0.08071905013293795,0.6959810707304213,0.060285592548212544,0.7802580078442891,0.09421673532405855,0.47729386025004916,0.1432225386194277,7.58070526652866,6.432966320884034,0.45976719392670523,0.21609404679050723,0.5518487373987834,0.10262971519490631,,,,,,,,,,,,,,,,,,,,,,,,,,,,,,,,,,,,,,,,,,,,,,,,,,,,,,,,,45
MUTAG,gin,graph,,,,256.0,0.25,0.001,0.0001,128.0,0.7806146621704102,0.07437439935523461,0.8756530748473274,0.057482608622950085,0.7307477593421936,0.1222228268941935,0.6004993289709091,0.5196070291925553,0.760253123442332,0.11493455378072226,0.7432931039068434,0.11009110939356548,0.8335697491963704,0.05725107297071101,0.8834330121676127,0.0635521478344752,0.7902862264050378,0.11279830365310654,0.5596574104494518,0.4732571134396874,0.8291237678792741,0.08833916093019423,0.7984686295191447,0.10827103297902213,,,,,,,,,,,,,,,,,,,,,,,,,,,,,,,,,,,,,,,,,,,,,,,,,,,,,,,,,45
MUTAG,gin,graph,,,,256.0,0.25,0.001,0.0001,256.0,0.7777777817514208,0.07665424211661163,0.8736574808756511,0.05980261851414433,0.7275238619910346,0.12402543818970133,0.6053339031007555,0.5186671287008591,0.7567617297172546,0.11768872316225736,0.7402380718125238,0.11259547661629621,0.8326241228315565,0.05694675683277774,0.8819658663537767,0.06379646787321083,0.7892223126358456,0.11240608474324333,0.5650672343042161,0.4717889102881677,0.8281034741136762,0.08838809763471824,0.7974494324790107,0.1079057639168394,,,,,,,,,,,,,,,,,,,,,,,,,,,,,,,,,,,,,,,,,,,,,,,,,,,,,,,,,45
MUTAG,gin,graph,,,,256.0,0.25,0.01,0.0001,128.0,0.6548463172382779,0.06540431310148448,0.7085040476587083,0.07802135396151572,0.4004404134220547,0.04772882488454602,21.82203963332706,14.427259974045262,0.33682894706726074,0.07419807870758821,0.5041010101636251,0.02751041250684964,0.671394779947069,0.027798920625402162,0.7194160925017463,0.0862492811431707,0.4077563789155748,0.04825689976450266,20.541972210672167,11.814503815280803,0.3463947892189026,0.08130241723339104,0.5045751637882656,0.030691131716272368,,,,,,,,,,,,,,,,,,,,,,,,,,,,,,,,,,,,,,,,,,,,,,,,,,,,,,,,,45
MUTAG,gin,graph,,,,256.0,0.25,0.01,0.0001,256.0,0.6510638117790222,0.06749623655078162,0.7045334233178033,0.07437477932068252,0.3933043122291565,0.025673022587894074,22.121083521842955,14.113184590461096,0.3255319058895111,0.03374811827539083,0.5,0.0,0.6680850863456727,0.021943135180525056,0.7143613563643562,0.08102247940790727,0.4004090964794159,0.00786142931974627,20.757817492220138,11.528104821359385,0.3340425431728363,0.010971567590262528,0.5,0.0,,,,,,,,,,,,,,,,,,,,,,,,,,,,,,,,,,,,,,,,,,,,,,,,,,,,,,,,,45
MUTAG,gin,graph,,,,256.0,0.5,0.001,0.0001,128.0,0.7721040195888943,0.0810978547283914,0.8688850628005134,0.07011608922883013,0.7205205294820998,0.11774994732336715,0.5827165590392218,0.2570900407439437,0.7543703615665436,0.1109457694511686,0.7278563287523058,0.11513188076470383,0.8293144318792555,0.05376651257053216,0.8796032004886203,0.06777031251481849,0.7862068865034315,0.09956508767592648,0.5529495722717709,0.24438507368585496,0.8318631847699484,0.053446702627690496,0.7895772165722317,0.1020937215817391,,,,,,,,,,,,,,,,,,,,,,,,,,,,,,,,,,,,,,,,,,,,,,,,,,,,,,,,,45
MUTAG,gin,graph,,,,256.0,0.5,0.001,0.0001,256.0,0.7678487009472317,0.07709144586136364,0.8674324022399055,0.06811938792214194,0.7161222590340508,0.11356379182379585,0.5795627345641454,0.2582902348025786,0.7494637389977773,0.10824649269143317,0.7238622148831685,0.11183906422344114,0.826950364642673,0.053787771681415734,0.878742848502265,0.06889786772828349,0.7835834158791436,0.09829546863303852,0.5522952132754856,0.24578677468767215,0.8321820815404256,0.05446009113168851,0.7870655761824714,0.10008269085971387,,,,,,,,,,,,,,,,,,,,,,,,,,,,,,,,,,,,,,,,,,,,,,,,,,,,,,,,,45
MUTAG,gin,graph,,,,256.0,0.5,0.01,0.0001,128.0,0.6510638117790222,0.06870485963222286,0.707433025042216,0.07436988548562772,0.40406878987948097,0.061738161820125,21.817567604117922,14.47347302476105,0.3391557117303213,0.07736961152176505,0.5071968727641636,0.03982253009804077,0.6737588458591037,0.04057287864209172,0.7222574353218079,0.08583975802236544,0.41750936110814413,0.08355656633203454,20.314627909660338,11.884853397420454,0.3537778079509735,0.09622848894029408,0.5132852143711514,0.06483193459114209,,,,,,,,,,,,,,,,,,,,,,,,,,,,,,,,,,,,,,,,,,,,,,,,,,,,,,,,,45
MUTAG,gin,graph,,,,256.0,0.5,0.01,0.0001,256.0,0.652482251326243,0.0695383979473104,0.7092710614204407,0.0746188275699898,0.4099534213542938,0.0727328137593549,21.224732014867996,14.78891800606208,0.3472311470243666,0.09362626875046952,0.5106242921617296,0.045431304788575134,0.6747044722239176,0.04172852529442871,0.7239030361175537,0.08548814827830425,0.42265245848231847,0.09010725083700688,19.800658305486042,12.23073513779333,0.3614678435855442,0.1089879865685263,0.5162433677249485,0.0672054625516005,,,,,,,,,,,,,,,,,,,,,,,,,,,,,,,,,,,,,,,,,,,,,,,,,,,,,,,,,45
NCI1,gat,graph,,,,128.0,0.25,0.001,0.0,128.0,0.7207090430789523,0.0289172693448527,0.7903561194737753,0.029767015977515167,0.719180060757531,0.03023827750587509,0.5968157556321886,0.08291691354084647,0.7242223434978061,0.027010005033114452,0.7204063680436876,0.029196667659622963,0.7293735808796353,0.02723334915684776,0.7929925229814317,0.026481601560942356,0.7280655410554674,0.02831736081082532,0.6061566114425659,0.0839424872187245,0.733165278699663,0.025474403221911336,0.7293155511220296,0.02733401569267107,,,,,,,,,,,,,,,,,,,,,,,,,,,,,,,,,,,,,,,,,,,,,,,,,,,,,,,,,45
NCI1,gat,graph,,,,128.0,0.25,0.001,0.0,256.0,0.6983354979091221,0.031008806991360112,0.7678625411457486,0.030787802185057785,0.6960712512334187,0.03272534255673121,0.597538333468967,0.06805016944796245,0.7032150904337565,0.028811194232524807,0.6981573435995314,0.030990004409642443,0.7036027259296841,0.031677485150416,0.7688854058583577,0.03174724495533352,0.7014405263794793,0.033247526563663636,0.600218243069119,0.07979212578058409,0.7088858273294237,0.030154963615581894,0.7035682969623142,0.03175989269081074,,,,,,,,,,,,,,,,,,,,,,,,,,,,,,,,,,,,,,,,,,,,,,,,,,,,,,,,,45
NCI1,gat,graph,,,,128.0,0.25,0.001,0.0001,128.0,0.7221141404575772,0.027513880312941087,0.7907975051138136,0.028343464397542713,0.720798647403717,0.02864277051328776,0.5933391332626343,0.07709118534207687,0.7252131263415019,0.025782253542605847,0.7218825313780043,0.027763961608936377,0.7290706515312195,0.025463407509185177,0.7930976867675781,0.025401876579535486,0.7278809216287401,0.026448279676263294,0.6016600317425198,0.08072482295852998,0.7325454857614305,0.023918554355972586,0.7290305482016669,0.025598596230184064,,,,,,,,,,,,,,,,,,,,,,,,,,,,,,,,,,,,,,,,,,,,,,,,,,,,,,,,,45
NCI1,gat,graph,,,,128.0,0.25,0.001,0.0001,256.0,0.6951145741674635,0.027134903586474173,0.7645719514952766,0.028925378103678796,0.6932272566689386,0.02797571780470943,0.5999230192767249,0.061745700521804614,0.6991522312164307,0.026137457264810465,0.6948553880055746,0.026829911255866715,0.700205557876163,0.027871385676994126,0.7659712937143114,0.030138700284530744,0.6984919177161323,0.028706436059685123,0.601626189549764,0.08188547701233961,0.7046539306640625,0.027073124916935098,0.7002855658531189,0.02779041057015565,,,,,,,,,,,,,,,,,,,,,,,,,,,,,,,,,,,,,,,,,,,,,,,,,,,,,,,,,45
NCI1,gat,graph,,,,128.0,0.25,0.01,0.0,128.0,0.7309122429953681,0.016723558292214974,0.7947851419448853,0.016886931989034515,0.7300182965066698,0.017213742794701562,0.6461165348688761,0.12498475777655786,0.7335819125175476,0.01587095547403091,0.7308400697178311,0.016635132207868802,0.7399329198731317,0.017740405564110325,0.8005884660614861,0.014291478117092122,0.7392018066512214,0.018488050272177058,0.6901844316058688,0.22323767676552989,0.7422040594948662,0.0170251919379597,0.739867177274492,0.01797925243857626,,,,,,,,,,,,,,,,,,,,,,,,,,,,,,,,,,,,,,,,,,,,,,,,,,,,,,,,,45
NCI1,gat,graph,,,,128.0,0.25,0.01,0.0,256.0,0.7119541751013861,0.020125977309071744,0.7747570859061347,0.02340977076977202,0.710727145936754,0.020550901264268947,0.5995024316840701,0.06820338819984263,0.7150111847453647,0.019880168899922054,0.711759701040056,0.0201042689601455,0.7208698431650797,0.02064924668558864,0.7797247409820557,0.024424558783037092,0.7198087851206462,0.02111845133263306,0.6293121225304074,0.16147508100091693,0.7241256872812907,0.02025532056892078,0.7208964745203654,0.020575056010844396,,,,,,,,,,,,,,,,,,,,,,,,,,,,,,,,,,,,,,,,,,,,,,,,,,,,,,,,,45
NCI1,gat,graph,,,,128.0,0.25,0.01,0.0001,128.0,0.7305447578430175,0.015500506813577513,0.7943553606669108,0.017815962609144323,0.7297220667203267,0.01564121786421053,0.6249489943186443,0.09575403196411952,0.7331563221083747,0.015810972665192238,0.7305031432045831,0.01552716532458285,0.7422698219617208,0.013658499805276586,0.8017745309405857,0.014265411226690701,0.7416097137663099,0.01390125116878124,0.6230654146936204,0.11612230371426811,0.7445804569456312,0.013390222119562699,0.7422373056411743,0.013658945265456229,,,,,,,,,,,,,,,,,,,,,,,,,,,,,,,,,,,,,,,,,,,,,,,,,,,,,,,,,45
NCI1,gat,graph,,,,128.0,0.25,0.01,0.0001,256.0,0.7048205865754021,0.018713251115130194,0.7683966186311509,0.02384758683479711,0.7024919284714592,0.020182207919262667,0.6171663330660926,0.08003147295005848,0.710291220082177,0.018099125337766774,0.7044391605589125,0.018925608970570097,0.717364494005839,0.022944154619552463,0.7759021944469876,0.026813436976433836,0.7154298199547662,0.024080891915255514,0.6248999569151137,0.11261113756113877,0.7231360766622755,0.022011372815830193,0.717401209142473,0.022900060953641933,,,,,,,,,,,,,,,,,,,,,,,,,,,,,,,,,,,,,,,,,,,,,,,,,,,,,,,,,45
NCI1,gat,graph,,,,128.0,0.5,0.001,0.0,128.0,0.709122359752655,0.027428933190407824,0.7819286386171976,0.027723274785540476,0.7075639684995015,0.028281151387164933,0.5945857895745171,0.05900493597648895,0.7127844519085355,0.02617220251459448,0.708925211429596,0.027481802832274388,0.718316560321384,0.02874552772047388,0.7833763678868612,0.027260571472519476,0.71693391667472,0.029494946594790374,0.5978328506151835,0.05623611454834184,0.7219834433661567,0.027766792024162715,0.7181832472483317,0.02879209142168354,,,,,,,,,,,,,,,,,,,,,,,,,,,,,,,,,,,,,,,,,,,,,,,,,,,,,,,,,45
NCI1,gat,graph,,,,128.0,0.5,0.001,0.0,256.0,0.6760051939222548,0.0235109821364814,0.743124258518219,0.0245716022917032,0.6724767592218187,0.026363208509277467,0.6359152449501886,0.0884647068650079,0.6831524663501316,0.021745807302855996,0.6759254230393303,0.023463152639416594,0.6829384393162198,0.026151523094686276,0.7437720192803277,0.027366587537453944,0.6796471940146552,0.028583976735357723,0.6323887189229329,0.0848218575631733,0.6902654833263822,0.025397014745892878,0.6829771810107761,0.026127960645125545,,,,,,,,,,,,,,,,,,,,,,,,,,,,,,,,,,,,,,,,,,,,,,,,,,,,,,,,,45
NCI1,gat,graph,,,,128.0,0.5,0.001,0.0001,128.0,0.7065067026350234,0.02933108574496324,0.7784606271319919,0.029702726468859138,0.7045769572257996,0.03085587988432169,0.5990112927224901,0.05434428043603447,0.7107033981217279,0.026931201366933718,0.7062610586484274,0.02947492481699996,0.7156983706686232,0.030785452342154233,0.7812243143717448,0.029156445009326418,0.7139499611324734,0.031981341032595825,0.5956960148281522,0.051786603907118714,0.7202319555812412,0.02883860586983921,0.7156005912356906,0.030792632703567774,,,,,,,,,,,,,,,,,,,,,,,,,,,,,,,,,,,,,,,,,,,,,,,,,,,,,,,,,45
NCI1,gat,graph,,,,128.0,0.5,0.001,0.0001,256.0,0.6761132756868998,0.027349208460050355,0.7421577718522814,0.029543421927917445,0.6721401691436768,0.030217953043841318,0.6415405869483948,0.08650499500241515,0.6840442379315694,0.025369599694639592,0.6759748723771837,0.02718487260873089,0.6843016346295675,0.027353739068232907,0.7437497085995144,0.02946303747745326,0.680596919854482,0.02960324097701373,0.6360561437076993,0.08573158927823152,0.6928660949071248,0.027492569734562985,0.6843330674701267,0.02734357964549472,,,,,,,,,,,,,,,,,,,,,,,,,,,,,,,,,,,,,,,,,,,,,,,,,,,,,,,,,45
NCI1,gat,graph,,,,128.0,0.5,0.01,0.0,128.0,0.7125594509972466,0.03173030330591618,0.7777728292677137,0.03518681610033628,0.7110338595178393,0.033352692759771575,0.6075334363513523,0.05563581451612689,0.7163219332695008,0.029577155591024664,0.7126278824276394,0.031756426949630254,0.719787946012285,0.03335700263962893,0.7829665395948622,0.03435166547543525,0.7181838499175177,0.03469692069625351,0.6567142075962491,0.16280937169030152,0.724117124080658,0.03182417453057729,0.7197589596112569,0.03339162471707471,,,,,,,,,,,,,,,,,,,,,,,,,,,,,,,,,,,,,,,,,,,,,,,,,,,,,,,,,45
NCI1,gat,graph,,,,128.0,0.5,0.01,0.0,256.0,0.684587119685279,0.0259434124409079,0.746087372303009,0.030296217459049573,0.6823879917462666,0.026993902821575978,0.6221698376867506,0.07317478239401788,0.6891412059466044,0.02511486175996592,0.6844069785541959,0.025856929161142815,0.6935626930660672,0.026567879986939075,0.7511967619260153,0.030291852007210605,0.6915261838171217,0.02741091629447097,0.6588120261828104,0.15103371532824514,0.698608034186893,0.02652279946162117,0.6935723357730441,0.02659998002893225,,,,,,,,,,,,,,,,,,,,,,,,,,,,,,,,,,,,,,,,,,,,,,,,,,,,,,,,,45
NCI1,gat,graph,,,,128.0,0.5,0.01,0.0001,128.0,0.7103761434555054,0.027624187848873383,0.7758413076400756,0.02502008745160947,0.7091039670838251,0.027999333229378694,0.6048546062575446,0.04933841827191743,0.714195105764601,0.027024667851434134,0.7105476207203335,0.02708105473367278,0.7197446756892734,0.025908973048256335,0.7819617218441434,0.022781591064193238,0.7184291548199124,0.026679172866030252,0.6207547929551867,0.08549150057089377,0.7236034565501743,0.025538079856337888,0.7197450982199775,0.026008702026445948,,,,,,,,,,,,,,,,,,,,,,,,,,,,,,,,,,,,,,,,,,,,,,,,,,,,,,,,,45
NCI1,gat,graph,,,,128.0,0.5,0.01,0.0001,256.0,0.6770860407087538,0.02453035114260284,0.7428170230653551,0.027624487558609676,0.67317080895106,0.026701343776800217,0.6302706864145067,0.06391922183781636,0.6851534088452657,0.02357929029029191,0.6769025974803501,0.02460705090606131,0.684388181898329,0.02471486701288752,0.7473926663398742,0.028889319603725188,0.680810730987125,0.02619070978659526,0.6196397304534912,0.06760841282635863,0.6930672566095988,0.025616976941758473,0.6844313780466715,0.02465495027303847,,,,,,,,,,,,,,,,,,,,,,,,,,,,,,,,,,,,,,,,,,,,,,,,,,,,,,,,,45
NCI1,gat,graph,,,,256.0,0.25,0.001,0.0,128.0,0.7284479035271538,0.02366557318510228,0.7971525973743863,0.02680307048505607,0.7274590386284723,0.024327137699410376,0.6290660858154297,0.12269157483691139,0.7307817962434556,0.02270804706346617,0.7281508750385708,0.023879639642370918,0.7366223096847534,0.026846237979616612,0.7985988471243116,0.02553030889247764,0.735768285062578,0.027325851872384267,0.6402225057284038,0.12598444373248915,0.7392404211892022,0.025984831319563414,0.7365415308210584,0.026811312790823643,,,,,,,,,,,,,,,,,,,,,,,,,,,,,,,,,,,,,,,,,,,,,,,,,,,,,,,,,45
NCI1,gat,graph,,,,256.0,0.25,0.001,0.0,256.0,0.6998919208844503,0.030957024033937037,0.7700901693767972,0.030791291279378973,0.6979656881756253,0.03302156545964699,0.6126832604408264,0.08001013253641477,0.7042799923155043,0.028720850196566106,0.6999276055230035,0.031057376664481627,0.709899381796519,0.03230724208668091,0.773255807823605,0.03128377360123533,0.7079363001717461,0.03450859101487348,0.6342440181308322,0.16357027899921514,0.7143219259050158,0.029592835843325692,0.709757485654619,0.032454537028249804,,,,,,,,,,,,,,,,,,,,,,,,,,,,,,,,,,,,,,,,,,,,,,,,,,,,,,,,,45
NCI1,gat,graph,,,,256.0,0.25,0.001,0.0001,128.0,0.7288153926531474,0.025523656634289963,0.7969162344932557,0.02781289692437142,0.7275644130176968,0.02676914992428675,0.6461275431844923,0.15022478100906736,0.7322263995806376,0.023699818891848728,0.7287368575731913,0.02568105619315448,0.7368386930889553,0.024427932567579556,0.7991558737225003,0.02485645756110383,0.735615321000417,0.02541701091390205,0.6580648210313585,0.21221326360321738,0.7404969467057122,0.022922660585737806,0.7366914722654555,0.024546175599396588,,,,,,,,,,,,,,,,,,,,,,,,,,,,,,,,,,,,,,,,,,,,,,,,,,,,,,,,,45
NCI1,gat,graph,,,,256.0,0.25,0.001,0.0001,256.0,0.7029831396208869,0.028953527901461655,0.7725596441162957,0.027710444581111146,0.7008767419391209,0.031897671210402746,0.6130284865697225,0.08577131536331764,0.7078193624814352,0.026208307438122216,0.7029803289307488,0.028995118801832902,0.7129070652855767,0.029468317600698422,0.7765455497635736,0.02695201099324379,0.7110930840174358,0.0317464639486695,0.6295771009392208,0.18755041760592367,0.7173238303926256,0.02707925140363117,0.71281056271659,0.029594384883694876,,,,,,,,,,,,,,,,,,,,,,,,,,,,,,,,,,,,,,,,,,,,,,,,,,,,,,,,,45
NCI1,gat,graph,,,,256.0,0.25,0.01,0.0,128.0,0.7113705211215549,0.021940275142672383,0.7729893340004815,0.02551463506004685,0.7092148635122512,0.023185795340710535,0.6876836591296726,0.24677462662813118,0.7168638282352023,0.020831136682703692,0.7111080951160855,0.022120662063778777,0.7213242424858941,0.02228208016311146,0.7781016376283434,0.024802767155230828,0.7195813020070394,0.02340177700292243,0.7117564095391168,0.26919736524692023,0.7268843637572394,0.02125349380471742,0.7214779218037923,0.022324549764999653,,,,,,,,,,,,,,,,,,,,,,,,,,,,,,,,,,,,,,,,,,,,,,,,,,,,,,,,,45
NCI1,gat,graph,,,,256.0,0.25,0.01,0.0,256.0,0.6939472609096103,0.027532077745065962,0.7532906121677823,0.033116374139184446,0.6913894997702704,0.029496319746605576,0.6195929878287845,0.0700874553608715,0.6996444609430101,0.026095183801576806,0.6938434110747443,0.027898999302800768,0.7016336639722188,0.03112860803564818,0.7559996273782518,0.0345808128926096,0.6993508444892036,0.032520724756609616,0.64543670018514,0.132492119813043,0.7073842273818122,0.029799419875320296,0.7016527785195245,0.03107765022285737,,,,,,,,,,,,,,,,,,,,,,,,,,,,,,,,,,,,,,,,,,,,,,,,,,,,,,,,,45
NCI1,gat,graph,,,,256.0,0.25,0.01,0.0001,128.0,0.7087548693021138,0.019712660493618868,0.7697801152865092,0.02297625883485008,0.7070726712544759,0.020736076825386918,0.6482853995429145,0.12079696141158745,0.7133856693903605,0.019038156906401302,0.708792163266076,0.019850779302001444,0.7223628666665819,0.02303712687746635,0.7772848023308648,0.027675616192783446,0.7208459867371453,0.024020138267057983,0.6357141289446089,0.1196157970280879,0.7270270003212823,0.02182398588256083,0.7224284900559319,0.02317040134738135,,,,,,,,,,,,,,,,,,,,,,,,,,,,,,,,,,,,,,,,,,,,,,,,,,,,,,,,,45
NCI1,gat,graph,,,,256.0,0.25,0.01,0.0001,256.0,0.6876783450444539,0.026686500822316803,0.7465011199315389,0.02831709198786667,0.685044691297743,0.02842680909532333,0.6373859683672587,0.09467782846790362,0.6933713581826951,0.025409280183740744,0.6875875565740798,0.02690907117899438,0.6947744237052069,0.027324350597133368,0.7494243476125929,0.03079395257914262,0.6921595335006714,0.028851354055147847,0.6193976958592733,0.0723367520889639,0.700917915503184,0.026160504733366154,0.6946913361549377,0.02760879747612408,,,,,,,,,,,,,,,,,,,,,,,,,,,,,,,,,,,,,,,,,,,,,,,,,,,,,,,,,45
NCI1,gat,graph,,,,256.0,0.5,0.001,0.0,128.0,0.7210332949956259,0.02826182593506797,0.7932172377904256,0.028400151949359388,0.7191917313469781,0.030139425246978862,0.6270105004310608,0.07779354284964593,0.725412126382192,0.02607710980929955,0.7207187546624078,0.028709132681261462,0.7280753003226386,0.028996140388422905,0.7950974636607699,0.02472376092823695,0.7263458609580994,0.03089605766589838,0.6583000467883215,0.1829406811778043,0.7331560519006517,0.026360302957959787,0.7281044893794589,0.028990450646693762,,,,,,,,,,,,,,,,,,,,,,,,,,,,,,,,,,,,,,,,,,,,,,,,,,,,,,,,,46
NCI1,gat,graph,,,,256.0,0.5,0.001,0.0,256.0,0.6884781705008612,0.02650354839085684,0.7570449431737264,0.02772497626007868,0.6871393389172025,0.027365794403073504,0.620262270503574,0.06868507930436986,0.6917592366536458,0.025807164858333193,0.6886953777737088,0.026559079356936802,0.6945580442746481,0.02505363570615868,0.7602557089593676,0.025430752939199417,0.6930023868878682,0.02566215185586847,0.6208474357922872,0.09444700200346931,0.6982615934477912,0.025300369144627757,0.6944597363471985,0.025213626885056652,,,,,,,,,,,,,,,,,,,,,,,,,,,,,,,,,,,,,,,,,,,,,,,,,,,,,,,,,45
NCI1,gat,graph,,,,256.0,0.5,0.001,0.0001,128.0,0.7220492919286092,0.029039115486157657,0.7922147181298997,0.028532147836573554,0.7207197215822008,0.030020274404012046,0.6303615252176921,0.0938069384193521,0.7251213550567627,0.027936953826901957,0.7217362761497498,0.029436990808839998,0.7288326303164164,0.029479763865316144,0.7949114786254035,0.025446664367583985,0.7276248044437832,0.030241277778363274,0.6463937640190125,0.14274656615418174,0.7326186021169027,0.028120027458880648,0.7288791987631056,0.029254712334831824,,,,,,,,,,,,,,,,,,,,,,,,,,,,,,,,,,,,,,,,,,,,,,,,,,,,,,,,,45
NCI1,gat,graph,,,,256.0,0.5,0.001,0.0001,256.0,0.68560311794281,0.02432578836579694,0.7541431413756476,0.02418892737075344,0.6837044821845161,0.025526539793402605,0.6277349723709954,0.06639168991887417,0.6900399870342678,0.02364823128706779,0.6857495254940457,0.024389952704176206,0.692740453614129,0.02116920853771936,0.7579056514634026,0.021490255141715372,0.690802870856391,0.021733587544705224,0.6209646781285604,0.09377662540070865,0.6974722107251485,0.022429773288121478,0.6926112797525193,0.021355566848746822,,,,,,,,,,,,,,,,,,,,,,,,,,,,,,,,,,,,,,,,,,,,,,,,,,,,,,,,,46
NCI1,gat,graph,,,,256.0,0.5,0.01,0.0,128.0,0.708971032831404,0.0301430087036466,0.7704209950235155,0.030527798694696018,0.7073501216040717,0.03129748381063936,0.62264820072386,0.06375179376997715,0.7129813339975145,0.028411181970633317,0.7089488122198316,0.030077134749313082,0.7190089808570014,0.02822269488195766,0.773737965689765,0.02945465324522029,0.7175349063343472,0.029355237737719826,0.6477190216382345,0.12495181276056366,0.72347305615743,0.026523138755373044,0.7191977898279825,0.028177020271292236,,,,,,,,,,,,,,,,,,,,,,,,,,,,,,,,,,,,,,,,,,,,,,,,,,,,,,,,,45
NCI1,gat,graph,,,,256.0,0.5,0.01,0.0,256.0,0.6985300554169549,0.02255335963569033,0.756950400935279,0.02533835738263134,0.6962848981221517,0.024807010333500988,0.6259090767966377,0.0800617609878953,0.7037348839971754,0.019679510926580747,0.698516665564643,0.022546902212167572,0.7079519682460361,0.021656114512500407,0.7618508643574184,0.026521369375967573,0.705990751584371,0.023497355243582117,0.6236078487502204,0.0979393561180494,0.7129790941874187,0.019301788877770853,0.7079226613044739,0.021815599231864186,,,,,,,,,,,,,,,,,,,,,,,,,,,,,,,,,,,,,,,,,,,,,,,,,,,,,,,,,45
NCI1,gat,graph,,,,256.0,0.5,0.01,0.0001,128.0,0.704907054371304,0.02340624832723803,0.76733425060908,0.024955253610197608,0.7026807347933451,0.024617920713100924,0.6353375024265713,0.07174011810505887,0.7108362078666687,0.02305971146373536,0.7049124015702142,0.023724901417817523,0.7184680316183302,0.026768249662533924,0.7741824666659037,0.030930563723378546,0.7164638863669501,0.027803457648399418,0.6272871971130372,0.08294627900630279,0.7245905849668715,0.026320725661689883,0.7185389889611138,0.026869923658020947,,,,,,,,,,,,,,,,,,,,,,,,,,,,,,,,,,,,,,,,,,,,,,,,,,,,,,,,,45
NCI1,gat,graph,,,,256.0,0.5,0.01,0.0001,256.0,0.689883271853129,0.03271013875995155,0.7475866225030687,0.03540996626809582,0.6875712977515327,0.033744426204572034,0.6253961781660716,0.06422519983594703,0.6950240969657898,0.03256945353665397,0.6897383716371325,0.032874256958117916,0.6988640003734164,0.02840527021074715,0.7518914103507995,0.03059169633113891,0.6966242869695027,0.02998117894510408,0.6197124083836874,0.06785785506410678,0.7044631494416131,0.0273929971499267,0.6989250408278571,0.028567915554786615,,,,,,,,,,,,,,,,,,,,,,,,,,,,,,,,,,,,,,,,,,,,,,,,,,,,,,,,,45
NCI1,gcn,graph,,,,128.0,0.25,0.001,0.0,128.0,0.7137916180822584,0.028933380873401988,0.778389036655426,0.030562696296475445,0.7123852901988559,0.03027024471968786,0.6104213383462694,0.062560259698694,0.7174177050590516,0.027006286556865954,0.7138309478759766,0.028968082475391815,0.7213458789719476,0.027994861639207412,0.7817336082458496,0.029731090865035708,0.7200389120313856,0.02914989351127293,0.616684290435579,0.08397311023132037,0.7249680942959256,0.026442443582457544,0.7213357912169562,0.02802613488987372,,,,,,,,,,,,,,,,,,,,,,,,,,,,,,,,,,,,,,,,,,,,,,,,,,,,,,,,,45
NCI1,gcn,graph,,,,128.0,0.25,0.001,0.0,256.0,0.6901642918586731,0.028141131423774998,0.7535885943306817,0.03409687148746387,0.6887462112638686,0.0287936818381281,0.6146512223614586,0.07729723703886489,0.693528393904368,0.027360332120202408,0.6902542816268074,0.027878727062405406,0.6960294259919061,0.028614547414941145,0.7566709346241421,0.03401492320277438,0.6945725083351135,0.02913759821091907,0.6160770343409644,0.11791231224387386,0.699639884630839,0.028904277750941173,0.6959734360376993,0.028527330890537467,,,,,,,,,,,,,,,,,,,,,,,,,,,,,,,,,,,,,,,,,,,,,,,,,,,,,,,,,45
NCI1,gcn,graph,,,,128.0,0.25,0.001,0.0001,128.0,0.7100518888897366,0.027542320024056283,0.7763450569576688,0.029877318692952574,0.7084933400154114,0.029375796369023915,0.613275757100847,0.08085300225920793,0.7139118115107218,0.025564079503433264,0.7100579116079543,0.02769748065395787,0.7174510452482435,0.029135436814961776,0.779940108458201,0.029460110389130198,0.7161017351680332,0.030685760622563917,0.6147172782156203,0.07243808725327648,0.720819025569492,0.02732833252915637,0.7173864218923781,0.02923279362495386,,,,,,,,,,,,,,,,,,,,,,,,,,,,,,,,,,,,,,,,,,,,,,,,,,,,,,,,,45
NCI1,gcn,graph,,,,128.0,0.25,0.001,0.0001,256.0,0.6880674454900954,0.028869472971862653,0.7528104861577352,0.035497776570569906,0.6859027769830491,0.030332656993636634,0.620526581340366,0.08300987305171022,0.6928851511743334,0.026952655407296335,0.6881560524304707,0.02855426177157784,0.6949908018112183,0.02934094748550575,0.7560077693727282,0.03674137202231757,0.6928947673903572,0.030646986869213477,0.6177709460258484,0.1180285441435467,0.699900648328993,0.028272177759656673,0.6949614922205607,0.02926101387255849,,,,,,,,,,,,,,,,,,,,,,,,,,,,,,,,,,,,,,,,,,,,,,,,,,,,,,,,,45
NCI1,gcn,graph,,,,128.0,0.25,0.01,0.0,128.0,0.7118028534783257,0.02667762973606776,0.7752786186006334,0.02947304325004138,0.7091117964850532,0.02918007636424819,0.5979493273629083,0.06265327349150215,0.7184130377239651,0.024075847308567624,0.7115965909428067,0.02688428912218554,0.7223628719647726,0.02615754308198414,0.7802930381562975,0.031224517057779556,0.7200262639257643,0.028385774003901194,0.6436920232243009,0.15892098129579674,0.7290903660986159,0.024154238951143353,0.7223772353596157,0.026389201007527098,,,,,,,,,,,,,,,,,,,,,,,,,,,,,,,,,,,,,,,,,,,,,,,,,,,,,,,,,45
NCI1,gcn,graph,,,,128.0,0.25,0.01,0.0,256.0,0.6863597101635404,0.033347522967233076,0.7486134436395433,0.034461507078077505,0.6816110206974877,0.041437334256915405,0.6014178209834629,0.06391632087440227,0.695298084947798,0.028894596340442922,0.6859736972384982,0.033850083666192146,0.6954452011320326,0.03531377449304436,0.7522977934943305,0.033553388218676955,0.6913651519351536,0.04155318735111443,0.6152814692921109,0.11604218008325495,0.704495890935262,0.03158952018148214,0.6954889999495613,0.035496662636641266,,,,,,,,,,,,,,,,,,,,,,,,,,,,,,,,,,,,,,,,,,,,,,,,,,,,,,,,,46
NCI1,gcn,graph,,,,128.0,0.25,0.01,0.0001,128.0,0.704172072145674,0.03063621107954053,0.76759688589308,0.03440903029975593,0.7015512347221374,0.033353100384191744,0.6044483052359687,0.05764395857257651,0.7100447959370083,0.02809957524625498,0.7039933390087552,0.030719438492497083,0.7126906805568272,0.03177664548194406,0.7729055788781908,0.035370613015380935,0.7104522744814555,0.034183508643319024,0.5915486693382264,0.04663639098059152,0.718285964594947,0.030248355597554642,0.7126344972186618,0.03191065861184713,,,,,,,,,,,,,,,,,,,,,,,,,,,,,,,,,,,,,,,,,,,,,,,,,,,,,,,,,45
NCI1,gcn,graph,,,,128.0,0.25,0.01,0.0001,256.0,0.6813229587343004,0.03107959453727798,0.7425369434886508,0.03260362767271699,0.6770637644661798,0.035224456980662455,0.6088718838161893,0.05936531708562697,0.6893619471126132,0.02863887754303187,0.6810100303755866,0.03182373063259583,0.692394244670868,0.029578426452144906,0.7467472473780314,0.03205893334990114,0.6886627780066596,0.03231581067774919,0.5999051491419475,0.06431064564903907,0.7016134262084961,0.02827717001479883,0.6925386004977756,0.029599669202927018,,,,,,,,,,,,,,,,,,,,,,,,,,,,,,,,,,,,,,,,,,,,,,,,,,,,,,,,,45
NCI1,gcn,graph,,,,128.0,0.5,0.001,0.0,128.0,0.6999135348531935,0.022835563117911694,0.766935760445065,0.028730858977281015,0.6981898771391974,0.0246904356068666,0.5986025306913588,0.04351936288184502,0.7041300230556065,0.0205663343162472,0.7000253982014126,0.022949986870414912,0.7072811828719245,0.023902622170691414,0.767867194281684,0.027751631416253014,0.7055634710523817,0.0252777049887975,0.6070101830694411,0.05494961516469833,0.7117515669928657,0.022656912709809882,0.7072571608755324,0.023965061298245577,,,,,,,,,,,,,,,,,,,,,,,,,,,,,,,,,,,,,,,,,,,,,,,,,,,,,,,,,45
NCI1,gcn,graph,,,,128.0,0.5,0.001,0.0,256.0,0.6733030729823642,0.027734172402595597,0.7310228043132359,0.031007855921832275,0.6699327203962538,0.03011219127771459,0.6370506087938944,0.06384674154016397,0.6800065305497911,0.027651090179624728,0.6731258352597554,0.027660986705795358,0.6794763657781813,0.026845962647734648,0.7342486328548855,0.029819028824787153,0.6764721658494738,0.02932456597008569,0.638679051399231,0.11105570787486539,0.6858141806390551,0.026160126876912514,0.6794549809561835,0.027008881435678766,,,,,,,,,,,,,,,,,,,,,,,,,,,,,,,,,,,,,,,,,,,,,,,,,,,,,,,,,45
NCI1,gcn,graph,,,,128.0,0.5,0.001,0.0001,128.0,0.7007782141367594,0.02448247205076059,0.7668569882710775,0.02852103560078618,0.69906075530582,0.02640429485955261,0.597219955921173,0.03618245475627495,0.7049738221698337,0.022163394911658463,0.7008898099263509,0.024477239533217048,0.7076923065715366,0.02422704112129741,0.7675066537327236,0.029188252195255112,0.7059905793931749,0.025767686799879935,0.6046679417292277,0.057644541247674756,0.7121396581331889,0.022816245349155564,0.7077040248446994,0.02435332784779665,,,,,,,,,,,,,,,,,,,,,,,,,,,,,,,,,,,,,,,,,,,,,,,,,,,,,,,,,45
NCI1,gcn,graph,,,,128.0,0.5,0.001,0.0001,256.0,0.6714223954412673,0.025511861835303157,0.730740820036994,0.028717135221669354,0.6682696421941121,0.027787284623756042,0.6368109464645386,0.06860407182007332,0.6774664243062337,0.02530490328728921,0.6711837543381585,0.025414464461572354,0.6784160998132494,0.026711680325254568,0.7338608039749993,0.028450221920818728,0.6755437797970242,0.029187695413151943,0.6409247451358371,0.11952794522702093,0.6843036876784431,0.025855055480839204,0.6783559666739569,0.026851240915941828,,,,,,,,,,,,,,,,,,,,,,,,,,,,,,,,,,,,,,,,,,,,,,,,,,,,,,,,,45
NCI1,gcn,graph,,,,128.0,0.5,0.01,0.0,128.0,0.7001729395654467,0.020934326656282774,0.7680872586038378,0.022431004577264366,0.6981806410683526,0.02145146017285134,0.6016907453536987,0.03879819329945603,0.7053528441323175,0.021258030678015547,0.700123479631212,0.02077236883151755,0.7057016107771131,0.02481801904992383,0.7715100738737318,0.025711360776759437,0.7038730237219069,0.025287067548478995,0.6383904933929443,0.1295142043596263,0.7108465605311923,0.025819855486564132,0.7056921905941433,0.024962204879275876,,,,,,,,,,,,,,,,,,,,,,,,,,,,,,,,,,,,,,,,,,,,,,,,,,,,,,,,,45
NCI1,gcn,graph,,,,128.0,0.5,0.01,0.0,256.0,0.6811716424094306,0.022338096524803525,0.7419335047403971,0.02318951206517478,0.6774942411316766,0.02440299874734529,0.6199074294832018,0.07035782962176276,0.6892429603470697,0.021603778851879064,0.6810996664894952,0.02206490230676672,0.6870496604177687,0.02601199242537544,0.744228023952908,0.02587333747439559,0.6837829073270162,0.02706575072222057,0.6233255989021725,0.08383084819852937,0.6951101435555352,0.027448391091873522,0.6870649735132853,0.02617653371770903,,,,,,,,,,,,,,,,,,,,,,,,,,,,,,,,,,,,,,,,,,,,,,,,,,,,,,,,,45
NCI1,gcn,graph,,,,128.0,0.5,0.01,0.0001,128.0,0.7007349809010823,0.022795535911872212,0.7659114453527662,0.024195007549849788,0.6987256420983209,0.023715964143300152,0.6023348212242127,0.04043835463500678,0.7052453862296211,0.022282006613933973,0.7003809319602119,0.02288811609807283,0.7062209222051833,0.026378228667257177,0.770817059940762,0.026352154048987556,0.7045368856853909,0.027386632828215268,0.6004157900810242,0.051891689957610114,0.7107127984364827,0.025874873260409947,0.7062314589818318,0.02643528334031128,,,,,,,,,,,,,,,,,,,,,,,,,,,,,,,,,,,,,,,,,,,,,,,,,,,,,,,,,45
NCI1,gcn,graph,,,,128.0,0.5,0.01,0.0001,256.0,0.6782533513175116,0.023074962158358612,0.7381473898887634,0.025294969856860323,0.6746875789430407,0.02546149293374098,0.6233602219157749,0.06545037756882799,0.6860426664352417,0.02126520497146426,0.6783615509668987,0.022877761947442815,0.6846911165449354,0.025292859862270582,0.7412579735120137,0.027865215414506418,0.6813403619660272,0.02674227474238074,0.6237490110927157,0.08571650785741271,0.6925958818859524,0.02589181642593278,0.6846886939472623,0.025442188245766172,,,,,,,,,,,,,,,,,,,,,,,,,,,,,,,,,,,,,,,,,,,,,,,,,,,,,,,,,45
NCI1,gcn,graph,,,,256.0,0.25,0.001,0.0,128.0,0.7148940801620484,0.025926554880272273,0.7814537882804871,0.028694975755306548,0.7135443925857544,0.027005265638125865,0.6472531742519803,0.14457579807747858,0.7179782443576389,0.024155069298496867,0.7146806319554647,0.025983625461353202,0.7240289966265361,0.02833089668160885,0.7851422760221693,0.02862977764667345,0.7229712459776136,0.029140363252521152,0.6575124396218194,0.16701214605808848,0.7268984953562418,0.027099319928210193,0.7239665892389086,0.028456390392179235,,,,,,,,,,,,,,,,,,,,,,,,,,,,,,,,,,,,,,,,,,,,,,,,,,,,,,,,,45
NCI1,gcn,graph,,,,256.0,0.25,0.001,0.0,256.0,0.6959144022729662,0.02768484519441631,0.7621614469422234,0.029975392586099638,0.6938468840387132,0.03004751029548364,0.6254542768001556,0.08931045119959888,0.7004544443554348,0.024970725270202252,0.6959772904713949,0.027832135347551752,0.7069998926586575,0.027823869338385366,0.7669726901584202,0.028625184750751292,0.7050799740685357,0.02966846010045816,0.61977259516716,0.08643251836386173,0.7118466708395216,0.025422628825164346,0.7070479763878716,0.027766145689687303,,,,,,,,,,,,,,,,,,,,,,,,,,,,,,,,,,,,,,,,,,,,,,,,,,,,,,,,,45
NCI1,gcn,graph,,,,256.0,0.25,0.001,0.0001,128.0,0.7136835323439704,0.026149705830055672,0.7798637469609578,0.02854302479278536,0.712601719962226,0.02715304346231744,0.630143117904663,0.12192808317245446,0.7161869062317743,0.02436369052871048,0.7136114941702949,0.02626064388031158,0.7228821820682949,0.02670441668233348,0.7845049275292291,0.02911785257415665,0.7219812009069655,0.027461768989041093,0.6248287346627978,0.08378633100822858,0.7250659359825982,0.02517984034640759,0.7227424873246087,0.026741342068428983,,,,,,,,,,,,,,,,,,,,,,,,,,,,,,,,,,,,,,,,,,,,,,,,,,,,,,,,,45
NCI1,gcn,graph,,,,256.0,0.25,0.001,0.0001,256.0,0.6940337300300599,0.0289472871898832,0.7621587091022067,0.031285004962821696,0.6916476951705085,0.031887783499944436,0.6302348083919949,0.09618330328502707,0.6990153948465984,0.025326193158703776,0.694094181060791,0.029198397884144085,0.7044682476255629,0.028396336214208687,0.7662214358647664,0.029535207863618896,0.7023059540324741,0.030511886862049618,0.6220928304725223,0.09119000570669641,0.7096443414688111,0.02565453301893839,0.7044423990779453,0.02837744842627624,,,,,,,,,,,,,,,,,,,,,,,,,,,,,,,,,,,,,,,,,,,,,,,,,,,,,,,,,45
NCI1,gcn,graph,,,,256.0,0.25,0.01,0.0,128.0,0.6879593663745456,0.04492546470952775,0.7501321487956577,0.048783799502347534,0.6840518395105998,0.04852460183435983,0.6105479770236545,0.058083421729563274,0.6952603618303935,0.041831791107250424,0.6878818074862162,0.04476070182266502,0.6994915154245165,0.04760565826748694,0.7563640064663357,0.05111645361898989,0.6962428172429402,0.05050234650718165,0.629180598921246,0.14975272128752926,0.7066132214334276,0.04565194058888996,0.6996070636643303,0.04777860802305227,,,,,,,,,,,,,,,,,,,,,,,,,,,,,,,,,,,,,,,,,,,,,,,,,,,,,,,,,45
NCI1,gcn,graph,,,,256.0,0.25,0.01,0.0,256.0,0.6582144379615784,0.03939833971759507,0.7171549810303582,0.04070546712424225,0.6506819261444939,0.04425552005720595,0.62153366472986,0.045048995527800784,0.6707459767659505,0.037753111867351405,0.6577982743581136,0.039581413494930204,0.6695661558045282,0.03972957470689892,0.7228272438049317,0.03922844379776249,0.663330606619517,0.04345837676245903,0.6426059444745381,0.10347089439984859,0.6820456928677029,0.03871734751330457,0.6697254432572259,0.04009659020692389,,,,,,,,,,,,,,,,,,,,,,,,,,,,,,,,,,,,,,,,,,,,,,,,,,,,,,,,,45
NCI1,gcn,graph,,,,256.0,0.25,0.01,0.0001,128.0,0.6819066166877746,0.04772038498460711,0.7429654015435113,0.049472806147436564,0.6767807351218329,0.0521402339614092,0.6265414595603943,0.09742490175749093,0.6912198543548584,0.04393297055350139,0.6818094849586487,0.047410951382758915,0.6953370067808363,0.04827980884350462,0.750483614868588,0.05073767938368385,0.6914793425136142,0.0516473759001725,0.6108761403295729,0.08587725258798364,0.7035001940197415,0.04575955209859684,0.6954376604821947,0.04841828131712429,,,,,,,,,,,,,,,,,,,,,,,,,,,,,,,,,,,,,,,,,,,,,,,,,,,,,,,,,45
NCI1,gcn,graph,,,,256.0,0.25,0.01,0.0001,256.0,0.6554907096756829,0.03706141095256245,0.7129984789424473,0.036868122320836916,0.6480607165230645,0.040644694560874564,0.6260648330052694,0.03735520682063854,0.6685529947280884,0.03640916536915938,0.655398154258728,0.03690069930652425,0.6682029631402757,0.03665644707950096,0.7197989847924974,0.03641113914607163,0.6621020634969076,0.03923670452612795,0.6195562693807813,0.047033184194271625,0.6812080966101752,0.03711105471503692,0.6684904005792406,0.036636718078664976,,,,,,,,,,,,,,,,,,,,,,,,,,,,,,,,,,,,,,,,,,,,,,,,,,,,,,,,,45
NCI1,gcn,graph,,,,256.0,0.5,0.001,0.0,128.0,0.7100518888897366,0.022168242979035413,0.7752372980117798,0.02601272231197112,0.7088013980123732,0.02286215591750071,0.6277067912949457,0.10543629569392289,0.7133736742867364,0.021309797957038027,0.7100685278574626,0.02228533964462487,0.7160662068261041,0.023684470892924386,0.7785062498516506,0.028253318063266374,0.714968294567532,0.024201130480834665,0.6268140951792399,0.0688229242995393,0.7191720419459873,0.022879729188192977,0.7160651233461168,0.023691495410753192,,,,,,,,,,,,,,,,,,,,,,,,,,,,,,,,,,,,,,,,,,,,,,,,,,,,,,,,,45
NCI1,gcn,graph,,,,256.0,0.5,0.001,0.0,256.0,0.6811932577027215,0.030212215391695343,0.7450401186943054,0.032300189518459914,0.6775884495841132,0.03380458510593122,0.6625068797005548,0.10838263493155009,0.6877174933751424,0.02749293233060428,0.680830893251631,0.03056408499166522,0.6885643190807766,0.029943435137338093,0.7470839844809638,0.03029510298049803,0.6851863132582771,0.033458495788655014,0.6485750767919752,0.10205861330122544,0.6959187401665582,0.026693248310827682,0.6886152784029643,0.030025228880378955,,,,,,,,,,,,,,,,,,,,,,,,,,,,,,,,,,,,,,,,,,,,,,,,,,,,,,,,,45
NCI1,gcn,graph,,,,256.0,0.5,0.001,0.0001,128.0,0.705814962916904,0.022541587662617046,0.7722912536727058,0.028261374360740388,0.7042137013541327,0.023728247601917468,0.6335138347413805,0.09866646264022762,0.709584653377533,0.021020456130662953,0.7056888845231798,0.02278324612083754,0.713967329925961,0.025233895024112905,0.7752896851963467,0.027955610078008356,0.712504952483707,0.02609400810744969,0.6284728593296475,0.07234438870326135,0.71802429623074,0.02392996422878788,0.7139681723382738,0.02520811438715681,,,,,,,,,,,,,,,,,,,,,,,,,,,,,,,,,,,,,,,,,,,,,,,,,,,,,,,,,45
NCI1,gcn,graph,,,,256.0,0.5,0.001,0.0001,256.0,0.678491140736474,0.02884608789928072,0.742705414030287,0.029444302981099346,0.6745685511165195,0.03279859581108667,0.6674012674225701,0.10284556506573937,0.685760317908393,0.02629075377293928,0.6782183210055034,0.029235347162509275,0.6868332809872097,0.029122109904170017,0.7463627126481798,0.030091180036664902,0.6831864555676778,0.03290213973510695,0.6426626549826728,0.09486233502500753,0.6943888995382521,0.025479478554056287,0.6867338432206048,0.029218684440078836,,,,,,,,,,,,,,,,,,,,,,,,,,,,,,,,,,,,,,,,,,,,,,,,,,,,,,,,,45
NCI1,gcn,graph,,,,256.0,0.5,0.01,0.0,128.0,0.6918071813053555,0.04641881198767084,0.751356221569909,0.05090671615509198,0.6872283101081849,0.050974867475107835,0.5981941037707859,0.045164140553887844,0.6999547905392117,0.04196280438258024,0.6914347423447503,0.04639928022064177,0.7017202178637186,0.04804527586013397,0.7578426665729947,0.05027584610033748,0.6981133196089003,0.05146175277547772,0.6316230018933614,0.11874089942125977,0.7094476567374335,0.04504359523701008,0.701740050315857,0.048203137029592384,,,,,,,,,,,,,,,,,,,,,,,,,,,,,,,,,,,,,,,,,,,,,,,,,,,,,,,,,45
NCI1,gcn,graph,,,,256.0,0.5,0.01,0.0,256.0,0.6659533143043518,0.041602166130390916,0.7243340479003059,0.041765209754268486,0.6593826545609368,0.045524323155665194,0.6120107915666368,0.04661817273544504,0.677611439757877,0.03941382551034394,0.6657120148340862,0.04145345657666043,0.6785675631629096,0.038790522553002256,0.7306851148605347,0.04064422374182202,0.6732366681098938,0.04192312252571636,0.6279774341318343,0.09394107106927645,0.6900854190190633,0.03759568014483723,0.6787971761491564,0.039117755159049375,,,,,,,,,,,,,,,,,,,,,,,,,,,,,,,,,,,,,,,,,,,,,,,,,,,,,,,,,45
NCI1,gcn,graph,,,,256.0,0.5,0.01,0.0001,128.0,0.6838953786426121,0.045173736438934825,0.7441017561488681,0.04979069003168077,0.6787942634688483,0.04960025970564917,0.6100172360738119,0.05037866359626118,0.6931454300880432,0.040974986287060144,0.683697685930464,0.04505989108012403,0.6967218438784282,0.0477820055239307,0.7528731147448222,0.05155741875868714,0.6926341758833992,0.05132871148761528,0.5975853615336948,0.049090122182922184,0.7054214729203119,0.04514994705312421,0.6967546754413181,0.04802315581157729,,,,,,,,,,,,,,,,,,,,,,,,,,,,,,,,,,,,,,,,,,,,,,,,,,,,,,,,,45
NCI1,gcn,graph,,,,256.0,0.5,0.01,0.0001,256.0,0.6575010803010729,0.03914680270960452,0.7148809340265062,0.03993453257115622,0.6499256942007277,0.04460771376123359,0.6241475317213271,0.038957852893473664,0.6704351041052077,0.03616426499522457,0.6575077507230971,0.03884644157770091,0.6698258148299323,0.0375178912232571,0.722298863199022,0.03971707462851113,0.6635487159093221,0.04145859287750291,0.6200127826796638,0.04632158568237676,0.6824893911679586,0.03721602533987562,0.669931067360772,0.037886923795573936,,,,,,,,,,,,,,,,,,,,,,,,,,,,,,,,,,,,,,,,,,,,,,,,,,,,,,,,,45
NCI1,gin,graph,,,,128.0,0.25,0.001,0.0001,128.0,0.7261997448073493,0.022314438909835966,0.7926078862614102,0.023138399927959744,0.7254430956310696,0.02265560912953211,0.6120274742444356,0.09479493114096577,0.7281198938687642,0.021769322515642012,0.7260358108414544,0.022315554775549612,0.7308449612723457,0.020702908061498496,0.794233050611284,0.022015223481784935,0.7300399038526747,0.02113475360394245,0.6185530702273051,0.10805957312149687,0.7335030608707004,0.02010139072115642,0.7308873083856371,0.02064116875030153,,,,,,,,,,,,,,,,,,,,,,,,,,,,,,,,,,,,,,,,,,,,,,,,,,,,,,,,,45
NCI1,gin,graph,,,,128.0,0.25,0.001,0.0001,256.0,0.6962386555141873,0.030890112738932343,0.760552011595832,0.03068196839916659,0.6941287398338318,0.033008193069527215,0.6182606776555379,0.0740764416910902,0.7007112317615085,0.028417025322367066,0.6961229562759399,0.03058667448289154,0.7020664347542657,0.03126950473043789,0.7627701587147183,0.032847005422121135,0.7000931157006158,0.03336513902664511,0.6223365896277957,0.10922897780579442,0.706720667415195,0.029350562597583608,0.7020932422743903,0.031421296824988135,,,,,,,,,,,,,,,,,,,,,,,,,,,,,,,,,,,,,,,,,,,,,,,,,,,,,,,,,45
NCI1,gin,graph,,,,128.0,0.25,0.01,0.0001,128.0,0.6548854284816318,0.04969747416177759,0.7131967147191366,0.05036006764417437,0.6478882749875386,0.05410724387306282,0.6268647021717495,0.04307057416240999,0.6644715348879496,0.045762624756068175,0.6543913576338026,0.04971440574684083,0.6660175204277039,0.04881986001481894,0.7205737206670974,0.05108236272563697,0.6610449287626479,0.051804428953500584,0.6264540606074863,0.05235486442188469,0.6746482637193468,0.04640066498991676,0.666179797384474,0.04899603197870038,,,,,,,,,,,,,,,,,,,,,,,,,,,,,,,,,,,,,,,,,,,,,,,,,,,,,,,,,45
NCI1,gin,graph,,,,128.0,0.25,0.01,0.0001,256.0,0.6410289645195008,0.039058624999487854,0.7022039466434055,0.038661998715706844,0.631532961792416,0.04531537201528083,0.6319866723484463,0.03417631137690949,0.6539075136184692,0.0347165046529241,0.6405556784735785,0.03927262780535721,0.6532727400461833,0.03772408797690589,0.7083747479650709,0.039225366109208605,0.6460531459914314,0.041986684921020354,0.6240085588561164,0.037834724596134475,0.6655193183157179,0.03548220670327269,0.6533978369500902,0.03796339388550641,,,,,,,,,,,,,,,,,,,,,,,,,,,,,,,,,,,,,,,,,,,,,,,,,,,,,,,,,45
NCI1,gin,graph,,,,128.0,0.5,0.001,0.0001,128.0,0.7060095151265462,0.023629134497103608,0.7723471416367425,0.024042801697000227,0.7041898369789124,0.02462378594298214,0.6085146294699775,0.05363779250041381,0.7103120737605625,0.022372047859514556,0.7057905038197835,0.023741604201830017,0.7127123249901666,0.027764287109683573,0.7749781674808927,0.026974491148940585,0.711043553882175,0.028480755444967875,0.6150518284903632,0.0729000522737814,0.7174767163064745,0.027407021091449154,0.7127364767922295,0.02788292457914222,,,,,,,,,,,,,,,,,,,,,,,,,,,,,,,,,,,,,,,,,,,,,,,,,,,,,,,,,45
NCI1,gin,graph,,,,128.0,0.5,0.001,0.0001,256.0,0.678988336192237,0.02709247725980452,0.7412100447548761,0.02781612048033887,0.6753481758965386,0.031147591230272935,0.6359628094567193,0.0666995681684426,0.6861839638815985,0.02298705188970478,0.6789610412385728,0.026675571337373274,0.6847560313012865,0.02877888495502665,0.7445504625638326,0.030038441928204925,0.681276884343889,0.03306025983712764,0.6511137220594618,0.11000200193398181,0.6914198027716743,0.025099194188251284,0.6845683813095093,0.029044840095858285,,,,,,,,,,,,,,,,,,,,,,,,,,,,,,,,,,,,,,,,,,,,,,,,,,,,,,,,,45
NCI1,gin,graph,,,,128.0,0.5,0.01,0.0001,128.0,0.6676178137461345,0.04953012288710597,0.7294729656643337,0.05326829665251959,0.6628260109159682,0.05295193701352914,0.6282266047265794,0.04535759665268531,0.6754140535990397,0.046772049828788374,0.6675000217225816,0.049474654873739136,0.6796927372614543,0.04956884748193939,0.7380711237589518,0.05383764419178241,0.6756447964244419,0.052859303568822215,0.6126011378235288,0.054764970515706904,0.6870619376500448,0.04676438746925223,0.6797023985120986,0.049520884365057555,,,,,,,,,,,,,,,,,,,,,,,,,,,,,,,,,,,,,,,,,,,,,,,,,,,,,,,,,45
NCI1,gin,graph,,,,128.0,0.5,0.01,0.0001,256.0,0.636770428551568,0.03160655463928681,0.6929907970958286,0.03399754252786564,0.6291919019487169,0.035297888671969535,0.6409056901931762,0.03323204132590362,0.6479865868886312,0.03144703423710362,0.636547236972385,0.03163219112254559,0.6473222984208001,0.03551014372226444,0.6994083086649577,0.03921319732682525,0.6413237942589654,0.03741280167449463,0.6281258053249783,0.04085477836165344,0.6582457039091322,0.037655620179498694,0.6475821243392097,0.03565144518902542,,,,,,,,,,,,,,,,,,,,,,,,,,,,,,,,,,,,,,,,,,,,,,,,,,,,,,,,,45
NCI1,gin,graph,,,,256.0,0.25,0.001,0.0001,128.0,0.7202550835079617,0.017035962880226452,0.7864612234963311,0.018822808227475892,0.7191313081317477,0.017548743054685116,0.6382457362280951,0.10811328795494773,0.7234547509087457,0.01646427034611849,0.7201911409695944,0.017044356200956696,0.727858919567532,0.01844522508526103,0.7884591049618191,0.018946626380246204,0.7268765118387011,0.018808913438954408,0.6544690344068739,0.12544282025150755,0.7309945980707805,0.018728921185266405,0.7278191791640387,0.018603563949611664,,,,,,,,,,,,,,,,,,,,,,,,,,,,,,,,,,,,,,,,,,,,,,,,,,,,,,,,,45
NCI1,gin,graph,,,,256.0,0.25,0.001,0.0001,256.0,0.6999567694134182,0.023566854662551134,0.763867097430759,0.023992078277968096,0.6985448506143358,0.024160024955122435,0.6363906310664282,0.09729569201324169,0.7034943501154581,0.02315014384219576,0.6999548064337836,0.0234462337635138,0.7059612645043267,0.02166913186305585,0.7656578275892469,0.024670389015635563,0.7047134915987651,0.02183329964655297,0.6633890608946482,0.11498916443618798,0.7095168034235636,0.02246592689988001,0.7059703509012858,0.021695038178176165,,,,,,,,,,,,,,,,,,,,,,,,,,,,,,,,,,,,,,,,,,,,,,,,,,,,,,,,,45
NCI1,gin,graph,,,,256.0,0.25,0.01,0.0001,128.0,0.6530479934480455,0.04340330069780592,0.7123777137862312,0.04668317025258792,0.6463322851392957,0.04706800867894052,0.6337066080835131,0.06616897758403217,0.6633629110124376,0.04227502494090779,0.6526510980394151,0.04353202944824926,0.6649356219503615,0.04585947914092291,0.7177247179879083,0.04632312874818262,0.6596810261408488,0.048595662287099675,0.628517108493381,0.07918809695930674,0.6747708294126723,0.045054330462327374,0.6651563763618469,0.04608215271597102,,,,,,,,,,,,,,,,,,,,,,,,,,,,,,,,,,,,,,,,,,,,,,,,,,,,,,,,,45
NCI1,gin,graph,,,,256.0,0.25,0.01,0.0001,256.0,0.6289234717686971,0.02539163030875393,0.6861395597457886,0.022446234897558228,0.620463138156467,0.028873015551387122,0.6446308414141337,0.022494157516582004,0.64101668993632,0.02598803070717294,0.6287303037113614,0.025161453267367444,0.638883478111691,0.02233906703669007,0.6936927159627279,0.025534303387874845,0.6325409849484761,0.02408829363951409,0.6417275415526495,0.02228264084052508,0.6497989919450547,0.025041830003335187,0.6391722083091735,0.02288494059031142,,,,,,,,,,,,,,,,,,,,,,,,,,,,,,,,,,,,,,,,,,,,,,,,,,,,,,,,,45
NCI1,gin,graph,,,,256.0,0.5,0.001,0.0001,128.0,0.7181582450866699,0.02124080134612582,0.7850048700968425,0.02344101288903197,0.7168496674961514,0.022301055202800707,0.6368422110875448,0.09238993866924441,0.7214897049797906,0.019956975181057064,0.7179983417193095,0.02127620992335769,0.7236395107375251,0.02242348722834089,0.7863195273611281,0.02290356781077903,0.7225325041347079,0.02304892116025092,0.6414614015155369,0.09734484428698716,0.7267584270901151,0.02237761887783603,0.7234903785917494,0.02267637497920409,,,,,,,,,,,,,,,,,,,,,,,,,,,,,,,,,,,,,,,,,,,,,,,,,,,,,,,,,45
NCI1,gin,graph,,,,256.0,0.5,0.001,0.0001,256.0,0.6878945138719347,0.019528022391334707,0.7523426466517978,0.02268954036899831,0.6853449066480001,0.02145168489624856,0.6416061745749579,0.07991327804246262,0.6933943721983168,0.01800072480334309,0.6877503964636061,0.0197856146857407,0.6931082977188958,0.021050534034306612,0.7523529847462972,0.022029390064662577,0.6909138003985087,0.022427607957443238,0.6767715480592515,0.1358833874501635,0.6985821551746793,0.020234035022367657,0.6931972901026408,0.02103533219297156,,,,,,,,,,,,,,,,,,,,,,,,,,,,,,,,,,,,,,,,,,,,,,,,,,,,,,,,,45
NCI1,gin,graph,,,,256.0,0.5,0.01,0.0001,128.0,0.6482274095217387,0.046433637075657605,0.7078436758783129,0.04888971721294178,0.6410395834181044,0.050632223516834815,0.6258975903193156,0.04534203639050774,0.6586209601826138,0.043373652215600814,0.6479458265834385,0.04649836228010284,0.6604349202579922,0.04614249490124229,0.7148308409584894,0.04927473701906812,0.6547857522964478,0.0496850855541061,0.6181734297010634,0.038055685063924836,0.6697863433096144,0.043173641199757806,0.660521133740743,0.04639454525554236,,,,,,,,,,,,,,,,,,,,,,,,,,,,,,,,,,,,,,,,,,,,,,,,,,,,,,,,,45
NCI1,gin,graph,,,,256.0,0.5,0.01,0.0001,256.0,0.6285559839672512,0.02924468613861437,0.688210912545522,0.026719536698090927,0.6159181290202671,0.038509163726058185,0.6426045921113755,0.03009240182462509,0.6462851312425402,0.027309838639814253,0.6281584991349114,0.029502685133294213,0.6393378774325053,0.02954021129197346,0.6955528855323792,0.0299248782268497,0.629308103190528,0.036051851110186175,0.6405453085899353,0.024542638802731543,0.6559121529261271,0.03144178883328351,0.6392844239870707,0.030322147225175705,,,,,,,,,,,,,,,,,,,,,,,,,,,,,,,,,,,,,,,,,,,,,,,,,,,,,,,,,45
NCI109,gat,graph,,,,128.0,0.25,0.001,0.0,128.0,0.7158438232209947,0.023421931616361653,0.7819436960750156,0.027093537455977052,0.7147056619326274,0.02445051623966472,0.6065312027931213,0.06396293159956136,0.7185384101337857,0.02244663806449188,0.7159497764375474,0.023771395823843026,0.7324065128962199,0.02804445852815922,0.7924176984363132,0.029030706169355092,0.7315840164820353,0.028430825777220944,0.5742166611883376,0.05598238229391212,0.7353484763039483,0.02695647793792758,0.7328434374597338,0.02759554119216638,,,,,,,,,,,,,,,,,,,,,,,,,,,,,,,,,,,,,,,,,,,,,,,,,,,,,,,,,45
NCI109,gat,graph,,,,128.0,0.25,0.001,0.0,256.0,0.6949338475863139,0.029977438351839403,0.7635704437891643,0.0312682450106578,0.6931210332446628,0.03144909104952875,0.6094732019636366,0.05406774216217163,0.699206182691786,0.027473928709657102,0.6953754663467407,0.029288119998763244,0.7113050990634494,0.03320651508088082,0.774101283815172,0.03318659869040359,0.7093727601899041,0.03471627566342895,0.5611793763107724,0.041912040407112564,0.7154289232359992,0.031791658734931956,0.7111241300900777,0.0333676451032726,,,,,,,,,,,,,,,,,,,,,,,,,,,,,,,,,,,,,,,,,,,,,,,,,,,,,,,,,45
NCI109,gat,graph,,,,128.0,0.25,0.001,0.0001,128.0,0.7148542536629571,0.02267336880630244,0.7804486751556396,0.02654423457443092,0.7135103583335877,0.024348513413707903,0.6151334140035841,0.08758473518935501,0.7180089619424608,0.0208442079758694,0.7150033434232076,0.023238348958613493,0.7322340779834323,0.028949446783765664,0.7919190631972419,0.029050271342690177,0.7312670826911927,0.029704948896362725,0.5810667448573642,0.08027887340743398,0.7358800477451748,0.02701140886755335,0.7328737391365899,0.028470529007824028,,,,,,,,,,,,,,,,,,,,,,,,,,,,,,,,,,,,,,,,,,,,,,,,,,,,,,,,,45
NCI109,gat,graph,,,,128.0,0.25,0.001,0.0001,256.0,0.696740882926517,0.030890573904812993,0.7632523841328092,0.0310822085932087,0.6953255984518263,0.032450171146368,0.6061493568950229,0.04871350769386363,0.6999706546465556,0.02791450506949211,0.6972260461913214,0.030208785354484055,0.7127923276689317,0.033249674653080326,0.7733404212527805,0.03243476780479681,0.7112154629495409,0.0349069025622621,0.561835781733195,0.040143041071764175,0.7160534355375502,0.031372157185452755,0.7127805749575297,0.033633438984334726,,,,,,,,,,,,,,,,,,,,,,,,,,,,,,,,,,,,,,,,,,,,,,,,,,,,,,,,,45
NCI109,gat,graph,,,,128.0,0.25,0.01,0.0,128.0,0.721910293896993,0.016415975038496476,0.7853812601831224,0.016841651314429815,0.7213011927074856,0.016344029987568946,0.6614656130472819,0.10107442277472388,0.7233414729436238,0.01615094521260097,0.7219731714990404,0.01596434719483506,0.7388511644469367,0.020853185714787312,0.7989785022205776,0.02131844650745298,0.7382727570003933,0.021111527083480415,0.6097064985169305,0.0913949378949469,0.7409470862812466,0.020416342993147447,0.7392153951856825,0.020814351381492607,,,,,,,,,,,,,,,,,,,,,,,,,,,,,,,,,,,,,,,,,,,,,,,,,,,,,,,,,45
NCI109,gat,graph,,,,128.0,0.25,0.01,0.0,256.0,0.7031515571806166,0.021064061965808883,0.7699804822603862,0.021457761040189323,0.7018924898571438,0.02120818768981467,0.622225096490648,0.07150670177649038,0.707130389743381,0.02064400682127397,0.7037285910712348,0.02040627173412715,0.72206056382921,0.02461459835512051,0.7811531994077895,0.027284903563601942,0.7208056900236341,0.02497667914329875,0.5680327143934037,0.04578717490119832,0.7257247169812521,0.024939982778877542,0.7222045275900099,0.024892639466988026,,,,,,,,,,,,,,,,,,,,,,,,,,,,,,,,,,,,,,,,,,,,,,,,,,,,,,,,,45
NCI109,gat,graph,,,,128.0,0.25,0.01,0.0001,128.0,0.7200172093179491,0.01472311804978117,0.7837674975395202,0.015824681327574718,0.7190964129236009,0.014835356561584204,0.6337145116594103,0.10815100925295087,0.7220083210203383,0.014452108096117555,0.7198844154675802,0.014426517800913868,0.7365233315361871,0.01837311554419091,0.7981482161415948,0.019006308837739683,0.7358353522088793,0.018667409003169145,0.5922717418935564,0.09878870666218964,0.7395859532886081,0.018883441853469032,0.7371651768684387,0.018780182649756845,,,,,,,,,,,,,,,,,,,,,,,,,,,,,,,,,,,,,,,,,,,,,,,,,,,,,,,,,45
NCI109,gat,graph,,,,128.0,0.25,0.01,0.0001,256.0,0.7030009693569608,0.01942325142550503,0.7692698227034674,0.01974855041219356,0.7020558847321404,0.0197858528546784,0.6143185443348355,0.059386141976901376,0.705518458949195,0.018049949796916424,0.7033334957228766,0.01873804358236216,0.7203362438413832,0.022985367194734797,0.7820406953493754,0.023682410793446008,0.7192455093065898,0.02389687414188786,0.5599536551369562,0.04425433365827601,0.7234714349110921,0.0211143230567381,0.720656485027737,0.022789130370181904,,,,,,,,,,,,,,,,,,,,,,,,,,,,,,,,,,,,,,,,,,,,,,,,,,,,,,,,,45
NCI109,gat,graph,,,,128.0,0.5,0.001,0.0,128.0,0.7076046056217618,0.019630871316780076,0.7745108564694723,0.023880863372007583,0.7065127664142185,0.019741138908326742,0.6005338920487298,0.032113346117952135,0.711244441403283,0.01978034372056597,0.7081792367829217,0.019275798271531787,0.7227934029367235,0.02457812812879036,0.7850787864791022,0.024918518105813196,0.7215910421477424,0.02523121983650618,0.5677019423908658,0.02868161119756589,0.7264396614498563,0.02408210987611622,0.7230606264538235,0.02454249644045739,,,,,,,,,,,,,,,,,,,,,,,,,,,,,,,,,,,,,,,,,,,,,,,,,,,,,,,,,45
NCI109,gat,graph,,,,128.0,0.5,0.001,0.0,256.0,0.6862858944469028,0.02248740505429025,0.7537685089641147,0.026034519740423933,0.6846885032123989,0.023338572554584616,0.6147848963737488,0.04350688056954603,0.6906391196780735,0.020583182640477926,0.6870027025540669,0.021719680158251008,0.7015195594893562,0.024324364217720565,0.7647117535273235,0.029490003211442337,0.6995495676994323,0.025233425653028465,0.5725223064422608,0.0402179248808394,0.7061000347137452,0.024543574489814816,0.7014474391937255,0.024772078038534342,,,,,,,,,,,,,,,,,,,,,,,,,,,,,,,,,,,,,,,,,,,,,,,,,,,,,,,,,45
NCI109,gat,graph,,,,128.0,0.5,0.001,0.0001,128.0,0.7043777558538649,0.02114996491056618,0.7712885194354587,0.022314657920158024,0.7032103644476997,0.021639261605984707,0.6017631279097663,0.035179878546010956,0.7081492940584818,0.0202048837815022,0.7050193468729655,0.020535592008852837,0.7201853685908848,0.024966549889698774,0.7831552041901483,0.023855825231173352,0.7188318729400635,0.026066226733444747,0.5681563933690389,0.02625401527150714,0.7242086662186517,0.02477625497671572,0.7205157955487569,0.025562011643004215,,,,,,,,,,,,,,,,,,,,,,,,,,,,,,,,,,,,,,,,,,,,,,,,,,,,,,,,,45
NCI109,gat,graph,,,,128.0,0.5,0.001,0.0001,256.0,0.6853178395165338,0.025322444385279422,0.7534240656428867,0.024699452567739637,0.6826506349775526,0.02931705403328562,0.6145520197020636,0.046569016106340955,0.690854529539744,0.021091229092902987,0.6856702632374234,0.024993458460520295,0.6988253037134806,0.025355737638969554,0.7645743820402358,0.02796615879753604,0.6958882570266723,0.02985822590981241,0.5741841812928518,0.03988511735633234,0.7049438092443678,0.02229733789555878,0.6987456507152981,0.02621914569784696,,,,,,,,,,,,,,,,,,,,,,,,,,,,,,,,,,,,,,,,,,,,,,,,,,,,,,,,,45
NCI109,gat,graph,,,,128.0,0.5,0.01,0.0,128.0,0.706787129243215,0.02505509932741142,0.7737593995200263,0.026380513890476673,0.7054185496436225,0.025805871630517636,0.6259858581754897,0.05496159340619588,0.7100507775942485,0.024484728791635855,0.7069045994016859,0.02496053750438264,0.7246255026923285,0.027978514551066556,0.7872579786512587,0.0303090181738464,0.7233608828650581,0.028649059066802086,0.5810285568237304,0.03614932807706997,0.7279464112387763,0.028654060931362475,0.724601133664449,0.02861865442654944,,,,,,,,,,,,,,,,,,,,,,,,,,,,,,,,,,,,,,,,,,,,,,,,,,,,,,,,,45
NCI109,gat,graph,,,,128.0,0.5,0.01,0.0,256.0,0.6961385422282749,0.02189019560398144,0.7619070556428698,0.025747872337262907,0.6949482176038954,0.02218656416145775,0.6146988815731472,0.04410877782324281,0.6989616248342726,0.02125791211858822,0.6963284492492676,0.021363562591954256,0.7124905692206489,0.025192353039235154,0.7749943905406528,0.02750328879726726,0.7113036606046889,0.025803565199661378,0.5666807088587019,0.04036398162436226,0.7155821919441223,0.024718272133292227,0.7126645737224155,0.02533229538821318,,,,,,,,,,,,,,,,,,,,,,,,,,,,,,,,,,,,,,,,,,,,,,,,,,,,,,,,,45
NCI109,gat,graph,,,,128.0,0.5,0.01,0.0001,128.0,0.7037538952297635,0.02451394527192789,0.7712189237276713,0.021614672389250102,0.7021670911047194,0.02573977505212754,0.6298464801576402,0.0571067964018428,0.7076365735795763,0.022378032246261205,0.7040293071005079,0.024150662477393572,0.7232244849205017,0.028709718719069268,0.787198641565111,0.026196584303880784,0.7216145396232605,0.030137182206707188,0.5849113676283094,0.04341140944316708,0.7271202868885465,0.02767426770238783,0.7231642034318712,0.029481392546964445,,,,,,,,,,,,,,,,,,,,,,,,,,,,,,,,,,,,,,,,,,,,,,,,,,,,,,,,,45
NCI109,gat,graph,,,,128.0,0.5,0.01,0.0001,256.0,0.6963966819975111,0.024266645284503226,0.7600907113817003,0.0295827805459841,0.6950586888525221,0.024599903690205236,0.6192043582598369,0.053116485790111585,0.6997410853703817,0.02287003271221271,0.6966882030169169,0.023337679561814033,0.710701580842336,0.025730554820578618,0.7721889826986524,0.02995539024398657,0.7093175649642944,0.02650111178036401,0.5682122906049093,0.04242030135583166,0.713990490966373,0.024452301626404965,0.7107415729098849,0.025526107572138714,,,,,,,,,,,,,,,,,,,,,,,,,,,,,,,,,,,,,,,,,,,,,,,,,,,,,,,,,45
NCI109,gat,graph,,,,256.0,0.25,0.001,0.0,128.0,0.7209422376420763,0.02267321927192808,0.7864328569836087,0.025060760442730708,0.7199713826179505,0.023260359162938688,0.6541211459371779,0.1605104707479191,0.7229421191745334,0.022064096263710517,0.7208390845192804,0.022862828554013004,0.7366957664489746,0.027894924942407615,0.7984551588694254,0.029758402966905847,0.7359149946106804,0.028284754838061865,0.6091477711995442,0.14610215298374027,0.7390841364860534,0.026810469256083498,0.7369108359018962,0.027554999351787117,,,,,,,,,,,,,,,,,,,,,,,,,,,,,,,,,,,,,,,,,,,,,,,,,,,,,,,,,45
NCI109,gat,graph,,,,256.0,0.25,0.001,0.0,256.0,0.7061417659123739,0.02527458736469502,0.7695537832048204,0.030878223370721082,0.7047417004903157,0.026641758180917886,0.6213312692112393,0.06430519315727948,0.7098348299662273,0.022896687437720907,0.7065777407752143,0.02471980435736996,0.7196249590979682,0.032993509033570456,0.7801891790495978,0.03732827283272308,0.7182220856348673,0.03413910691763981,0.5700064023335775,0.0575482966448087,0.7235105196634929,0.030877878568132594,0.7199513567818536,0.032474055724053666,,,,,,,,,,,,,,,,,,,,,,,,,,,,,,,,,,,,,,,,,,,,,,,,,,,,,,,,,45
NCI109,gat,graph,,,,256.0,0.25,0.001,0.0001,128.0,0.7237603545188904,0.024339267587558854,0.7867445177502103,0.025977536995825203,0.7231125169330173,0.024656756587088182,0.6713934527503119,0.1457423179117578,0.7251027067502339,0.023933404019623662,0.7237887846099006,0.02441989332530369,0.7373208297623528,0.028536519146958674,0.7968024399545458,0.030385988201200538,0.7368295550346374,0.028909294365491348,0.6210357295142279,0.11961450279979025,0.7391820152600607,0.02750971848223477,0.737801272339291,0.02823292926269046,,,,,,,,,,,,,,,,,,,,,,,,,,,,,,,,,,,,,,,,,,,,,,,,,,,,,,,,,45
NCI109,gat,graph,,,,256.0,0.25,0.001,0.0001,256.0,0.7093470997280544,0.02664600206143694,0.7742228110631307,0.02920830311875403,0.7083027177386814,0.027661274741699698,0.620325489838918,0.0683674012021906,0.7124282903141446,0.024503382702217507,0.7099473185009426,0.026179213148162565,0.7206811083687676,0.03397060483516821,0.7829980121718513,0.03562865721371182,0.7195683439572652,0.035063614311801744,0.5626835803190867,0.048437854709650445,0.7233559648195903,0.03185421152841983,0.7208719518449571,0.03369828464496295,,,,,,,,,,,,,,,,,,,,,,,,,,,,,,,,,,,,,,,,,,,,,,,,,,,,,,,,,45
NCI109,gat,graph,,,,256.0,0.25,0.01,0.0,128.0,0.703108529249827,0.025459524950613897,0.763181926144494,0.024469944282443003,0.702206179830763,0.02602017508827486,0.6568146546681722,0.1278835513909671,0.7052357064353095,0.024865432850413097,0.703353746732076,0.02554481106263476,0.7183748218748305,0.029031871881720375,0.7747349010573493,0.029947083881888478,0.7176263915167914,0.029442981864287322,0.623304029305776,0.1260412611702025,0.7202242917484707,0.029018253755830045,0.7185058501031664,0.02926040044450013,,,,,,,,,,,,,,,,,,,,,,,,,,,,,,,,,,,,,,,,,,,,,,,,,,,,,,,,,45
NCI109,gat,graph,,,,256.0,0.25,0.01,0.0,256.0,0.6917715403768752,0.025540191613315,0.7529260185029771,0.02820734417929492,0.6906649006737603,0.02617308163954482,0.6460987051328023,0.09068239518102036,0.693150966697269,0.024778580877139026,0.6914314958784316,0.025530626728097514,0.7109171244833205,0.024946263155062348,0.7670775943332249,0.027853901042472904,0.7102212574746873,0.025475260596244092,0.5963829987578921,0.07471920172265073,0.7129523926311069,0.02462589945430748,0.7113271143701342,0.025343872437155367,,,,,,,,,,,,,,,,,,,,,,,,,,,,,,,,,,,,,,,,,,,,,,,,,,,,,,,,,45
NCI109,gat,graph,,,,256.0,0.25,0.01,0.0001,128.0,0.7080563637945387,0.02304135772721352,0.7697190761566162,0.023637107004251364,0.7069334824879964,0.02363287275205411,0.6848798116048177,0.1866873303320676,0.7101523346371121,0.022397937052576138,0.7078806373808119,0.023036115964964438,0.7233107023768954,0.02302848283563219,0.7821713937653436,0.02292310963629434,0.7224583228429159,0.023714112915316107,0.6372293445799085,0.1758212751276014,0.7256074931886461,0.023060759687958333,0.72349996831682,0.023751004887992002,,,,,,,,,,,,,,,,,,,,,,,,,,,,,,,,,,,,,,,,,,,,,,,,,,,,,,,,,45
NCI109,gat,graph,,,,256.0,0.25,0.01,0.0001,256.0,0.6879208352830675,0.025040702609031802,0.7485879103342692,0.026383938214390674,0.6862404796812269,0.026437983441642967,0.6287879281573825,0.07012055796849247,0.6916508634885152,0.023029538690964243,0.6882513536347283,0.02470515952215235,0.7037180741628011,0.025355715920589907,0.7608774860699972,0.02717633171763804,0.7021210352579753,0.02656471898915377,0.5829861130979326,0.043359308997187464,0.7079330245653789,0.023761274954488616,0.7040618101755778,0.025123687707378026,,,,,,,,,,,,,,,,,,,,,,,,,,,,,,,,,,,,,,,,,,,,,,,,,,,,,,,,,45
NCI109,gat,graph,,,,256.0,0.5,0.001,0.0,128.0,0.7169409473737081,0.022453280365304036,0.7854342434141371,0.020530761381762862,0.7160652730200026,0.022956310692485035,0.6325118568208482,0.11446356327132239,0.7191667887899611,0.02110837302817075,0.7171481119261848,0.022135922575547636,0.732751374774509,0.027769700126229025,0.7969351622793409,0.02542921793757664,0.7318618390295241,0.02849181624383461,0.5900906748241849,0.08893206692772057,0.7352184560563829,0.02627894314943407,0.7329521258672078,0.02783485445110557,,,,,,,,,,,,,,,,,,,,,,,,,,,,,,,,,,,,,,,,,,,,,,,,,,,,,,,,,45
NCI109,gat,graph,,,,256.0,0.5,0.001,0.0,256.0,0.6987845593028599,0.02561393138893906,0.7609181390868293,0.02788248392601543,0.697728070947859,0.02583166004934004,0.6284332540300157,0.06322797674191688,0.7010371155209012,0.025003490582639423,0.6988285978635153,0.02504883644702009,0.7111326681243049,0.0316613926071076,0.7710574958059523,0.031635339331692255,0.7103409926096599,0.032082659083319545,0.5751626796192593,0.05303410910115537,0.713394214047326,0.03186097131472172,0.7114547504319085,0.0317322429456052,,,,,,,,,,,,,,,,,,,,,,,,,,,,,,,,,,,,,,,,,,,,,,,,,,,,,,,,,45
NCI109,gat,graph,,,,256.0,0.5,0.001,0.0001,128.0,0.7171345551808676,0.02066847769327171,0.7838617351320055,0.020892037643436726,0.7162347859806485,0.02111115708070153,0.6148439433839586,0.06342296967801715,0.7192404164208306,0.019681869423379596,0.7172090172767639,0.020493539631664028,0.7318461073769463,0.027536192574472308,0.7943660802311368,0.02774068190222307,0.7310634891192118,0.02780027003437918,0.5774144106441074,0.05508616210206903,0.7343230048815409,0.02702634846264458,0.7321027517318726,0.027427620579371287,,,,,,,,,,,,,,,,,,,,,,,,,,,,,,,,,,,,,,,,,,,,,,,,,,,,,,,,,45
NCI109,gat,graph,,,,256.0,0.5,0.001,0.0001,256.0,0.6955577029122246,0.030477029898181678,0.7606484439637926,0.028406161215640036,0.6939929432339138,0.032448986015507573,0.6286363707648384,0.06369230789727727,0.6994658218489753,0.02709685977324842,0.696174312962426,0.029441911967014435,0.7094730032814873,0.03217073682874842,0.7724009116490682,0.031796683270944114,0.7078347510761684,0.03414609851092642,0.5718090395132701,0.050334960789704376,0.7129007405704922,0.030780419752412903,0.7094097587797377,0.032536417626613724,,,,,,,,,,,,,,,,,,,,,,,,,,,,,,,,,,,,,,,,,,,,,,,,,,,,,,,,,45
NCI109,gat,graph,,,,256.0,0.5,0.01,0.0,128.0,0.7039259950319926,0.025409392204849383,0.7649406658278571,0.030167028656638152,0.7028937458992004,0.025776757728344476,0.6363753490977817,0.09774193523716944,0.7060824738608467,0.02509992106928925,0.7039316680696276,0.025389095889114317,0.7200344814194574,0.024106940003931068,0.7777592248386807,0.028376419160284903,0.7191843324237399,0.02447236324034091,0.6066300166977776,0.09445122263825582,0.7220508615175883,0.02372358431160899,0.7200589272711012,0.024176001349613452,,,,,,,,,,,,,,,,,,,,,,,,,,,,,,,,,,,,,,,,,,,,,,,,,,,,,,,,,45
NCI109,gat,graph,,,,256.0,0.5,0.01,0.0,256.0,0.6936215957005819,0.026585559238453006,0.7531939175393846,0.027068898232270888,0.6926474107636346,0.027021660538594474,0.633300448788537,0.06548132216198035,0.6963859385914273,0.024792155993752008,0.6942081663343641,0.025655532275539652,0.7114990803930494,0.028118574766246986,0.7675123757786221,0.0288188125390699,0.710350513458252,0.02914477413240898,0.5868542492389679,0.07285132713952176,0.7145351264211867,0.027186376358668964,0.711839583184984,0.028582326367831316,,,,,,,,,,,,,,,,,,,,,,,,,,,,,,,,,,,,,,,,,,,,,,,,,,,,,,,,,45
NCI109,gat,graph,,,,256.0,0.5,0.01,0.0001,128.0,0.7097343193160163,0.02390556981843168,0.7734565695126852,0.023619103600657228,0.7087269359164767,0.02393456268972124,0.6587488439348009,0.1371808919966333,0.711983119116889,0.023647541037476832,0.7096806910302904,0.023256859564334258,0.7275352928373549,0.024576580644514956,0.7853198899163141,0.02696465898966633,0.7267183462778727,0.024944394326307684,0.6245719114939372,0.1389881284012533,0.7305468718210856,0.024298274725456363,0.7280507233407763,0.024652897895352306,,,,,,,,,,,,,,,,,,,,,,,,,,,,,,,,,,,,,,,,,,,,,,,,,,,,,,,,,45
NCI109,gat,graph,,,,256.0,0.5,0.01,0.0001,256.0,0.6918360763125949,0.02515925128585132,0.7516493386692471,0.028472352455916016,0.6905947950151231,0.025000482692995527,0.6237171994315254,0.06858685130680016,0.6945037802060445,0.025159555468794104,0.6918250587251451,0.024437920168012474,0.7083090835147434,0.02662169708211865,0.7620186845461527,0.030324475851435554,0.7073483798238966,0.02686588490924721,0.5839431232876248,0.04542554026252879,0.7117413997650146,0.027252211222973506,0.7089626510938009,0.026872035647147345,,,,,,,,,,,,,,,,,,,,,,,,,,,,,,,,,,,,,,,,,,,,,,,,,,,,,,,,,45
NCI109,gcn,graph,,,,128.0,0.25,0.001,0.0,128.0,0.710594814353519,0.02751491466774068,0.7771191292338901,0.025377415652193314,0.7092790577146743,0.027580258356279107,0.6023335178693136,0.03640408316830967,0.7139618025885688,0.02751402766722242,0.7106051709916856,0.026781913496355784,0.725940293735928,0.027622218094318043,0.7879333403375414,0.026956115552724,0.7248701903555128,0.02861370108392618,0.5698371277915106,0.04178878882015738,0.7290209147665235,0.02700834688052646,0.7262051992946201,0.028089559012034294,,,,,,,,,,,,,,,,,,,,,,,,,,,,,,,,,,,,,,,,,,,,,,,,,,,,,,,,,45
NCI109,gcn,graph,,,,128.0,0.25,0.001,0.0,256.0,0.6928041325675116,0.024574260011522336,0.756228596634335,0.025005421424403807,0.6907503604888916,0.025960618969073444,0.6148578564325968,0.04958101292628497,0.6970569703314039,0.02362387622734143,0.6927831305397881,0.024814128257003368,0.7059812479548984,0.02469442144646518,0.7669363101323445,0.029049918833381937,0.7042721682124667,0.025874095550964656,0.5772327250904508,0.0488500398511944,0.7113054646386041,0.02281889107138374,0.7067140062650045,0.024297107096303706,,,,,,,,,,,,,,,,,,,,,,,,,,,,,,,,,,,,,,,,,,,,,,,,,,,,,,,,,45
NCI109,gcn,graph,,,,128.0,0.25,0.001,0.0001,128.0,0.7095622274610731,0.026978314137324065,0.775211340851254,0.027270287715365327,0.7083684550391303,0.027218064095063377,0.6023355669445462,0.04249063788697604,0.7116343564457364,0.02687095641769543,0.7091728223694695,0.026807877323191422,0.7258540842268202,0.02615397941598068,0.7864237944285075,0.029238377766147173,0.7250974893569946,0.02658461651072459,0.5697955237494574,0.03526796875725979,0.7283385846349928,0.02577962485573594,0.7262458006540934,0.0262055540191736,,,,,,,,,,,,,,,,,,,,,,,,,,,,,,,,,,,,,,,,,,,,,,,,,,,,,,,,,45
NCI109,gcn,graph,,,,128.0,0.25,0.001,0.0001,256.0,0.6921157360076904,0.022172224655516118,0.7577591843075222,0.02306251918914224,0.69088726705975,0.022222770364336716,0.6165381974644131,0.04403410948360756,0.6961399396260579,0.02225656178711853,0.6929046763314142,0.021738865567314167,0.707533143626319,0.023220987441081732,0.7679583059416877,0.027272867267752465,0.706256103515625,0.023481932594671687,0.5741046541266971,0.04625281991065236,0.7109587285253737,0.023659140465347853,0.7077000750435724,0.023338876061122425,,,,,,,,,,,,,,,,,,,,,,,,,,,,,,,,,,,,,,,,,,,,,,,,,,,,,,,,,45
NCI109,gcn,graph,,,,128.0,0.25,0.01,0.0,128.0,0.7138431734508939,0.02112185674980347,0.776393571164873,0.023529451305806175,0.7124759541617499,0.02156184883868174,0.610254524813758,0.04414757258162998,0.7164935231208801,0.021036646444881,0.7134561763869391,0.02137617896195585,0.7311563756730821,0.026128736458887497,0.7902390797932942,0.026347584493114504,0.7303737269507514,0.026391940894458142,0.5756552815437317,0.04189746995733543,0.7348394367429946,0.02507236407615075,0.7320296923319499,0.02555536837251949,,,,,,,,,,,,,,,,,,,,,,,,,,,,,,,,,,,,,,,,,,,,,,,,,,,,,,,,,45
NCI109,gcn,graph,,,,128.0,0.25,0.01,0.0,256.0,0.692804131242964,0.027751564813578888,0.751339234246148,0.02906296856341801,0.6907818078994751,0.028911792713465743,0.6137502749760946,0.03758589633654612,0.6955647428830465,0.027502687492267093,0.6919842773013645,0.0283281040655979,0.709516109360589,0.02917620575677404,0.7672969857851665,0.02803730406874392,0.7081317212846544,0.03026842066022427,0.5703741053740183,0.0391160862992562,0.7137541068924798,0.028326503510408645,0.7101286914613512,0.02932306950645401,,,,,,,,,,,,,,,,,,,,,,,,,,,,,,,,,,,,,,,,,,,,,,,,,,,,,,,,,45
NCI109,gcn,graph,,,,128.0,0.25,0.01,0.0001,128.0,0.7070022596253289,0.026641888216590325,0.7701590485042996,0.03037715082605139,0.7056702216466267,0.02678435197139426,0.6020471453666687,0.03909518636851957,0.7095404730902778,0.02717590231995811,0.7066363996929592,0.02673633693654095,0.7273844136132135,0.03157626255084108,0.7859694957733154,0.03401566579971031,0.7265131102667914,0.031846339511234875,0.5664688256051805,0.03475920985886214,0.7307251347435846,0.031751213791239755,0.7279543134901258,0.031680353117758395,,,,,,,,,,,,,,,,,,,,,,,,,,,,,,,,,,,,,,,,,,,,,,,,,,,,,,,,,45
NCI109,gcn,graph,,,,128.0,0.25,0.01,0.0001,256.0,0.6885446945826212,0.03015793402521629,0.7497605058881972,0.029111573126527467,0.6859271672036913,0.03314282000353247,0.6171024084091187,0.037501292310660725,0.694182997279697,0.026860686187796298,0.6887746387057834,0.029293485641824636,0.7024463825755649,0.03349994555333416,0.7625846240255568,0.034099597077441875,0.699958074092865,0.03631224697212933,0.5747807761033376,0.047236147574212434,0.7087236166000366,0.03083567642835927,0.7028359121746487,0.03327730298757433,,,,,,,,,,,,,,,,,,,,,,,,,,,,,,,,,,,,,,,,,,,,,,,,,,,,,,,,,45
NCI109,gcn,graph,,,,128.0,0.5,0.001,0.0,128.0,0.6997956302430894,0.028625183048240743,0.7676433258586459,0.023616891915958737,0.6964589052730137,0.03755690719554744,0.6165762212541368,0.04847379422322366,0.7057864599757724,0.02304473859210967,0.6997340864605374,0.030398059065256448,0.7145166489813063,0.034277312345622674,0.7797970294952392,0.028838053293978046,0.7117823574278089,0.041331738567251,0.5824394596947564,0.048782801492569444,0.7208731042014228,0.027235836727595695,0.7150878389676412,0.033686079825096006,,,,,,,,,,,,,,,,,,,,,,,,,,,,,,,,,,,,,,,,,,,,,,,,,,,,,,,,,45
NCI109,gcn,graph,,,,128.0,0.5,0.001,0.0,256.0,0.6784123910797967,0.026849409459624017,0.744082878695594,0.024686065245754858,0.6755326098865932,0.03010885637132607,0.626196312904358,0.04668318932486961,0.6845068746142917,0.023320657876998305,0.6788092494010926,0.025240162155185594,0.6923375368118286,0.028778483901739302,0.7546034468544854,0.029102250954586406,0.6894640591409471,0.031967470755923405,0.5885345604684618,0.052442950411475515,0.6990913444095188,0.028316581122071482,0.6925618886947632,0.029417335492829752,,,,,,,,,,,,,,,,,,,,,,,,,,,,,,,,,,,,,,,,,,,,,,,,,,,,,,,,,45
NCI109,gcn,graph,,,,128.0,0.5,0.001,0.0001,128.0,0.7007636811998156,0.028419082273264902,0.7674934426943462,0.023385838858809512,0.697495706876119,0.037356491842857074,0.6166783028178745,0.04892818322916474,0.7067656768692865,0.02287506120205442,0.7007114463382297,0.030048254739256323,0.714538202020857,0.033720646958948775,0.7798372030258178,0.029210043181674337,0.7118778215514289,0.04101585163624342,0.5817852550082736,0.048113148750763175,0.7206206334961786,0.0261764269539781,0.7151562015215556,0.03312608961127744,,,,,,,,,,,,,,,,,,,,,,,,,,,,,,,,,,,,,,,,,,,,,,,,,,,,,,,,,45
NCI109,gcn,graph,,,,128.0,0.5,0.001,0.0001,256.0,0.677336777581109,0.026843236688687978,0.7451573756006029,0.023932660405760923,0.6746737321217855,0.03043073512197767,0.6277424441443549,0.046524555044965235,0.68330926100413,0.022391180702363483,0.6780916664335462,0.025364847510368257,0.6911089539527893,0.02684261424897697,0.7557933502727084,0.028052820712711937,0.6882236626413133,0.030355074167888445,0.5889941447310978,0.05215597900410617,0.6973564902941386,0.025682656974639496,0.6911514944500393,0.027613626300944567,,,,,,,,,,,,,,,,,,,,,,,,,,,,,,,,,,,,,,,,,,,,,,,,,,,,,,,,,45
NCI109,gcn,graph,,,,128.0,0.5,0.01,0.0,128.0,0.698763038052453,0.03818005306385082,0.770455018679301,0.03173323479486965,0.6951590604252286,0.044655071048278476,0.6222641706466675,0.04390980480335925,0.706791427400377,0.027101661507375946,0.6997096922662523,0.03595697576474514,0.7156805700725979,0.03661973744264193,0.782284414768219,0.029227167747604234,0.7113437188996209,0.04426523355193248,0.5879838718308343,0.04053499924569828,0.7234140237172445,0.029196647449090476,0.7148515846994188,0.038618574665498555,,,,,,,,,,,,,,,,,,,,,,,,,,,,,,,,,,,,,,,,,,,,,,,,,,,,,,,,,45
NCI109,gcn,graph,,,,128.0,0.5,0.01,0.0,256.0,0.6886952824062771,0.027118466896817916,0.7531922936439515,0.022034945770119004,0.6863670004738702,0.030176841793706527,0.6205177161428663,0.03940059174508827,0.6935856885380215,0.023296322953540224,0.6889617496066623,0.026326477121957095,0.7025325973828633,0.026922325897395804,0.764588807688819,0.023516297022825754,0.700116158856286,0.030798177969073727,0.5783012840482924,0.04106044282634985,0.7076874693234761,0.024499507818083924,0.702589237689972,0.02806446221055753,,,,,,,,,,,,,,,,,,,,,,,,,,,,,,,,,,,,,,,,,,,,,,,,,,,,,,,,,45
NCI109,gcn,graph,,,,128.0,0.5,0.01,0.0001,128.0,0.6959234158198039,0.03533079701395936,0.7633421222368876,0.032162390843734935,0.6933475838767158,0.03875880772002933,0.6190051635106405,0.047259598401160785,0.701257766617669,0.030555445812985235,0.6963029702504476,0.0345473108823022,0.7134389426973131,0.034848634559063535,0.7781966010729472,0.0298597055639296,0.7107031835450066,0.038362373155936685,0.5838889784283108,0.041788398529498935,0.7186116973559061,0.031681234532012485,0.7129185769293044,0.03558297270617139,,,,,,,,,,,,,,,,,,,,,,,,,,,,,,,,,,,,,,,,,,,,,,,,,,,,,,,,,45
NCI109,gcn,graph,,,,128.0,0.5,0.01,0.0001,256.0,0.684780036078559,0.024955506255625554,0.7491644038094415,0.024351897661757063,0.6822240326139662,0.027124162981289092,0.6214692248238458,0.03859085499859683,0.6888003786404927,0.022606924392446055,0.6842695222960578,0.02461108848859202,0.6999030166202121,0.02697752256602788,0.7623760342597962,0.024147819318108558,0.6978440907266404,0.029341395310790393,0.5777887768215604,0.03567043977430965,0.7049963540501065,0.02526243620984666,0.7003520939085218,0.027635244566486916,,,,,,,,,,,,,,,,,,,,,,,,,,,,,,,,,,,,,,,,,,,,,,,,,,,,,,,,,45
NCI109,gcn,graph,,,,256.0,0.25,0.001,0.0,128.0,0.7159728937678866,0.02358034637401006,0.7820090492566426,0.021606798677753055,0.714961114194658,0.02410531987902001,0.6219153152571784,0.06691003078565912,0.718440306186676,0.022278768077966686,0.7160899016592238,0.0232194499207947,0.7312856952349345,0.025611078243904697,0.7927022020022074,0.024645061182719075,0.7302962528334723,0.026467783611686033,0.5839500480228,0.050013966874938,0.7339045736524794,0.025268854931045536,0.731356696287791,0.026212130639355992,,,,,,,,,,,,,,,,,,,,,,,,,,,,,,,,,,,,,,,,,,,,,,,,,,,,,,,,,45
NCI109,gcn,graph,,,,256.0,0.25,0.001,0.0,256.0,0.6978595283296373,0.023826383265166357,0.7632215751541985,0.027736876764184577,0.6967557125621372,0.024358034460125945,0.6270354006025526,0.06537483937123303,0.7000154866112603,0.022934065725983274,0.6978655152850681,0.023744717172409762,0.712059485912323,0.026695647797692734,0.7735901925298903,0.027706712432689587,0.7111033532354567,0.027207569407186598,0.5765344553523594,0.046657810624629426,0.7144962112108867,0.02641505744790518,0.7122387409210205,0.026899002455108876,,,,,,,,,,,,,,,,,,,,,,,,,,,,,,,,,,,,,,,,,,,,,,,,,,,,,,,,,45
NCI109,gcn,graph,,,,256.0,0.25,0.001,0.0001,128.0,0.7142949369218614,0.022524501015998594,0.7798996594217088,0.0204915527367261,0.7132581578360664,0.022979475918151054,0.6221934490733676,0.06831276365790859,0.7165719840261672,0.021466731733030018,0.7142632524172465,0.022224581196903768,0.7307037380006578,0.02772158200768733,0.7917716185251872,0.026441673891344296,0.7297562413745456,0.028551688940583336,0.5841261333889431,0.05983740880517348,0.7335164268811544,0.027143254930455787,0.7309737629360623,0.028125379093616804,,,,,,,,,,,,,,,,,,,,,,,,,,,,,,,,,,,,,,,,,,,,,,,,,,,,,,,,,45
NCI109,gcn,graph,,,,256.0,0.25,0.001,0.0001,256.0,0.6943530162175496,0.022493081226371985,0.7622474220063952,0.02254222502611488,0.6932951384120517,0.022991645280514617,0.6226000163290236,0.04884327429728945,0.6970246593157451,0.021019688782168137,0.6947499871253967,0.02200336943495291,0.710701588789622,0.026165621176137004,0.7730957110722859,0.02612279022600688,0.7095460812250773,0.02690999826051968,0.5718381663163503,0.0396671556313971,0.7130680746502347,0.02595701922084059,0.7105901930067274,0.026724880238543105,,,,,,,,,,,,,,,,,,,,,,,,,,,,,,,,,,,,,,,,,,,,,,,,,,,,,,,,,45
NCI109,gcn,graph,,,,256.0,0.25,0.01,0.0,128.0,0.693492529127333,0.0415501708968132,0.754778258005778,0.0455422191358099,0.6919084721141391,0.042304880257779225,0.6365443534321256,0.15593988755681493,0.695858707692888,0.04221407193270733,0.693034729692671,0.04207690878198152,0.7090203722318014,0.04417089495543315,0.7676405098703173,0.04911946481653568,0.707893517282274,0.04460723460064199,0.6108152627944946,0.14566974437305982,0.7126539919111464,0.0445518688720626,0.7096032606230842,0.044280693057915606,,,,,,,,,,,,,,,,,,,,,,,,,,,,,,,,,,,,,,,,,,,,,,,,,,,,,,,,,45
NCI109,gcn,graph,,,,256.0,0.25,0.01,0.0,256.0,0.67073249551985,0.044569028473445245,0.7329907933870952,0.047514850041382665,0.6669885754585266,0.0479066802691505,0.6253023253546821,0.04393247664462282,0.6768637220064799,0.04245998857219411,0.6707104802131653,0.044591454090675796,0.6839745706982083,0.04782458140211286,0.7421431647406684,0.048588084578405806,0.6804721540874905,0.051714385363558615,0.5973981393708123,0.05623050253301954,0.6912092261844212,0.04471554359131873,0.6846597022480435,0.04761177589809904,,,,,,,,,,,,,,,,,,,,,,,,,,,,,,,,,,,,,,,,,,,,,,,,,,,,,,,,,45
NCI109,gcn,graph,,,,256.0,0.25,0.01,0.0001,128.0,0.6848875999450683,0.04564185445689399,0.7455177783966065,0.04825852225142967,0.6827639288372463,0.04642686799627583,0.6235085964202881,0.10171504380841397,0.6878534383243985,0.046221807759502395,0.684150927596622,0.045895842009534046,0.7004849685562982,0.04924065145064567,0.7584180355072021,0.053286709389130604,0.6992152214050293,0.049843286614095796,0.5984301394886441,0.09372798589202701,0.7045222202936808,0.04999520578859054,0.7012139598528544,0.04950498210360083,,,,,,,,,,,,,,,,,,,,,,,,,,,,,,,,,,,,,,,,,,,,,,,,,,,,,,,,,45
NCI109,gcn,graph,,,,256.0,0.25,0.01,0.0001,256.0,0.6641712413893806,0.04378910640049709,0.7217868367830912,0.04250060367675423,0.6586863504515754,0.050593456161669985,0.6316176149580214,0.04063775623479112,0.6692901704046461,0.040422590577807116,0.6626188860999214,0.04493460185156351,0.6753529482417636,0.04496563575300128,0.7336567123730977,0.04251450722163282,0.671017919646369,0.05124091550045667,0.6131705800692241,0.052053226033725676,0.6831887907452053,0.03962567236704351,0.6761250098546346,0.04480859994320105,,,,,,,,,,,,,,,,,,,,,,,,,,,,,,,,,,,,,,,,,,,,,,,,,,,,,,,,,45
NCI109,gcn,graph,,,,256.0,0.5,0.001,0.0,128.0,0.7070667982101441,0.021281586175294936,0.7758639785978529,0.021656866572844834,0.7054547641012404,0.022343853288113263,0.6246257636282179,0.054980018500061074,0.7109443359904819,0.01941179881097055,0.7071350481775072,0.020665181994003645,0.7232891466882494,0.027374233189218902,0.7867631329430474,0.025818625023513585,0.7219090541203816,0.028390907269073683,0.5867673635482789,0.03998798735131809,0.7272243142127991,0.026297031861720437,0.7234875943925646,0.02741968421316877,,,,,,,,,,,,,,,,,,,,,,,,,,,,,,,,,,,,,,,,,,,,,,,,,,,,,,,,,45
NCI109,gcn,graph,,,,256.0,0.5,0.001,0.0,256.0,0.688974940776825,0.022989659075484326,0.7523283428615994,0.0233197331939979,0.6875631266170078,0.02396371087387325,0.6313520312309265,0.061231959125173534,0.6920513815350002,0.021305651062947253,0.6892305877473619,0.02262734058130396,0.7036749641100566,0.025236559909383092,0.7633348690138922,0.026340034334524642,0.7024359822273254,0.026579023059833146,0.5871679233180152,0.05706737878434347,0.7069776071442498,0.023257250702665853,0.7041751755608453,0.025273566570152593,,,,,,,,,,,,,,,,,,,,,,,,,,,,,,,,,,,,,,,,,,,,,,,,,,,,,,,,,45
NCI109,gcn,graph,,,,256.0,0.5,0.001,0.0001,128.0,0.7086802217695448,0.020059557195974246,0.7749964104758369,0.022132551004867714,0.7076251334614224,0.020309606473611394,0.6243686040242513,0.05362024564792192,0.7110828704304165,0.01905247054679404,0.7087127327919006,0.019591956439637997,0.7256600936253865,0.028470252957342162,0.7866643600993686,0.02862503427750188,0.7247699711057874,0.029158348257164977,0.5872874524858263,0.04055025673130729,0.7286030027601454,0.026301075686413437,0.7261575274997287,0.02769240858411391,,,,,,,,,,,,,,,,,,,,,,,,,,,,,,,,,,,,,,,,,,,,,,,,,,,,,,,,,45
NCI109,gcn,graph,,,,256.0,0.5,0.001,0.0001,256.0,0.689727869298723,0.02210937531816732,0.7555579609341092,0.022227181782327,0.6884705808427599,0.022871632491548277,0.630679460366567,0.05812930146999846,0.6927633974287245,0.020925200865357232,0.6900919172498915,0.021620492262755316,0.7066709809833103,0.02417367484383816,0.7679864181412591,0.02539680034062873,0.7054012258847554,0.025204227027882126,0.5816504961914486,0.05140131460302343,0.7095856852001614,0.023827906164496662,0.706750398212009,0.02472545002583278,,,,,,,,,,,,,,,,,,,,,,,,,,,,,,,,,,,,,,,,,,,,,,,,,,,,,,,,,45
NCI109,gcn,graph,,,,256.0,0.5,0.01,0.0,128.0,0.6917715364032322,0.04342699110434091,0.7521211001608107,0.046428114833202645,0.68986843029658,0.044931668196558666,0.611743250158098,0.04121322274828115,0.6943080226580302,0.0431630418196744,0.691266397635142,0.043886070413893835,0.7057441552480062,0.047609951931306904,0.7640051073498196,0.051663864707678524,0.7042850931485494,0.04857592947581444,0.5886906663576762,0.04702922211022494,0.7096224625905355,0.04667712884163676,0.7062389598952399,0.04750784814458433,,,,,,,,,,,,,,,,,,,,,,,,,,,,,,,,,,,,,,,,,,,,,,,,,,,,,,,,,45
NCI109,gcn,graph,,,,256.0,0.5,0.01,0.0,256.0,0.6620845437049866,0.045957043689749434,0.7251078406969707,0.04323524830168411,0.656216373708513,0.05447644746727126,0.6319083054860433,0.03812408771832087,0.6695085644721985,0.039353268860662455,0.6618584791819254,0.04567326766821332,0.6750727481312222,0.04887166088710954,0.7343754490216573,0.0468582166241057,0.6689075152079265,0.05819526186978276,0.6035198483202192,0.05335858760570183,0.682291583220164,0.043696331664082155,0.6742178890440199,0.050738409063295284,,,,,,,,,,,,,,,,,,,,,,,,,,,,,,,,,,,,,,,,,,,,,,,,,,,,,,,,,45
NCI109,gcn,graph,,,,256.0,0.5,0.01,0.0001,128.0,0.6866300993495518,0.04361941686933169,0.7472600870662265,0.04690875459527253,0.6846285872989231,0.04512838605624015,0.6139269378450182,0.043010961779121594,0.6883844958411323,0.043718914701940476,0.6856416424115499,0.04444179461980258,0.7028990202479892,0.04843078641283865,0.760654690530565,0.05248274812843417,0.701528611448076,0.04931437332830306,0.5899983353084988,0.05303356937058319,0.7067914260758295,0.047340333764775144,0.7035899599393208,0.04818420122668819,,,,,,,,,,,,,,,,,,,,,,,,,,,,,,,,,,,,,,,,,,,,,,,,,,,,,,,,,45
NCI109,gcn,graph,,,,256.0,0.5,0.01,0.0001,256.0,0.6654619799719916,0.039054876114246344,0.7200680679745144,0.04313272102347538,0.6632761531405978,0.040051345696849726,0.6268998993767633,0.038073352486126213,0.6678102731704711,0.038930101711448506,0.6647558821572198,0.03901055284548801,0.6762582182884216,0.04008364971747012,0.730273985862732,0.045386282297168797,0.6745782825681899,0.041019995113541236,0.6059401717450884,0.04868949540517174,0.6805301003985935,0.039590017579088484,0.6770629498693678,0.03978628964642569,,,,,,,,,,,,,,,,,,,,,,,,,,,,,,,,,,,,,,,,,,,,,,,,,,,,,,,,,45
NCI109,gin,graph,,,,128.0,0.25,0.001,0.0001,128.0,0.720339896943834,0.013367981345489758,0.7860886361863878,0.012796488509952662,0.7191897948582967,0.014139977040053967,0.6100137366188897,0.054461450759553685,0.7232557945781284,0.012445729728286514,0.7203857395384047,0.013600968080295994,0.7346265753110249,0.01657472494542965,0.7983208378156026,0.016849705410205158,0.7338717646068997,0.016826322852483998,0.568627761469947,0.06071804234218198,0.7377722647455004,0.015995314763198105,0.735223654905955,0.016439426185221862,,,,,,,,,,,,,,,,,,,,,,,,,,,,,,,,,,,,,,,,,,,,,,,,,,,,,,,,,45
NCI109,gin,graph,,,,128.0,0.25,0.001,0.0001,256.0,0.7045928809377883,0.022654942307148276,0.7671755154927572,0.021785303208642356,0.703294575214386,0.02338120277717355,0.6055004914601644,0.05460709926718868,0.7086725142267015,0.020664004933817228,0.7053010556432936,0.02184324942559383,0.7178144229782952,0.024231891577311912,0.7764646927515666,0.02646744107277059,0.7163997530937195,0.025125234657914462,0.5619529969162411,0.04700803851025477,0.7216483222113715,0.02338263576013637,0.7179767039087084,0.024364676047916187,,,,,,,,,,,,,,,,,,,,,,,,,,,,,,,,,,,,,,,,,,,,,,,,,,,,,,,,,45
NCI109,gin,graph,,,,128.0,0.25,0.01,0.0001,128.0,0.6606862452295091,0.041852185861985004,0.7196139070722792,0.04540501436500887,0.6585376593801711,0.04294073995325205,0.6368097345034281,0.05231081262619294,0.6628824008835686,0.04188013805774455,0.660054251882765,0.04215716341093811,0.6723784936798943,0.0451669254386748,0.7284200072288514,0.049942513742514356,0.670687018500434,0.04582325594962797,0.6234116474787395,0.05696797512227072,0.6759515073564317,0.04447052740100742,0.6728266292148166,0.044827007592020074,,,,,,,,,,,,,,,,,,,,,,,,,,,,,,,,,,,,,,,,,,,,,,,,,,,,,,,,,45
NCI109,gin,graph,,,,128.0,0.25,0.01,0.0001,256.0,0.6472410453690423,0.03646996797772714,0.7048862973848978,0.03506458105657303,0.6414120859569974,0.041726255553770394,0.6406548778216045,0.027568806346085942,0.6537903282377455,0.03466084605314816,0.6459405912293328,0.03623316333533923,0.6576139662000868,0.038490207101529755,0.712616773446401,0.03959526068567092,0.6520424140824213,0.04471560955563346,0.6205155650774637,0.04845308026294656,0.666558047135671,0.033894696354710575,0.6579122967190213,0.038317190167749406,,,,,,,,,,,,,,,,,,,,,,,,,,,,,,,,,,,,,,,,,,,,,,,,,,,,,,,,,45
NCI109,gin,graph,,,,128.0,0.5,0.001,0.0001,128.0,0.7099279363950094,0.026724224442213194,0.7811051713095771,0.016508686341679995,0.7079604665438334,0.03008476476088275,0.6123383813434177,0.043459564729482446,0.7150671945677863,0.019659551984184967,0.7105831027030944,0.025248787106248623,0.7241513053576152,0.02701870647564254,0.7922425945599874,0.02213070288251917,0.7217792656686571,0.03130156842983256,0.5683003928926256,0.03546892785228565,0.7293814553154839,0.0222486316106915,0.7239623586336772,0.028144221668681954,,,,,,,,,,,,,,,,,,,,,,,,,,,,,,,,,,,,,,,,,,,,,,,,,,,,,,,,,45
NCI109,gin,graph,,,,128.0,0.5,0.001,0.0001,256.0,0.6789502024650573,0.03572283130247308,0.7526584903399149,0.01950875155593005,0.6715316428078546,0.04980014749210152,0.6366010189056397,0.08093675245582398,0.6915481752819486,0.021213589724438018,0.6792856693267822,0.03448847287837578,0.6906778679953681,0.037440918416607384,0.7616804202397665,0.0265216734359291,0.6831079946623908,0.05202322863722875,0.5951810638109843,0.09633046506031787,0.7038580550087823,0.027053519229391518,0.6906219244003295,0.0393234545972247,,,,,,,,,,,,,,,,,,,,,,,,,,,,,,,,,,,,,,,,,,,,,,,,,,,,,,,,,45
NCI109,gin,graph,,,,128.0,0.5,0.01,0.0001,128.0,0.6760030150413513,0.04459349648805569,0.7354045655992296,0.04988319782916481,0.6744615528318617,0.04531490491347024,0.61660182873408,0.03782248074656395,0.6776695874002244,0.045058962220265786,0.6754769868320889,0.04513718786727203,0.6886086914274427,0.04813325960633578,0.7451057222154406,0.05261382385603436,0.6873557964960734,0.04869376249946386,0.595886050330268,0.04744257224990538,0.6922816024886237,0.047987060128260706,0.6893994198905097,0.047952580849510776,,,,,,,,,,,,,,,,,,,,,,,,,,,,,,,,,,,,,,,,,,,,,,,,,,,,,,,,,45
NCI109,gin,graph,,,,128.0,0.5,0.01,0.0001,256.0,0.6561901701821221,0.04218436879137191,0.7157302512062921,0.041384240388414546,0.6522754841380649,0.04718737314980731,0.6378878633181254,0.04236812458070712,0.6600727200508117,0.03912509774026225,0.6553311705589294,0.0416967836943289,0.6714301149050395,0.04301194534620469,0.7271651678615146,0.04496686798190963,0.6679464446173774,0.04792340265154052,0.6094252069791158,0.05308250181238729,0.6765678538216485,0.04132420071065294,0.6713396125369602,0.044212762728937795,,,,,,,,,,,,,,,,,,,,,,,,,,,,,,,,,,,,,,,,,,,,,,,,,,,,,,,,,45
NCI109,gin,graph,,,,256.0,0.25,0.001,0.0001,128.0,0.7200387239456176,0.019866669744807434,0.7855184170934889,0.015196596984114576,0.7186616208818224,0.02129332970966213,0.6424902107980516,0.11226191355643292,0.7235036108228895,0.015492388832698299,0.7201847341325548,0.019001822844790087,0.7323849545584784,0.02178848685899676,0.7944147295422024,0.01846973835690012,0.7312279290623135,0.023358293988876937,0.5998313003116184,0.07970865917726033,0.736114752292633,0.019300555190544345,0.7328492217593723,0.022004686043515513,,,,,,,,,,,,,,,,,,,,,,,,,,,,,,,,,,,,,,,,,,,,,,,,,,,,,,,,,45
NCI109,gin,graph,,,,256.0,0.25,0.001,0.0001,256.0,0.7076906508869595,0.02028609095633047,0.7721863428751627,0.019013623837166926,0.7061613414022657,0.021604821068651556,0.6192319234212239,0.05262386249620493,0.7113191776805454,0.01833531909858664,0.7078202340337966,0.020276832697345308,0.7213923917876349,0.022617936351307218,0.7836805409855313,0.022469214264580747,0.7200353648927477,0.023866130231705644,0.5609173244900174,0.04790301663513228,0.7248650643560621,0.021192822878080466,0.7214712659517925,0.023016727069168,,,,,,,,,,,,,,,,,,,,,,,,,,,,,,,,,,,,,,,,,,,,,,,,,,,,,,,,,45
NCI109,gin,graph,,,,256.0,0.25,0.01,0.0001,128.0,0.6502097500695123,0.039359361907616214,0.7090162369940016,0.04360176707628739,0.6482122355037265,0.039509289953114264,0.6307474944326613,0.030977210795769046,0.6521368675761753,0.04089791580502512,0.6494148108694289,0.0397335521567713,0.6647914714283414,0.04326928691773091,0.7181383662753635,0.04729335463014385,0.6631380187140571,0.043392113660605476,0.618006267812517,0.04172368288703155,0.66873672803243,0.04395282850420376,0.6653584533267551,0.042844611568811766,,,,,,,,,,,,,,,,,,,,,,,,,,,,,,,,,,,,,,,,,,,,,,,,,,,,,,,,,45
NCI109,gin,graph,,,,256.0,0.25,0.01,0.0001,256.0,0.6274282031589085,0.012533149601762049,0.6842110130521987,0.014464050577667616,0.6216429326269362,0.01767861599812953,0.6520588623152839,0.017386931693292015,0.6336727261543273,0.017138406282815252,0.6260365459654066,0.012874162904844815,0.6366203281614515,0.018450917486968307,0.6912271208233304,0.014942026593924141,0.6313190870814853,0.02399809378979441,0.6446203377511767,0.01745857158262481,0.6437535736295912,0.015915417543159102,0.6362394862704807,0.017315583537529,,,,,,,,,,,,,,,,,,,,,,,,,,,,,,,,,,,,,,,,,,,,,,,,,,,,,,,,,45
NCI109,gin,graph,,,,256.0,0.5,0.001,0.0001,128.0,0.7176508559121026,0.0223139787863129,0.7813363154729207,0.019135435313164976,0.716420774989658,0.023071781152792698,0.6423711061477662,0.07327356751780378,0.7211913704872132,0.02050247196205057,0.7180010835329692,0.021839243997221824,0.7305959714783563,0.024275759706584597,0.792524888780382,0.02133795646133974,0.7295210931036208,0.0252637927274181,0.5962688538763258,0.07906436622779542,0.7339948495229085,0.023967360389295873,0.73095666302575,0.02503241213013899,,,,,,,,,,,,,,,,,,,,,,,,,,,,,,,,,,,,,,,,,,,,,,,,,,,,,,,,,45
NCI109,gin,graph,,,,256.0,0.5,0.001,0.0001,256.0,0.7017747640609742,0.022756669786121845,0.7632607738176982,0.02025108649431241,0.7003123627768623,0.02326675284445116,0.6266453425089519,0.06088586500311879,0.7047243211004469,0.022696263051914817,0.7015863458315531,0.02279548936929654,0.7147106342845493,0.02264385742364251,0.7745536632008023,0.023004545697172304,0.7136011150148179,0.022985333846957685,0.5682228942712148,0.042075662655977376,0.7188346107800802,0.023289187361252472,0.7154164791107178,0.022849220006241115,,,,,,,,,,,,,,,,,,,,,,,,,,,,,,,,,,,,,,,,,,,,,,,,,,,,,,,,,45
NCI109,gin,graph,,,,256.0,0.5,0.01,0.0001,128.0,0.6533290333218045,0.040589185469129006,0.7103829754723443,0.04491626417741964,0.6510826004876031,0.04109553469922979,0.6279658635457357,0.03374076707156941,0.6550068060557047,0.041655531538532804,0.6521903448634677,0.04095581719002829,0.665826063685947,0.04449431755825262,0.7200312985314263,0.049055557719318604,0.6641899413532681,0.045048961814851705,0.61615954902437,0.04385245813000899,0.6695011840926276,0.04421234587719587,0.6664485043949551,0.04415341680808246,,,,,,,,,,,,,,,,,,,,,,,,,,,,,,,,,,,,,,,,,,,,,,,,,,,,,,,,,45
NCI109,gin,graph,,,,256.0,0.5,0.01,0.0001,256.0,0.6332150154643589,0.022954985989230094,0.6883489754464891,0.024365190865995468,0.6303454253408644,0.024389466698264885,0.6475381798214382,0.025678044718835474,0.6349923796123929,0.022712457794956606,0.6320506307813857,0.023485315566647798,0.6436900522973802,0.022427116011744998,0.6955368995666504,0.022888670002126212,0.6412501374880473,0.02307292939731022,0.6401245567533705,0.027218139297599194,0.6472148855527242,0.021374280520746906,0.6436650964948866,0.02165252453107519,,,,,,,,,,,,,,,,,,,,,,,,,,,,,,,,,,,,,,,,,,,,,,,,,,,,,,,,,45
PROTEINS,gat,graph,,,,128.0,0.25,0.001,0.0,128.0,0.7172441283861796,0.033293384049982354,0.7811637216144138,0.03053919521942941,0.6915050943692526,0.03767973579771832,0.8427347501118978,0.3859798103548688,0.7254559609625074,0.03308533188332519,0.6912424736552768,0.03273444949576672,0.7270183854632908,0.028190792668871038,0.7788571000099183,0.029017453098802985,0.6998375535011292,0.038111109197449596,0.7317306213908725,0.19696963554144387,0.7261729465590583,0.03212553889353643,0.6974593294991387,0.036876115284536035,,,,,,,,,,,,,,,,,,,,,,,,,,,,,,,,,,,,,,,,,,,,,,,,,,,,,,,,,45
PROTEINS,gat,graph,,,,128.0,0.25,0.001,0.0,256.0,0.7135802441173129,0.02731616374724645,0.7811250885327657,0.02958581356697939,0.683667352464464,0.03288649782567579,0.9220691290166643,0.4134311785041836,0.7253976980845134,0.028957064682506382,0.6839144455062018,0.027475736432502496,0.7204636269145541,0.02980724136023065,0.7797842979431152,0.030428680680916413,0.6872480140791999,0.0429097207024116,0.7767441219753689,0.25621528982303426,0.7230643563800387,0.03444336729340049,0.6856383694542779,0.038949173492926085,,,,,,,,,,,,,,,,,,,,,,,,,,,,,,,,,,,,,,,,,,,,,,,,,,,,,,,,,45
PROTEINS,gat,graph,,,,128.0,0.25,0.001,0.0001,128.0,0.7139784945382013,0.034654476414271954,0.7818291531668768,0.03224176799531697,0.6872851610183716,0.038605670618472566,0.8271455420388116,0.36429483747373675,0.7228220648235745,0.03228604148442037,0.6873840861850314,0.032096590553875,0.7253397292561001,0.03091657212164074,0.7799809707535638,0.030764684275248456,0.6971984929508633,0.04083383060053206,0.7268568873405457,0.18092397410513505,0.7256067421701219,0.03576263961397492,0.6952813095516629,0.0398914003822046,,,,,,,,,,,,,,,,,,,,,,,,,,,,,,,,,,,,,,,,,,,,,,,,,,,,,,,,,45
PROTEINS,gat,graph,,,,128.0,0.25,0.001,0.0001,256.0,0.7125448028246562,0.031890304857157534,0.7818725943565369,0.030182463267981997,0.6826232141918607,0.037846389885964116,0.9247376706865099,0.4167417272594395,0.7235098918279012,0.03076219415985737,0.6830026441150241,0.031310783000006594,0.7191846503151788,0.030449285242305266,0.7795767678154839,0.027663449525212564,0.6851076046625774,0.04498800970239461,0.780662887626224,0.2502189269078935,0.7209567864735921,0.035475083511628966,0.6835821588834127,0.04126901254093535,,,,,,,,,,,,,,,,,,,,,,,,,,,,,,,,,,,,,,,,,,,,,,,,,,,,,,,,,45
PROTEINS,gat,graph,,,,128.0,0.25,0.01,0.0,128.0,0.7329350842369927,0.030399963949251225,0.7877041618029277,0.037851014608829746,0.7133754663997226,0.036894024008972875,0.6873012754652236,0.15178744653633439,0.736623556084103,0.030733045358655953,0.712176779905955,0.034214836177205825,0.7508393247922261,0.029706220399085277,0.7865480634901258,0.028730813517849105,0.7303553104400635,0.03698964386918339,0.6237165126535628,0.11396114025240628,0.74981310500039,0.030312566184071042,0.7276288138495551,0.03729808374980625,,,,,,,,,,,,,,,,,,,,,,,,,,,,,,,,,,,,,,,,,,,,,,,,,,,,,,,,,45
PROTEINS,gat,graph,,,,128.0,0.25,0.01,0.0,256.0,0.7287136554718018,0.03348227620460538,0.7813628435134887,0.03557779851241348,0.7079607394006517,0.03866291971527971,0.703645039929284,0.2445500838110637,0.7321609006987677,0.0360344313564417,0.706325872739156,0.0369310816126641,0.7444444470935397,0.03171292995553212,0.7798639019330342,0.03212226808375234,0.7232993006706238,0.03829247475591998,0.6265302320321401,0.14798600640652462,0.7429734124077692,0.034709391038561146,0.7205356796582539,0.03809182828640925,,,,,,,,,,,,,,,,,,,,,,,,,,,,,,,,,,,,,,,,,,,,,,,,,,,,,,,,,45
PROTEINS,gat,graph,,,,128.0,0.25,0.01,0.0001,128.0,0.730545597606235,0.028266587036158426,0.7918799175156488,0.03479791243705384,0.7109588106473287,0.036388845593295534,0.6878795272774166,0.20251199700497596,0.73427787621816,0.031855546192995805,0.7100046780374315,0.0336035968736055,0.7545163896348741,0.028418673084335246,0.7910219523641798,0.03303183261415247,0.7349854813681709,0.03634853938905736,0.615058935350842,0.1236998200562059,0.7537695195939805,0.0304872461207075,0.7323867983288235,0.03589741310366974,,,,,,,,,,,,,,,,,,,,,,,,,,,,,,,,,,,,,,,,,,,,,,,,,,,,,,,,,45
PROTEINS,gat,graph,,,,128.0,0.25,0.01,0.0001,256.0,0.7277578645282321,0.030651836534170848,0.7851618131001791,0.033749667830675935,0.7047224680582682,0.03881158259255451,0.7019765986336602,0.2343151062719358,0.7330933147006564,0.03121452336412676,0.7033416893747118,0.03561426315443752,0.7464428477817111,0.03146778800160533,0.7845425062709385,0.03532225942885099,0.7238683660825094,0.039227209517371284,0.6173535168170929,0.12016094497604657,0.7471961696942647,0.03296209886683065,0.720936550034417,0.03714105349312893,,,,,,,,,,,,,,,,,,,,,,,,,,,,,,,,,,,,,,,,,,,,,,,,,,,,,,,,,45
PROTEINS,gat,graph,,,,128.0,0.5,0.001,0.0,128.0,0.7148546364572314,0.032416569736112975,0.7836471252971225,0.03077076519048038,0.6885545929272969,0.037394330267134186,0.8308945616086324,0.30837406259823436,0.7243107053968642,0.02896848827094315,0.689264198144277,0.03158270296369065,0.7282174229621887,0.0320871974451038,0.781458870569865,0.027212890941585525,0.6994516796535916,0.04325577084544146,0.7457602633370294,0.19937573185494406,0.7298300862312317,0.0356619131450723,0.6976691683133444,0.04146571904878645,,,,,,,,,,,,,,,,,,,,,,,,,,,,,,,,,,,,,,,,,,,,,,,,,,,,,,,,,45
PROTEINS,gat,graph,,,,128.0,0.5,0.001,0.0,256.0,0.7128633975982666,0.03062578719939192,0.7868547161420186,0.03029514375888564,0.6803914017147488,0.04235875346293591,0.986089579264323,0.5172479996257753,0.726862014664544,0.030048888004126906,0.6816368023554484,0.033352598181239014,0.7222222182485792,0.033821379439788794,0.7828911238246494,0.026553718067273368,0.6883572525448269,0.04898433763788706,0.8859470407168071,0.6996803336081552,0.7264199203915066,0.0340909960111413,0.6872943348354763,0.042829322245524576,,,,,,,,,,,,,,,,,,,,,,,,,,,,,,,,,,,,,,,,,,,,,,,,,,,,,,,,,45
PROTEINS,gat,graph,,,,128.0,0.5,0.001,0.0001,128.0,0.7201115078396267,0.032928320040782826,0.7859704534212748,0.03198035956556967,0.6938177122010125,0.03481736260811583,0.8421633587943183,0.3337431573822717,0.7303007668919034,0.032144596526111235,0.6931076712078519,0.029605612752541612,0.7290967186292012,0.03276974922255257,0.7828669362597995,0.026280867298487855,0.6999155879020691,0.04386386934761756,0.7483665254380968,0.19514902781080118,0.7304451399379306,0.037608593145040226,0.6977055178748237,0.04249422824927228,,,,,,,,,,,,,,,,,,,,,,,,,,,,,,,,,,,,,,,,,,,,,,,,,,,,,,,,,45
PROTEINS,gat,graph,,,,128.0,0.5,0.001,0.0001,256.0,0.7121465563774109,0.029800509225166277,0.7870379315482245,0.02944026422777878,0.6798448377185398,0.042055290090476385,0.9928448564476438,0.5133833321735127,0.725973023308648,0.02989253255170347,0.6812884926795959,0.033227258088534196,0.7222222195731269,0.0331894363838694,0.7821978277630276,0.027196166246654965,0.6884672429826525,0.048631578842958406,0.8899271819326613,0.700569086413847,0.7263619621594747,0.033636158189238964,0.68740793466568,0.04228181377354677,,,,,,,,,,,,,,,,,,,,,,,,,,,,,,,,,,,,,,,,,,,,,,,,,,,,,,,,,45
PROTEINS,gat,graph,,,,128.0,0.5,0.01,0.0,128.0,0.7389088074366251,0.030689914726099752,0.8006128377384609,0.032751397069398926,0.71767109102673,0.03840336237341744,0.7293454501363966,0.29232408170891655,0.7453459474775527,0.030573800552502618,0.7157953129874335,0.03474906119169303,0.7562749796443515,0.029574815707984935,0.7962047576904296,0.027986986124458692,0.7363696641392178,0.03552831358795285,0.6484101023938921,0.15093713373612813,0.7555401086807251,0.03267588770888749,0.7327891667683919,0.03586776821393691,,,,,,,,,,,,,,,,,,,,,,,,,,,,,,,,,,,,,,,,,,,,,,,,,,,,,,,,,45
PROTEINS,gat,graph,,,,128.0,0.5,0.01,0.0,256.0,0.7227399428685506,0.03609519365268101,0.7859707143571641,0.03546423565076516,0.6991752425829569,0.04351179120759219,0.7819710559315152,0.3494741681238789,0.7325764232211642,0.0322285811159695,0.7003743118709989,0.0367877408518179,0.7398081501324971,0.0378436755346732,0.7853434907065497,0.031937113764945825,0.7148903369903564,0.047774088794957044,0.6576894177330865,0.15285327671099586,0.7439431892500983,0.03305734725789923,0.7143551336394416,0.044493760090553426,,,,,,,,,,,,,,,,,,,,,,,,,,,,,,,,,,,,,,,,,,,,,,,,,,,,,,,,,45
PROTEINS,gat,graph,,,,128.0,0.5,0.01,0.0001,128.0,0.7377937078475952,0.03246517362448353,0.8003051506148444,0.03287285728154469,0.7178659200668335,0.03655098661079057,0.7220742523670196,0.32726541113154495,0.7433503919177585,0.03232058708108523,0.7158785303433736,0.032885187250209606,0.7572342157363892,0.026749873897569294,0.7981136653158399,0.026875620151149495,0.7377744807137383,0.031824600948438385,0.6436399771107568,0.1682492154600165,0.756946877638499,0.030010766433506014,0.7342890236112807,0.03249710195438203,,,,,,,,,,,,,,,,,,,,,,,,,,,,,,,,,,,,,,,,,,,,,,,,,,,,,,,,,45
PROTEINS,gat,graph,,,,128.0,0.5,0.01,0.0001,256.0,0.7287933097945319,0.029368023517997804,0.790420393149058,0.029191526589203414,0.7022337781058418,0.041386639848545306,0.7665244685278998,0.34290239306896,0.7405155049429999,0.02923586600098266,0.7018720812267727,0.03532198638908048,0.7412470009591844,0.03809461842056214,0.7882989062203302,0.03171400695346212,0.7150272263420953,0.05068349971536516,0.6481138110160828,0.17380708477987228,0.7455840746561686,0.034103999682568,0.7135799527168274,0.04457253582310912,,,,,,,,,,,,,,,,,,,,,,,,,,,,,,,,,,,,,,,,,,,,,,,,,,,,,,,,,45
PROTEINS,gat,graph,,,,256.0,0.25,0.001,0.0,128.0,0.7187574677997165,0.02705602497310059,0.7783213787608676,0.026912446708550218,0.695746738380856,0.030042430420093053,0.8304942316479154,0.25690571054978906,0.723626606994205,0.02708203371096002,0.6948374430338542,0.026974987453055398,0.7263788978258768,0.029196983501925226,0.7751728097597758,0.030929676324979363,0.7014275948206584,0.035524017016292125,0.781235478983985,0.25553018566590596,0.7242348194122314,0.03083471550978747,0.6990882621871101,0.03447333750725702,,,,,,,,,,,,,,,,,,,,,,,,,,,,,,,,,,,,,,,,,,,,,,,,,,,,,,,,,45
PROTEINS,gat,graph,,,,256.0,0.25,0.001,0.0,256.0,0.716845883263482,0.026493334721119477,0.7818529791302151,0.02589146502875767,0.6895565668741862,0.030912993166393357,0.8507774538464017,0.3002575327310815,0.7253869851430257,0.028593958403068134,0.6886886384752061,0.026609203817843985,0.7211830536524455,0.034430907080493345,0.7766594529151917,0.03516163227518665,0.6904818044768439,0.04482748963515152,0.7737273865275913,0.2621722497254298,0.7213568343056573,0.03801818158612478,0.6884670986069573,0.041047699212953856,,,,,,,,,,,,,,,,,,,,,,,,,,,,,,,,,,,,,,,,,,,,,,,,,,,,,,,,,45
PROTEINS,gat,graph,,,,256.0,0.25,0.001,0.0001,128.0,0.7165272805425856,0.02581032657062882,0.7792010453012255,0.02590036300550056,0.6929973893695407,0.028970309850550255,0.8425056113137139,0.31851581196229856,0.7226979984177484,0.028231477516835454,0.69265771706899,0.026531982224435282,0.726219023598565,0.03141728294349411,0.7747010522418551,0.030488545970149872,0.7005727966626485,0.03989249061080488,0.7657450821664599,0.20369903412257043,0.7258567916022407,0.033174114146221935,0.699327716562483,0.039473907555627206,,,,,,,,,,,,,,,,,,,,,,,,,,,,,,,,,,,,,,,,,,,,,,,,,,,,,,,,,46
PROTEINS,gat,graph,,,,256.0,0.25,0.001,0.0001,256.0,0.7082437290085687,0.02946132694208299,0.7793365663952297,0.028375741467802074,0.6785956435733371,0.03771041416778915,1.0084445436795553,0.8867109333736031,0.7195464981926812,0.03157523458575583,0.6801098479164971,0.030699661419894938,0.719824136628045,0.033859035183951516,0.7751098712285359,0.03427145649383003,0.6873808145523072,0.04615051921184056,0.956870064470503,1.2109019814222257,0.7225470291243659,0.03497850886501143,0.6864088906182183,0.04189616439961324,,,,,,,,,,,,,,,,,,,,,,,,,,,,,,,,,,,,,,,,,,,,,,,,,,,,,,,,,45
PROTEINS,gat,graph,,,,256.0,0.25,0.01,0.0,128.0,0.7212266047795614,0.0343607862826202,0.7803524719344245,0.033048307033178875,0.6978307326634725,0.043513535253310635,0.8326146596007877,0.4388407884930058,0.7279777910974291,0.032941316623743416,0.698378054300944,0.03905281249059085,0.7461230953534445,0.028843213892300705,0.7822585913870069,0.03467480847415654,0.722957291867998,0.038629444241437855,0.7476956135696835,0.41804557271868137,0.7479631251758999,0.030977157157020208,0.7205719179577298,0.038112322553124835,,,,,,,,,,,,,,,,,,,,,,,,,,,,,,,,,,,,,,,,,,,,,,,,,,,,,,,,,45
PROTEINS,gat,graph,,,,256.0,0.25,0.01,0.0,256.0,0.7095181200239393,0.038008469234756134,0.768566185898251,0.03796128073887144,0.6772248347600301,0.05059084564600933,1.1371029449833765,0.8970214667983453,0.7209104829364352,0.03652441437980862,0.6794963836669922,0.04444114963732788,0.7331734617551168,0.035636841390318856,0.7704710457060072,0.036862499927399206,0.7005445175700717,0.05264141568311765,0.9182290905051761,0.5210290741835484,0.7407001694043477,0.03317212436404365,0.7001006907886929,0.048701591888080015,,,,,,,,,,,,,,,,,,,,,,,,,,,,,,,,,,,,,,,,,,,,,,,,,,,,,,,,,45
PROTEINS,gat,graph,,,,256.0,0.25,0.01,0.0001,128.0,0.7246515300538805,0.03026198961391203,0.7831752896308899,0.030693480367722407,0.7009925180011325,0.038187736790796796,0.8036302559905582,0.40843045830733526,0.73199153608746,0.03043589420269665,0.7007602135340373,0.035346297348201924,0.7471622678968641,0.02962912632732203,0.7820600072542826,0.03361236545246998,0.724296850628323,0.03805724294696906,0.7465341799789005,0.40548401183771066,0.7491802242067125,0.03332596382303114,0.721737802028656,0.03785897766718475,,,,,,,,,,,,,,,,,,,,,,,,,,,,,,,,,,,,,,,,,,,,,,,,,,,,,,,,,45
PROTEINS,gat,graph,,,,256.0,0.25,0.01,0.0001,256.0,0.7103942645920648,0.03570027375070031,0.7691854728592766,0.037795276417291475,0.6811281667815314,0.05347800093475709,1.0450809465514288,0.8168149488641709,0.7196972674793667,0.030554274234897982,0.6840846406088935,0.04359707090148406,0.728697042995029,0.035934325725900364,0.7689487046665615,0.03641621523396667,0.6984617551167805,0.05308864151625475,0.8564375168747372,0.5252206806792673,0.7339261187447442,0.039071889989915086,0.6982017159461975,0.047492329702958705,,,,,,,,,,,,,,,,,,,,,,,,,,,,,,,,,,,,,,,,,,,,,,,,,,,,,,,,,45
PROTEINS,gat,graph,,,,256.0,0.5,0.001,0.0,128.0,0.7154121849271986,0.029441493537833863,0.7829414274957445,0.029443301130906718,0.6890743136405945,0.0378842374617372,0.9119994918505351,0.39124706771273776,0.7248289955986871,0.0316037642037085,0.689604029390547,0.03158790215856488,0.7238209393289354,0.03039601260200193,0.7792882402737935,0.028904062523064593,0.6942514061927796,0.04448620741130819,0.8076460560162863,0.25059860510665954,0.7270450393358866,0.032713648814991524,0.6937628004286024,0.04045764364274695,,,,,,,,,,,,,,,,,,,,,,,,,,,,,,,,,,,,,,,,,,,,,,,,,,,,,,,,,46
PROTEINS,gat,graph,,,,256.0,0.5,0.001,0.0,256.0,0.7146156893836128,0.027975874629933447,0.7847379975848727,0.028273285049431832,0.6846619314617581,0.03483057934938101,1.0101497610410055,0.4163264406019455,0.7248253835572137,0.026405283570626097,0.6844881190194024,0.028701959665341996,0.7185451653268602,0.030964095619714842,0.7793912145826551,0.028405792135274152,0.6854460597038269,0.0405305401000502,0.8823694202635023,0.3574222796651696,0.719943392276764,0.03472488178267766,0.6832550088564555,0.037427112965056714,,,,,,,,,,,,,,,,,,,,,,,,,,,,,,,,,,,,,,,,,,,,,,,,,,,,,,,,,45
PROTEINS,gat,graph,,,,256.0,0.5,0.001,0.0001,128.0,0.7174034224616157,0.029850760014775907,0.7864413075976902,0.028888445510375522,0.6891783939467536,0.0391262123620435,0.8981129301918878,0.3957032321164343,0.7294453965293036,0.030161903820170394,0.6898497078153822,0.03207021164921487,0.7262989613744948,0.03087532692597167,0.7833733585145738,0.027981838071704436,0.6952370829052396,0.044480240664504636,0.7934739722145928,0.24583990078614149,0.7312120040257771,0.03217742424972606,0.6941959725485908,0.04043660835446652,,,,,,,,,,,,,,,,,,,,,,,,,,,,,,,,,,,,,,,,,,,,,,,,,,,,,,,,,45
PROTEINS,gat,graph,,,,256.0,0.5,0.001,0.0001,256.0,0.7132616506682502,0.028500206796989613,0.7836616807513767,0.028285453070189395,0.68211536804835,0.03724939693254887,0.9933759464157952,0.3882540065052618,0.7240590691566468,0.025571574796705708,0.6824707945187887,0.030701754085419156,0.720063947306739,0.030841653278009862,0.7798734227816264,0.028467912686629546,0.6859473533100552,0.0437274452445341,0.8617371797561646,0.282831408263604,0.7221233473883735,0.03258775737649029,0.6841685228877598,0.03907337684865339,,,,,,,,,,,,,,,,,,,,,,,,,,,,,,,,,,,,,,,,,,,,,,,,,,,,,,,,,45
PROTEINS,gat,graph,,,,256.0,0.5,0.01,0.0,128.0,0.7259259250428941,0.032686055951183506,0.7847850150532193,0.03516338610035758,0.7067644755045573,0.037410553303322915,0.7068298637866974,0.1933813484316663,0.726833517021603,0.02988107185998279,0.705698197417789,0.035449942794300644,0.7470023949940999,0.030124980801260772,0.7831117020712959,0.03399349176622075,0.7291612691349454,0.03327810787839166,0.6450762132803599,0.1475127201512837,0.7438454469045003,0.034546324290668506,0.7267278485827976,0.032944201128692646,,,,,,,,,,,,,,,,,,,,,,,,,,,,,,,,,,,,,,,,,,,,,,,,,,,,,,,,,45
PROTEINS,gat,graph,,,,256.0,0.5,0.01,0.0,256.0,0.7139784971872966,0.03832704497612473,0.7761422634124756,0.03635839321733458,0.6812954889403449,0.06012843648347215,0.8251079327530331,0.38096994997222194,0.7267349733246697,0.03319564863712538,0.6847341881857978,0.04824398258109207,0.731654679775238,0.04008081267069936,0.7733110891448127,0.03547800433479083,0.6990119132730696,0.05810242031051709,0.6932476056946648,0.18558839516306244,0.7394740369584826,0.04182240172823976,0.6985047671529981,0.04900942261552073,,,,,,,,,,,,,,,,,,,,,,,,,,,,,,,,,,,,,,,,,,,,,,,,,,,,,,,,,45
PROTEINS,gat,graph,,,,256.0,0.5,0.01,0.0001,128.0,0.7224213414722018,0.028953059313853075,0.7812564730644226,0.0316033906403041,0.6998709479967753,0.04129360480395292,0.7286663499143389,0.2141192383505749,0.7277210023668077,0.02907796405358254,0.7003409173753526,0.037113154848196,0.7438049554824829,0.030885480674206194,0.7804502791828579,0.033185464176830645,0.7223561247189839,0.03921816291073311,0.661061927345064,0.14463984547824968,0.744396158059438,0.03315643345504354,0.7206805401378208,0.037373173850938704,,,,,,,,,,,,,,,,,,,,,,,,,,,,,,,,,,,,,,,,,,,,,,,,,,,,,,,,,45
PROTEINS,gat,graph,,,,256.0,0.5,0.01,0.0001,256.0,0.7106332116656833,0.043047396494055604,0.7742275675137837,0.03905634188310247,0.6826954351531135,0.06204421204584738,0.9041253129641215,0.8927352006878935,0.7189316444926792,0.03576614932702312,0.6865102993117438,0.050557303763040025,0.735251800219218,0.03806372919867801,0.7742801891432868,0.03464280193313263,0.7071430106957753,0.06065152956565328,0.7385802209377289,0.37852587810480254,0.7381469514634874,0.041392316002778186,0.7074951595730252,0.05076280412127525,,,,,,,,,,,,,,,,,,,,,,,,,,,,,,,,,,,,,,,,,,,,,,,,,,,,,,,,,45
PROTEINS,gcn,graph,,,,128.0,0.25,0.001,0.0,128.0,0.7179609735806783,0.02777196624367133,0.7794879330529108,0.03098445748200365,0.6957349273893568,0.03212881091405759,0.8449291759067111,0.33663688183619844,0.7210134492980109,0.02437778594159449,0.6948202133178711,0.027056978697272072,0.7302158289485507,0.026765019681302647,0.7755818605422974,0.02650275928953572,0.7057106600867378,0.032380710870215906,0.7439532730314466,0.1952027838306425,0.7281585428449843,0.03225683302343788,0.7025575664308336,0.03238926464620323,,,,,,,,,,,,,,,,,,,,,,,,,,,,,,,,,,,,,,,,,,,,,,,,,,,,,,,,,45
PROTEINS,gcn,graph,,,,128.0,0.25,0.001,0.0,256.0,0.7125448067982991,0.026926212860657016,0.7759948134422302,0.028901385574712182,0.6858881062931484,0.03363393399890245,0.9107836431927151,0.4224418412021388,0.7196130328708225,0.030237736032614124,0.6855309844017029,0.028347056689522965,0.7233413272433811,0.02876494061345426,0.773167547914717,0.02867649771047916,0.6942440642250909,0.037259146015955855,0.7788868314690061,0.2916636104019632,0.7234858804278903,0.03452937912248095,0.6913189888000488,0.033581807585889974,,,,,,,,,,,,,,,,,,,,,,,,,,,,,,,,,,,,,,,,,,,,,,,,,,,,,,,,,45
PROTEINS,gcn,graph,,,,128.0,0.25,0.001,0.0001,128.0,0.7185981657769945,0.02976914481610488,0.7807739019393921,0.028691328104797673,0.6944061570697361,0.03755119122499616,0.8430787980556488,0.3364067831854949,0.7238496436013115,0.024763153288185128,0.69428471326828,0.0321768987638087,0.7302158262994555,0.02618744762345933,0.7782897313435873,0.02922362486492768,0.7039037015702989,0.032546814032171315,0.740817027621799,0.19358551484534817,0.7307830068800184,0.030604318174748773,0.701069282160865,0.03203828877837286,,,,,,,,,,,,,,,,,,,,,,,,,,,,,,,,,,,,,,,,,,,,,,,,,,,,,,,,,45
PROTEINS,gcn,graph,,,,128.0,0.25,0.001,0.0001,256.0,0.7107128646638659,0.028270031014889754,0.7749687976307339,0.02750821794190272,0.6838726811938816,0.03716289990498632,0.9120207760069106,0.42215498601894774,0.717649945947859,0.02845452398179479,0.6843526191181607,0.03079033632167021,0.724220625559489,0.028489409721272736,0.7727283782429165,0.030499446087242445,0.695598018169403,0.03707961255063211,0.784612676832411,0.2912946954061278,0.7245418296919929,0.03414964750368951,0.6928055710262723,0.03347520380768433,,,,,,,,,,,,,,,,,,,,,,,,,,,,,,,,,,,,,,,,,,,,,,,,,,,,,,,,,45
PROTEINS,gcn,graph,,,,128.0,0.25,0.01,0.0,128.0,0.7342891269259982,0.03076255225097449,0.795642364025116,0.03397674299433028,0.7152905583381652,0.038941650718334914,0.6869403759638468,0.20383218732737565,0.7362389498286777,0.03022632394727377,0.7141194144884745,0.037196439897601005,0.753157475259569,0.02582888660172196,0.791096047560374,0.03230963161796801,0.7342296679814656,0.03128939866717834,0.6129386537604862,0.09496373629973742,0.7511357347170512,0.027700022069066663,0.7312836911943223,0.031732819670885114,,,,,,,,,,,,,,,,,,,,,,,,,,,,,,,,,,,,,,,,,,,,,,,,,,,,,,,,,45
PROTEINS,gcn,graph,,,,128.0,0.25,0.01,0.0,256.0,0.7248108334011502,0.03829875978205589,0.7880938980314467,0.030178125011478533,0.6954615235328674,0.06449674032401699,0.7583522412512037,0.30443664395093306,0.7397756417592366,0.02825003391608837,0.6992664999432034,0.04897180875521099,0.743565148777432,0.035919043968519096,0.7863910436630249,0.03367092428955719,0.714090883731842,0.061052103858114166,0.6406608117951287,0.13637661510128268,0.753578449620141,0.03510777788955347,0.7148200352986653,0.052849391318838014,,,,,,,,,,,,,,,,,,,,,,,,,,,,,,,,,,,,,,,,,,,,,,,,,,,,,,,,,45
PROTEINS,gcn,graph,,,,128.0,0.25,0.01,0.0001,128.0,0.7334926313824124,0.028037037559374686,0.7942123240894742,0.035348480760515034,0.7139900922775269,0.03402147974621075,0.6789354734950596,0.2074147074643304,0.7367955565452575,0.029178113968982507,0.7124103943506876,0.03212401501301927,0.754676259888543,0.025752618306295688,0.7885025302569072,0.03102969109117415,0.7355727844768101,0.03236638884909717,0.606653274430169,0.09679133895695584,0.7524691144625346,0.029074730948305955,0.7323850883377923,0.03330065637851068,,,,,,,,,,,,,,,,,,,,,,,,,,,,,,,,,,,,,,,,,,,,,,,,,,,,,,,,,45
PROTEINS,gcn,graph,,,,128.0,0.25,0.01,0.0001,256.0,0.729828749762641,0.029030938575066858,0.7883693787786695,0.02820600338289896,0.7081939511828952,0.038702623278105294,0.7556340614954631,0.4468305269869257,0.7359100474251641,0.026755261365085412,0.7079245593812731,0.03467778602635903,0.7516386919551425,0.02686323180768333,0.7863479932149251,0.03084086084894504,0.7303481486108568,0.03473742254092966,0.6281921837064955,0.1624860629032926,0.752978938155704,0.030626052061898917,0.7277235574192471,0.035777947586835564,,,,,,,,,,,,,,,,,,,,,,,,,,,,,,,,,,,,,,,,,,,,,,,,,,,,,,,,,45
PROTEINS,gcn,graph,,,,128.0,0.5,0.001,0.0,128.0,0.7166865799162123,0.02728550127752696,0.782700855202145,0.02739870515308052,0.6927973628044128,0.032346012767400116,0.8491988288031684,0.33366471816132126,0.7225063628620572,0.02284747595710582,0.6928247292836507,0.02795159478774649,0.7280575527085198,0.030206873383277592,0.7794840229882134,0.030941803658793315,0.7016983416345385,0.035893252806559035,0.7469684375656975,0.1905953322478032,0.729657092359331,0.03118748331915608,0.6998531394534641,0.03441006470171811,,,,,,,,,,,,,,,,,,,,,,,,,,,,,,,,,,,,,,,,,,,,,,,,,,,,,,,,,45
PROTEINS,gcn,graph,,,,128.0,0.5,0.001,0.0,256.0,0.7129430519209967,0.030449868706338035,0.781424057483673,0.027846605413246333,0.6852615197499593,0.036441870332044,0.9704809466997782,0.49847849610290634,0.7198638280232748,0.030636756548264685,0.684916889667511,0.03142896659269158,0.7235811312993368,0.02936325464373652,0.7776169750425551,0.03277350608699713,0.6932475434409248,0.0353020464197494,0.8130508171187507,0.22485076578652086,0.7268457253774007,0.03604372117468378,0.6906738400459289,0.03333920449018363,,,,,,,,,,,,,,,,,,,,,,,,,,,,,,,,,,,,,,,,,,,,,,,,,,,,,,,,,45
PROTEINS,gcn,graph,,,,128.0,0.5,0.001,0.0001,128.0,0.7184388717015584,0.02479173574395103,0.7850643157958984,0.029269012070992133,0.6930313891834683,0.02997732218782051,0.8486342019504971,0.34184510480777414,0.7269353018866644,0.026793270548686517,0.6927243007553948,0.026203223616343516,0.7292565955056085,0.03101386499056307,0.7827791121270922,0.027659327379934276,0.7009340325991312,0.04273695205375265,0.7390896015697055,0.17769330072090042,0.7313116868336995,0.032583629812731524,0.6993823713726468,0.040034591197455636,,,,,,,,,,,,,,,,,,,,,,,,,,,,,,,,,,,,,,,,,,,,,,,,,,,,,,,,,45
PROTEINS,gcn,graph,,,,128.0,0.5,0.001,0.0001,256.0,0.7136598971154955,0.0258261584452144,0.7829370127783881,0.02799526427735018,0.687036559316847,0.032869272201750364,0.9846582041846381,0.5262682416282676,0.7200236903296576,0.025553867114509552,0.686822603808509,0.029014164994719073,0.7230215827624004,0.03039708457697276,0.7781193640496996,0.031092375967329007,0.6938795526822408,0.035867912444299634,0.8041426565912034,0.22634931201084224,0.7260658489333258,0.03655493359931408,0.6916982664002312,0.0331892357526038,,,,,,,,,,,,,,,,,,,,,,,,,,,,,,,,,,,,,,,,,,,,,,,,,,,,,,,,,45
PROTEINS,gcn,graph,,,,128.0,0.5,0.01,0.0,128.0,0.7449621677398681,0.02744554609362996,0.8109615643819174,0.029100329592713553,0.7252488613128663,0.031959769206946924,0.7005142860942417,0.22042955829867097,0.7510596010420058,0.026605240494507385,0.7227075192663405,0.029929547912498144,0.7619504438506233,0.0279400160802908,0.8050322678354052,0.026198721655367737,0.742349025938246,0.03361071987409018,0.628057638141844,0.15031329544448224,0.7613130582703485,0.029699345842097977,0.7380621102121141,0.033886413144617204,,,,,,,,,,,,,,,,,,,,,,,,,,,,,,,,,,,,,,,,,,,,,,,,,,,,,,,,,45
PROTEINS,gcn,graph,,,,128.0,0.5,0.01,0.0,256.0,0.741935482290056,0.024405317037023946,0.803114112218221,0.03027871471390403,0.7218529807196723,0.029829806460847173,0.7516590396563212,0.3417020870966203,0.7489039831691318,0.02507941056782866,0.7199934177928501,0.02875915906263398,0.7560351663165622,0.03137107029415545,0.8005802816814847,0.02995370637227967,0.7353555891248915,0.039615355899974655,0.636997867292828,0.19326149737620305,0.7574611902236938,0.03134820227302251,0.7330609983868069,0.04007259382692087,,,,,,,,,,,,,,,,,,,,,,,,,,,,,,,,,,,,,,,,,,,,,,,,,,,,,,,,,45
PROTEINS,gcn,graph,,,,128.0,0.5,0.01,0.0001,128.0,0.7482277962896559,0.02431129690267902,0.8079151630401611,0.028744340656787843,0.7308092368973627,0.026538277029696692,0.6799131453037262,0.19988545414266204,0.7514810999234517,0.02676375665457733,0.7276682840453254,0.025494880157139587,0.7617106318473816,0.02887039198267916,0.8033146659533182,0.027886064698337296,0.7443063537279765,0.033217214721263176,0.6115085224310557,0.113041094060046,0.7597010493278503,0.03322434993699335,0.7410048113928901,0.03364125349302832,,,,,,,,,,,,,,,,,,,,,,,,,,,,,,,,,,,,,,,,,,,,,,,,,,,,,,,,,45
PROTEINS,gcn,graph,,,,128.0,0.5,0.01,0.0001,256.0,0.7424133790863885,0.02822845397806053,0.8034257994757759,0.030141454626083655,0.72160714202457,0.034873868792295086,0.752984427081214,0.3102444879400913,0.7486635817421807,0.025644336054312423,0.7195001721382142,0.03325256174559852,0.7537969615724351,0.02829837549796972,0.7973253356085883,0.03048166664603499,0.732194533612993,0.03479517649007017,0.6395564781294929,0.20671090730314673,0.7558385186725193,0.03321439989015191,0.7287787040074666,0.03447114172640017,,,,,,,,,,,,,,,,,,,,,,,,,,,,,,,,,,,,,,,,,,,,,,,,,,,,,,,,,45
PROTEINS,gcn,graph,,,,256.0,0.25,0.001,0.0,128.0,0.7161290327707927,0.029433560874823825,0.7794359697235955,0.029835197820873082,0.6938734889030457,0.03436516409994766,0.8965465009212494,0.5877210110252213,0.7201698488659329,0.028356550551415952,0.6936108271280924,0.030051808497510733,0.7312549961937799,0.030091992776545715,0.7800302200847202,0.03154484540305355,0.7079697555965847,0.035227726396212564,0.7458439111709595,0.24353847393255576,0.728687580426534,0.035873696992396335,0.7049009270138211,0.03513397706306769,,,,,,,,,,,,,,,,,,,,,,,,,,,,,,,,,,,,,,,,,,,,,,,,,,,,,,,,,45
PROTEINS,gcn,graph,,,,256.0,0.25,0.001,0.0,256.0,0.7132616506682502,0.029348134250716775,0.7804592622650994,0.029887934123821513,0.6869746446609497,0.04178777603620347,0.9295553578270807,0.4448280002079447,0.719732129573822,0.025866353740920275,0.6876794589890374,0.033825772082916546,0.7260591520203484,0.028591987569301064,0.7781262093120151,0.027520125856832583,0.6987466189596389,0.03995455292457511,0.7766135891278585,0.2601536968244252,0.7264864563941955,0.034726965801497894,0.6966565291086833,0.03716803845582434,,,,,,,,,,,,,,,,,,,,,,,,,,,,,,,,,,,,,,,,,,,,,,,,,,,,,,,,,45
PROTEINS,gcn,graph,,,,256.0,0.25,0.001,0.0001,128.0,0.7138191938400269,0.03068991173070136,0.7783688214090135,0.03002566067584679,0.6907609277301364,0.03571189194355212,0.8679137931929695,0.476346036923077,0.718958838780721,0.028908596866954135,0.691033332877689,0.030401032220787993,0.731894482506646,0.025889290671161642,0.7796650211016337,0.03227974372455903,0.7079654799567329,0.03101710587644505,0.7509618481000264,0.25114408257331894,0.7310544000731574,0.029894626756198337,0.7053247994846767,0.0312817405164147,,,,,,,,,,,,,,,,,,,,,,,,,,,,,,,,,,,,,,,,,,,,,,,,,,,,,,,,,45
PROTEINS,gcn,graph,,,,256.0,0.25,0.001,0.0001,256.0,0.7140581475363837,0.028784496766834967,0.7801942043834262,0.031148930664839147,0.688820379310184,0.03802546283785422,0.9394919607374403,0.4559754940980501,0.720898073249393,0.028914352488911447,0.6890575978491041,0.03108108787021837,0.7272581895192464,0.02692155663977261,0.7754815525478786,0.028047353998984503,0.701583190759023,0.038028239246199955,0.793256605996026,0.2645609112348379,0.7271811962127686,0.032097378424826885,0.6997471451759338,0.03476881957121026,,,,,,,,,,,,,,,,,,,,,,,,,,,,,,,,,,,,,,,,,,,,,,,,,,,,,,,,,45
PROTEINS,gcn,graph,,,,256.0,0.25,0.01,0.0,128.0,0.7198725607660081,0.03131151573212191,0.7773348953988817,0.03431120157282237,0.6899804088804457,0.05056028573936883,0.7603180918428633,0.3377320099898693,0.7324029750294155,0.027239851750492268,0.6922656019528707,0.04287704268623406,0.7440447648366292,0.023970732613977842,0.7755209075080024,0.02955572015981262,0.7161660896407234,0.03510985022802062,0.6600905544228024,0.1603440441311634,0.7529236290189955,0.028072575737214448,0.7139227814144559,0.03535230816808904,,,,,,,,,,,,,,,,,,,,,,,,,,,,,,,,,,,,,,,,,,,,,,,,,,,,,,,,,45
PROTEINS,gcn,graph,,,,256.0,0.25,0.01,0.0,256.0,0.69048187467787,0.055826372028621,0.7702966133753458,0.0396758546999384,0.6353836417198181,0.1116132272893737,1.693734261724684,5.428361762313239,0.709895873732037,0.09642270715297964,0.6577933404180739,0.07370906958052349,0.7082334147559272,0.0576622881502582,0.7685325980186463,0.03573520221766972,0.6506512953175438,0.11432096523513713,1.3847911761866676,4.1551632622508095,0.7255264719327291,0.10023260474837829,0.6694746692975362,0.07834986976019244,,,,,,,,,,,,,,,,,,,,,,,,,,,,,,,,,,,,,,,,,,,,,,,,,,,,,,,,,45
PROTEINS,gcn,graph,,,,256.0,0.25,0.01,0.0001,128.0,0.7179609762297736,0.032937191694456455,0.7792355974515279,0.03693850235558704,0.6880423823992411,0.04519929513181636,0.7534180581569672,0.2901378229120077,0.7320398900243971,0.035151756861710064,0.6896121316485935,0.04030770308217407,0.7415667414665222,0.029533027495150823,0.7759523815578885,0.029199394274008948,0.7128707991706,0.04526322125677568,0.6792870117558374,0.2475818473664214,0.7464742951922947,0.029630942797135972,0.7108285122447544,0.04236266193020818,,,,,,,,,,,,,,,,,,,,,,,,,,,,,,,,,,,,,,,,,,,,,,,,,,,,,,,,,45
PROTEINS,gcn,graph,,,,256.0,0.25,0.01,0.0001,256.0,0.7025089555316502,0.04850461994491157,0.7693605595164829,0.03752821592729469,0.6537551297081842,0.09784819379723754,1.5710905525419447,4.294454823396895,0.7155924989117517,0.10045683084826082,0.6685849335458544,0.06625481095215033,0.7183053586218092,0.04667334305427418,0.7681719316376581,0.03293996053505856,0.6697444260120392,0.09799402568360198,1.2090563244289823,2.607048475505528,0.7260275337431166,0.09866908544106132,0.6814459827211168,0.06767724438837243,,,,,,,,,,,,,,,,,,,,,,,,,,,,,,,,,,,,,,,,,,,,,,,,,,,,,,,,,45
PROTEINS,gcn,graph,,,,256.0,0.5,0.001,0.0,128.0,0.7161290367444356,0.025500520876895867,0.783963680267334,0.02676333609668896,0.6909898983107673,0.038905052324252405,0.905718966325124,0.3878866974617712,0.7232775688171387,0.023427253965627212,0.692049937778049,0.03243775128231077,0.7276578717761569,0.033557175280958494,0.780158113108741,0.03172637280904332,0.7016071120897929,0.04397674612507572,0.806898648209042,0.2748224697507266,0.7284548587269253,0.035034236178023065,0.7001758442984687,0.03976902927144443,,,,,,,,,,,,,,,,,,,,,,,,,,,,,,,,,,,,,,,,,,,,,,,,,,,,,,,,,45
PROTEINS,gcn,graph,,,,256.0,0.5,0.001,0.0,256.0,0.7153325385517544,0.02983640608415872,0.7842757331000434,0.028597161062058465,0.6875362144576178,0.0388368492722782,1.1058436115582784,0.6329086229764493,0.7252026028103299,0.030245251491646582,0.6878662652439541,0.03110641645775654,0.7231015218628778,0.03067146329397605,0.7784617980321248,0.02659000861263657,0.6924824635187785,0.043482038052641774,0.9711530261569553,0.6070871724238636,0.7247955083847046,0.03309786591013323,0.6908310559060838,0.039251892724886175,,,,,,,,,,,,,,,,,,,,,,,,,,,,,,,,,,,,,,,,,,,,,,,,,,,,,,,,,45
PROTEINS,gcn,graph,,,,256.0,0.5,0.001,0.0001,128.0,0.7175627205106947,0.026400606844730664,0.7830988778008355,0.028906435718940405,0.6961307883262634,0.030730102462352017,0.8979971673753526,0.36842530232856746,0.7221434818373786,0.02678654576916118,0.6961695657836067,0.02758585740258067,0.728697039021386,0.03194881853306586,0.7763916638162401,0.027558373236541096,0.7062281674808926,0.035845309268470044,0.7890029046270582,0.2040966598882903,0.7260926908916897,0.033902242087902136,0.7041002035140991,0.035351476639903824,,,,,,,,,,,,,,,,,,,,,,,,,,,,,,,,,,,,,,,,,,,,,,,,,,,,,,,,,45
PROTEINS,gcn,graph,,,,256.0,0.5,0.001,0.0001,256.0,0.7138191938400269,0.02894700639046005,0.7823974874284533,0.028617350553913137,0.6869160546196832,0.036717694278621045,1.067841358979543,0.6022641603190888,0.7223789850870769,0.0306566696585818,0.6872048642900255,0.030968478590951944,0.7231015178892347,0.030450142608732186,0.7776480065451727,0.02739773789481587,0.693785117732154,0.04199104688175968,0.8907053669293722,0.28700770128445324,0.7243144459194607,0.03437693831445338,0.6920433600743612,0.03784762393414847,,,,,,,,,,,,,,,,,,,,,,,,,,,,,,,,,,,,,,,,,,,,,,,,,,,,,,,,,45
PROTEINS,gcn,graph,,,,256.0,0.5,0.01,0.0,128.0,0.7282357613245646,0.035095588829908334,0.785940968990326,0.03899787451101615,0.7043883959452312,0.04704852083605978,0.7256495528750949,0.3029319210622673,0.7345626698599921,0.03095110328608649,0.7042791657977634,0.04238159210832007,0.7487609889772203,0.0261194813637112,0.7841619637277392,0.03137470427191057,0.7250306857956781,0.03719090985573077,0.6379739986525641,0.14072479556819642,0.7513161619504293,0.029189956063501353,0.7221332682503594,0.03654857066816267,,,,,,,,,,,,,,,,,,,,,,,,,,,,,,,,,,,,,,,,,,,,,,,,,,,,,,,,,45
PROTEINS,gcn,graph,,,,256.0,0.5,0.01,0.0,256.0,0.7056949430041843,0.0462630899470966,0.7707115213076273,0.03920264473388273,0.6625429570674897,0.08886014063988401,1.5684859050644768,5.110724630961822,0.7226163036293454,0.07390537760558413,0.6744661887486776,0.06313125731585138,0.7241406811608209,0.048852899355931526,0.7694632622930738,0.03908087999218919,0.6809236354298062,0.09299564958414411,1.383048771487342,4.639999004227264,0.7374255220095317,0.07401972198783634,0.6893931746482849,0.06535858283605889,,,,,,,,,,,,,,,,,,,,,,,,,,,,,,,,,,,,,,,,,,,,,,,,,,,,,,,,,45
PROTEINS,gcn,graph,,,,256.0,0.5,0.01,0.0001,128.0,0.7283154129981995,0.031494164303500424,0.785291071732839,0.03678350952386043,0.7070684327019585,0.03998933181754705,0.7207381566365559,0.33108053817309985,0.7333276682429843,0.03162552670222732,0.706618501080407,0.03687151450208645,0.7467625869645013,0.0318927216787039,0.7840558780564202,0.033853796411126964,0.7251432498296102,0.036441244014728015,0.6310134596294827,0.1516574817981274,0.7481439696417914,0.03642056991938605,0.7222893781132168,0.03692554635966289,,,,,,,,,,,,,,,,,,,,,,,,,,,,,,,,,,,,,,,,,,,,,,,,,,,,,,,,,45
PROTEINS,gcn,graph,,,,256.0,0.5,0.01,0.0001,256.0,0.7115890118810866,0.04344034068012627,0.7763860662778218,0.03237767481312303,0.6741491258144379,0.07968238363354428,0.8064480847782559,0.5309516083351378,0.7200969053639306,0.07301935318746888,0.6819699552324083,0.05716087992995048,0.7327737808227539,0.042086629518879294,0.7761009216308594,0.0312880153032763,0.6957933465639751,0.07646988227641179,0.7025902271270752,0.45977470048888625,0.7386328637599945,0.07717363235433092,0.6996971527735393,0.05782784971002076,,,,,,,,,,,,,,,,,,,,,,,,,,,,,,,,,,,,,,,,,,,,,,,,,,,,,,,,,45
PROTEINS,gcn,,,,,,,,,,,,,,,,,,,,,,,,,,,,,,,,,,,,,,,,,,,,,,,,,,,,,,,,,,,,,,,,,,,,,,,,,,,,,,,,,,,,,,,,,,1
PROTEINS,gin,graph,,,,128.0,0.25,0.001,0.0001,128.0,0.7139784998363918,0.03230870752948646,0.7794052720069885,0.02778444093628215,0.6875137633747525,0.04219593323081499,0.7695369746949937,0.22933628843812817,0.7202427652147081,0.029974306955120645,0.6879502269956801,0.03529589183902866,0.7334132671356202,0.031257752373329534,0.7844113945960999,0.03132586748927342,0.7063876072565715,0.040918685351500075,0.684732480181588,0.15471465894290898,0.7342065082656013,0.03210956974687676,0.7037146727244059,0.03804341986672859,,,,,,,,,,,,,,,,,,,,,,,,,,,,,,,,,,,,,,,,,,,,,,,,,,,,,,,,,45
PROTEINS,gin,graph,,,,128.0,0.25,0.001,0.0001,256.0,0.7140581422381931,0.028794642706026545,0.7762757817904155,0.027069124218613988,0.6841869605912103,0.0382766153560319,0.842930347389645,0.3542034733114773,0.7247665656937493,0.031087317069016056,0.6845571902063158,0.033478318607471455,0.728137489159902,0.03151323855177302,0.7797066251436869,0.030380693828454024,0.6976351499557495,0.04257133731327121,0.737526939312617,0.3316230879912276,0.7303981370396084,0.03330987921218494,0.6950718349880642,0.03826041356674836,,,,,,,,,,,,,,,,,,,,,,,,,,,,,,,,,,,,,,,,,,,,,,,,,,,,,,,,,45
PROTEINS,gin,graph,,,,128.0,0.25,0.01,0.0001,128.0,0.7073675884140862,0.03057744900369262,0.7619075391027662,0.027108019567088682,0.6732614172829522,0.04675802656461082,0.6831424276034037,0.10045883135646551,0.721542239189148,0.028497353356718515,0.6765374051200019,0.03860384019409015,0.7343725019031101,0.021527555849616367,0.7620538579093086,0.0258743318713966,0.7028434462017483,0.031380993359632826,0.6240376571814219,0.07170806435006598,0.7431341475910611,0.03037884331148495,0.699719578689999,0.030081640894938904,,,,,,,,,,,,,,,,,,,,,,,,,,,,,,,,,,,,,,,,,,,,,,,,,,,,,,,,,45
PROTEINS,gin,graph,,,,128.0,0.25,0.01,0.0001,256.0,0.6922341704368591,0.04141720882505061,0.7606433086925083,0.026056175841691228,0.6417443295319875,0.08538760570217381,0.7420674761136373,0.1870312876123928,0.7284332977400886,0.03835521858453699,0.6571972727775574,0.05739255982530467,0.7107913666301303,0.04677139177539533,0.7600644535488552,0.025019582730000954,0.6602618270450168,0.08781817910619166,0.6729722089237637,0.1585105920486318,0.7428007086118062,0.03286453903577999,0.6714339507950677,0.059624146456817975,,,,,,,,,,,,,,,,,,,,,,,,,,,,,,,,,,,,,,,,,,,,,,,,,,,,,,,,,45
PROTEINS,gin,graph,,,,128.0,0.5,0.001,0.0001,128.0,0.7226602951685588,0.030769087589554166,0.7849246237013076,0.030015335697235607,0.698765652709537,0.03131530366698854,0.7794902563095093,0.24326187513883443,0.7284894731309679,0.03423232522251535,0.6965449743800693,0.028864346104016295,0.7344524343808492,0.031483359388393174,0.787992102570004,0.02839016254835023,0.7092075255182054,0.035341348028778745,0.693529623746872,0.17676207524564683,0.73491434123781,0.03611486455169715,0.7056840618451437,0.033740354995764596,,,,,,,,,,,,,,,,,,,,,,,,,,,,,,,,,,,,,,,,,,,,,,,,,,,,,,,,,45
PROTEINS,gin,graph,,,,128.0,0.5,0.001,0.0001,256.0,0.7171644767125448,0.030286422510591306,0.7816736419995626,0.030840477706577732,0.6899857732984754,0.037813204602218785,0.876928902996911,0.35668458906532174,0.7243712292777167,0.028901945620960306,0.6895137614674038,0.03343514226858831,0.7263788978258768,0.03135335669802902,0.785264621840583,0.0315643333750689,0.6969216108322144,0.0375018908341148,0.7491715272267659,0.27204403397244153,0.729577648639679,0.03707299286492457,0.6942843212021722,0.03492669931252992,,,,,,,,,,,,,,,,,,,,,,,,,,,,,,,,,,,,,,,,,,,,,,,,,,,,,,,,,45
PROTEINS,gin,graph,,,,128.0,0.5,0.01,0.0001,128.0,0.7079251276122199,0.02932446417558292,0.7625443432066176,0.027064746544690675,0.6776623871591356,0.04236636802894049,0.6817447582880656,0.11252000645294767,0.7192319247457716,0.030655008737094484,0.6801223860846626,0.03682168983850449,0.7382893668280708,0.018344295252954484,0.76203277375963,0.025696089091750224,0.7088599708345201,0.026164484612341936,0.6255753503905402,0.06782546635969086,0.7455481118626065,0.026253131846442374,0.705319873491923,0.02711145695033118,,,,,,,,,,,,,,,,,,,,,,,,,,,,,,,,,,,,,,,,,,,,,,,,,,,,,,,,,45
PROTEINS,gin,graph,,,,128.0,0.5,0.01,0.0001,256.0,0.7033851014243232,0.0359979980842723,0.7613917880588108,0.026892343066836324,0.6590711302227444,0.0652154761692379,0.6925934804810419,0.13799553014871124,0.7312863482369317,0.032355559039326506,0.6672016554408603,0.046585512659076796,0.7271782557169596,0.027597594347446453,0.7609232902526856,0.02484160300661233,0.6852295345730252,0.05538527578480005,0.6289848426977793,0.10786641632091906,0.7465673075781928,0.025337156630455823,0.6869701835844252,0.04368272615339155,,,,,,,,,,,,,,,,,,,,,,,,,,,,,,,,,,,,,,,,,,,,,,,,,,,,,,,,,45
PROTEINS,gin,graph,,,,256.0,0.25,0.001,0.0001,128.0,0.7187574691242642,0.025626155175957357,0.7807481818728976,0.030448615909884128,0.6958758778042263,0.029424096696749308,0.832358079486423,0.351231424411466,0.723987360795339,0.02586892747787866,0.6954712708791096,0.028217513528073696,0.7278177446789211,0.029583207387948195,0.7826014558474222,0.0332797778647921,0.7022381875250074,0.03499154760376089,0.7192793541484409,0.20634865360774493,0.7276844925350613,0.031233976056650917,0.699976748890347,0.03348075913977071,,,,,,,,,,,,,,,,,,,,,,,,,,,,,,,,,,,,,,,,,,,,,,,,,,,,,,,,,45
PROTEINS,gin,graph,,,,256.0,0.25,0.001,0.0001,256.0,0.7105535719129774,0.030720343465456167,0.7799946043226454,0.029779542739893666,0.6791294985347324,0.04428168095416462,0.92832237150934,0.42427038154479574,0.7231044186486139,0.03320508908003412,0.6806577470567491,0.034926222586978785,0.7195043974452549,0.03181968904484918,0.7846747861968146,0.02485759768511189,0.6858818663491143,0.04924792542360047,0.7582607997788323,0.25030850074607597,0.7223268654611376,0.03323357385416511,0.685434799724155,0.043139205411959654,,,,,,,,,,,,,,,,,,,,,,,,,,,,,,,,,,,,,,,,,,,,,,,,,,,,,,,,,45
PROTEINS,gin,graph,,,,256.0,0.25,0.01,0.0001,128.0,0.7025886072052849,0.039110443092534246,0.7632490767372979,0.027403322925407123,0.6698283036549886,0.05687492803192275,0.7061596936649747,0.13995619856149408,0.7166300005382962,0.03361319348030351,0.6749906539916992,0.04415505078716774,0.7305355681313409,0.028928046297047844,0.7633414294984605,0.027607632378142104,0.6984875970416599,0.042590855914715633,0.6465066015720368,0.1198591550600556,0.7413371112611559,0.029758029276965085,0.6981059445275201,0.03785088040623765,,,,,,,,,,,,,,,,,,,,,,,,,,,,,,,,,,,,,,,,,,,,,,,,,,,,,,,,,45
PROTEINS,gin,graph,,,,256.0,0.25,0.01,0.0001,256.0,0.6754281136724684,0.05307782615702008,0.7489959677060445,0.04195782955865603,0.5962276193830702,0.12882850901306414,3.754249397913615,7.167111301453039,0.6491480880313449,0.1686719064803532,0.6298717339833577,0.07839288445240371,0.6945643411742316,0.0625151900304867,0.7491251150767009,0.04081059705644205,0.6124080585108863,0.13824163578514362,3.475296747684479,6.927168436297412,0.6666806214385562,0.17530337240442126,0.6425234556198121,0.08578837765734545,,,,,,,,,,,,,,,,,,,,,,,,,,,,,,,,,,,,,,,,,,,,,,,,,,,,,,,,,45
PROTEINS,gin,graph,,,,256.0,0.5,0.001,0.0001,128.0,0.7144563900099861,0.029556313289575902,0.7799760593308342,0.03003464331210013,0.687651182545556,0.04141114418385461,0.9891018748283387,0.5472487168218958,0.7218739575809903,0.03127844296212076,0.688285603788164,0.0362418257088025,0.7302957640753852,0.031690045447139485,0.7860789126820035,0.030617939883765762,0.7020755343967013,0.04735671234814631,0.9130399650997586,0.7907624288913881,0.7314045548439025,0.030478932845797346,0.7007744577195909,0.041921972655072845,,,,,,,,,,,,,,,,,,,,,,,,,,,,,,,,,,,,,,,,,,,,,,,,,,,,,,,,,45
PROTEINS,gin,graph,,,,256.0,0.5,0.001,0.0001,256.0,0.7086419781049093,0.03027485552309318,0.7768203285005357,0.02935255015502456,0.6822837511698405,0.037241467233979454,1.0091031710306804,0.4390016381024352,0.7138155553076002,0.03145801132305815,0.6824195053842332,0.031461583977494254,0.7203836891386244,0.03182811324776981,0.7819312572479248,0.02878755297727424,0.690806073612637,0.043252601472879425,0.8620665616459317,0.3023912993930443,0.7186765737003751,0.03322718805306212,0.6888451549741957,0.04057790691388674,,,,,,,,,,,,,,,,,,,,,,,,,,,,,,,,,,,,,,,,,,,,,,,,,,,,,,,,,45
PROTEINS,gin,graph,,,,256.0,0.5,0.01,0.0001,128.0,0.7069693313704597,0.033754400208645174,0.7617020567258199,0.02683216344657374,0.6707799931367239,0.06122586519472809,0.8911852320035298,1.2156027723429472,0.71419960392846,0.07129722523518728,0.6756805539131164,0.04334084602094712,0.7296562711397807,0.0321549458347603,0.7607943852742513,0.025722526524206347,0.6944686849912007,0.060463305981103534,0.7889253192477756,0.9552014387163312,0.7304372774230109,0.07247851496570115,0.6950957020123799,0.04330460758502482,,,,,,,,,,,,,,,,,,,,,,,,,,,,,,,,,,,,,,,,,,,,,,,,,,,,,,,,,45
PROTEINS,gin,graph,,,,256.0,0.5,0.01,0.0001,256.0,0.6676224615838793,0.06006999795936792,0.7543640282418993,0.03341101780038844,0.5882215400536855,0.12404451492510049,2.559918779797024,7.153957540813986,0.6597800738281674,0.16851182436236922,0.6245065636105007,0.07256182869879424,0.6902477979660034,0.06042164431771544,0.7561513238483005,0.035122136058483015,0.6108228001329634,0.1284374788237299,1.950693917274475,4.750133900253789,0.6728184931808048,0.16739171106068718,0.6404815448655022,0.08104767192464242,,,,,,,,,,,,,,,,,,,,,,,,,,,,,,,,,,,,,,,,,,,,,,,,,,,,,,,,,45
ZINC,gat,graph,,,,128.0,0.25,0.001,0.0,128.0,,,,,,,,,,,,,,,,,,,,,,,,,,,,,,,,,,,,,,,,,,,,,,,,,,,,,,,,,,,,,,,,,,,,,,,,,,,,,,,,,30
ZINC,gat,graph,,,,128.0,0.25,0.001,0.0,256.0,,,,,,,,,,,,,,,,,,,,,,,,,,,,,,,,,,,,,,,,,,,,,,,,,,,,,,,,,,,,,,,,,,,,,,,,,,,,,,,,,30
ZINC,gat,graph,,,,128.0,0.25,0.001,0.0001,128.0,,,,,,,,,,,,,,,,,,,,,,,,,,,,,,,,,,,,,,,,,,,,,,,,,,,,,,,,,,,,,,,,,,,,,,,,,,,,,,,,,30
ZINC,gat,graph,,,,128.0,0.25,0.001,0.0001,256.0,,,,,,,,,,,,,,,,,,,,,,,,,,,,,,,,,,,,,,,,,,,,,,,,,,,,,,,,,,,,,,,,,,,,,,,,,,,,,,,,,30
ZINC,gat,graph,,,,128.0,0.25,0.01,0.0,128.0,,,,,,,,,,,,,,,,,,,,,,,,,,,,,,,,,,,,,,,,,,,,,,,,,,,,,,,,,,,,,,,,,,,,,,,,,,,,,,,,,27
ZINC,gat,graph,,,,128.0,0.25,0.01,0.0,256.0,,,,,,,,,,,,,,,,,,,,,,,,,,,,,,,,,,,,,,,,,,,,,,,,,,,,,,,,,,,,,,,,,,,,,,,,,,,,,,,,,27
ZINC,gat,graph,,,,128.0,0.25,0.01,0.0001,128.0,,,,,,,,,,,,,,,,,,,,,,,,,,,,,,,,,,,,,,,,,,,,,,,,,,,,,,,,,,,,,,,,,,,,,,,,,,,,,,,,,30
ZINC,gat,graph,,,,128.0,0.25,0.01,0.0001,256.0,,,,,,,,,,,,,,,,,,,,,,,,,,,,,,,,,,,,,,,,,,,,,,,,,,,,,,,,,,,,,,,,,,,,,,,,,,,,,,,,,30
ZINC,gat,graph,,,,128.0,0.5,0.001,0.0,128.0,,,,,,,,,,,,,,,,,,,,,,,,,,,,,,,,,,,,,,,,,,,,,,,,,,,,,,,,,,,,,,,,,,,,,,,,,,,,,,,,,30
ZINC,gat,graph,,,,128.0,0.5,0.001,0.0,256.0,,,,,,,,,,,,,,,,,,,,,,,,,,,,,,,,,,,,,,,,,,,,,,,,,,,,,,,,,,,,,,,,,,,,,,,,,,,,,,,,,30
ZINC,gat,graph,,,,128.0,0.5,0.001,0.0001,128.0,,,,,,,,,,,,,,,,,,,,,,,,,,,,,,,,,,,,,,,,,,,,,,,,,,,,,,,,,,,,,,,,,,,,,,,,,,,,,,,,,30
ZINC,gat,graph,,,,128.0,0.5,0.001,0.0001,256.0,,,,,,,,,,,,,,,,,,,,,,,,,,,,,,,,,,,,,,,,,,,,,,,,,,,,,,,,,,,,,,,,,,,,,,,,,,,,,,,,,30
ZINC,gat,graph,,,,128.0,0.5,0.01,0.0,128.0,,,,,,,,,,,,,,,,,,,,,,,,,,,,,,,,,,,,,,,,,,,,,,,,,,,,,,,,,,,,,,,,,,,,,,,,,,,,,,,,,30
ZINC,gat,graph,,,,128.0,0.5,0.01,0.0,256.0,,,,,,,,,,,,,,,,,,,,,,,,,,,,,,,,,,,,,,,,,,,,,,,,,,,,,,,,,,,,,,,,,,,,,,,,,,,,,,,,,30
ZINC,gat,graph,,,,128.0,0.5,0.01,0.0001,128.0,,,,,,,,,,,,,,,,,,,,,,,,,,,,,,,,,,,,,,,,,,,,,,,,,,,,,,,,,,,,,,,,,,,,,,,,,,,,,,,,,30
ZINC,gat,graph,,,,128.0,0.5,0.01,0.0001,256.0,,,,,,,,,,,,,,,,,,,,,,,,,,,,,,,,,,,,,,,,,,,,,,,,,,,,,,,,,,,,,,,,,,,,,,,,,,,,,,,,,30
ZINC,gat,graph,,,,256.0,0.25,0.001,0.0,128.0,,,,,,,,,,,,,,,,,,,,,,,,,,,,,,,,,,,,,,,,,,,,,,,,,,,,,,,,,,,,,,,,,,,,,,,,,,,,,,,,,30
ZINC,gat,graph,,,,256.0,0.25,0.001,0.0,256.0,,,,,,,,,,,,,,,,,,,,,,,,,,,,,,,,,,,,,,,,,,,,,,,,,,,,,,,,,,,,,,,,,,,,,,,,,,,,,,,,,30
ZINC,gat,graph,,,,256.0,0.25,0.001,0.0001,128.0,,,,,,,,,,,,,,,,,,,,,,,,,,,,,,,,,,,,,,,,,,,,,,,,,,,,,,,,,,,,,,,,,,,,,,,,,,,,,,,,,30
ZINC,gat,graph,,,,256.0,0.25,0.001,0.0001,256.0,,,,,,,,,,,,,,,,,,,,,,,,,,,,,,,,,,,,,,,,,,,,,,,,,,,,,,,,,,,,,,,,,,,,,,,,,,,,,,,,,30
ZINC,gat,graph,,,,256.0,0.25,0.01,0.0,128.0,,,,,,,,,,,,,,,,,,,,,,,,,,,,,,,,,,,,,,,,,,,,,,,,,,,,,,,,,,,,,,,,,,,,,,,,,,,,,,,,,30
ZINC,gat,graph,,,,256.0,0.25,0.01,0.0,256.0,,,,,,,,,,,,,,,,,,,,,,,,,,,,,,,,,,,,,,,,,,,,,,,,,,,,,,,,,,,,,,,,,,,,,,,,,,,,,,,,,30
ZINC,gat,graph,,,,256.0,0.25,0.01,0.0001,128.0,,,,,,,,,,,,,,,,,,,,,,,,,,,,,,,,,,,,,,,,,,,,,,,,,,,,,,,,,,,,,,,,,,,,,,,,,,,,,,,,,30
ZINC,gat,graph,,,,256.0,0.25,0.01,0.0001,256.0,,,,,,,,,,,,,,,,,,,,,,,,,,,,,,,,,,,,,,,,,,,,,,,,,,,,,,,,,,,,,,,,,,,,,,,,,,,,,,,,,30
ZINC,gat,graph,,,,256.0,0.5,0.001,0.0,128.0,,,,,,,,,,,,,,,,,,,,,,,,,,,,,,,,,,,,,,,,,,,,,,,,,,,,,,,,,,,,,,,,,,,,,,,,,,,,,,,,,30
ZINC,gat,graph,,,,256.0,0.5,0.001,0.0,256.0,,,,,,,,,,,,,,,,,,,,,,,,,,,,,,,,,,,,,,,,,,,,,,,,,,,,,,,,,,,,,,,,,,,,,,,,,,,,,,,,,30
ZINC,gat,graph,,,,256.0,0.5,0.001,0.0001,128.0,,,,,,,,,,,,,,,,,,,,,,,,,,,,,,,,,,,,,,,,,,,,,,,,,,,,,,,,,,,,,,,,,,,,,,,,,,,,,,,,,30
ZINC,gat,graph,,,,256.0,0.5,0.001,0.0001,256.0,,,,,,,,,,,,,,,,,,,,,,,,,,,,,,,,,,,,,,,,,,,,,,,,,,,,,,,,,,,,,,,,,,,,,,,,,,,,,,,,,30
ZINC,gat,graph,,,,256.0,0.5,0.01,0.0,128.0,,,,,,,,,,,,,,,,,,,,,,,,,,,,,,,,,,,,,,,,,,,,,,,,,,,,,,,,,,,,,,,,,,,,,,,,,,,,,,,,,30
ZINC,gat,graph,,,,256.0,0.5,0.01,0.0,256.0,,,,,,,,,,,,,,,,,,,,,,,,,,,,,,,,,,,,,,,,,,,,,,,,,,,,,,,,,,,,,,,,,,,,,,,,,,,,,,,,,30
ZINC,gat,graph,,,,256.0,0.5,0.01,0.0001,128.0,,,,,,,,,,,,,,,,,,,,,,,,,,,,,,,,,,,,,,,,,,,,,,,,,,,,,,,,,,,,,,,,,,,,,,,,,,,,,,,,,30
ZINC,gat,graph,,,,256.0,0.5,0.01,0.0001,256.0,,,,,,,,,,,,,,,,,,,,,,,,,,,,,,,,,,,,,,,,,,,,,,,,,,,,,,,,,,,,,,,,,,,,,,,,,,,,,,,,,30
ZINC,gcn,graph,,,,128.0,0.25,0.001,0.0,128.0,,,,,,,,,,,,,,,,,,,,,,,,,,,,,,,,,,,,,,,,,,,,,,,,,,,,,,,,,,,,,,,,,,,,,,,,,,,,,,,,,30
ZINC,gcn,graph,,,,128.0,0.25,0.001,0.0,256.0,,,,,,,,,,,,,,,,,,,,,,,,,,,,,,,,,,,,,,,,,,,,,,,,,,,,,,,,,,,,,,,,,,,,,,,,,,,,,,,,,30
ZINC,gcn,graph,,,,128.0,0.25,0.001,0.0001,128.0,,,,,,,,,,,,,,,,,,,,,,,,,,,,,,,,,,,,,,,,,,,,,,,,,,,,,,,,,,,,,,,,,,,,,,,,,,,,,,,,,30
ZINC,gcn,graph,,,,128.0,0.25,0.001,0.0001,256.0,,,,,,,,,,,,,,,,,,,,,,,,,,,,,,,,,,,,,,,,,,,,,,,,,,,,,,,,,,,,,,,,,,,,,,,,,,,,,,,,,30
ZINC,gcn,graph,,,,128.0,0.25,0.01,0.0,128.0,,,,,,,,,,,,,,,,,,,,,,,,,,,,,,,,,,,,,,,,,,,,,,,,,,,,,,,,,,,,,,,,,,,,,,,,,,,,,,,,,30
ZINC,gcn,graph,,,,128.0,0.25,0.01,0.0,256.0,,,,,,,,,,,,,,,,,,,,,,,,,,,,,,,,,,,,,,,,,,,,,,,,,,,,,,,,,,,,,,,,,,,,,,,,,,,,,,,,,30
ZINC,gcn,graph,,,,128.0,0.25,0.01,0.0001,128.0,,,,,,,,,,,,,,,,,,,,,,,,,,,,,,,,,,,,,,,,,,,,,,,,,,,,,,,,,,,,,,,,,,,,,,,,,,,,,,,,,30
ZINC,gcn,graph,,,,128.0,0.25,0.01,0.0001,256.0,,,,,,,,,,,,,,,,,,,,,,,,,,,,,,,,,,,,,,,,,,,,,,,,,,,,,,,,,,,,,,,,,,,,,,,,,,,,,,,,,30
ZINC,gcn,graph,,,,128.0,0.5,0.001,0.0,128.0,,,,,,,,,,,,,,,,,,,,,,,,,,,,,,,,,,,,,,,,,,,,,,,,,,,,,,,,,,,,,,,,,,,,,,,,,,,,,,,,,30
ZINC,gcn,graph,,,,128.0,0.5,0.001,0.0,256.0,,,,,,,,,,,,,,,,,,,,,,,,,,,,,,,,,,,,,,,,,,,,,,,,,,,,,,,,,,,,,,,,,,,,,,,,,,,,,,,,,30
ZINC,gcn,graph,,,,128.0,0.5,0.001,0.0001,128.0,,,,,,,,,,,,,,,,,,,,,,,,,,,,,,,,,,,,,,,,,,,,,,,,,,,,,,,,,,,,,,,,,,,,,,,,,,,,,,,,,30
ZINC,gcn,graph,,,,128.0,0.5,0.001,0.0001,256.0,,,,,,,,,,,,,,,,,,,,,,,,,,,,,,,,,,,,,,,,,,,,,,,,,,,,,,,,,,,,,,,,,,,,,,,,,,,,,,,,,30
ZINC,gcn,graph,,,,128.0,0.5,0.01,0.0,128.0,,,,,,,,,,,,,,,,,,,,,,,,,,,,,,,,,,,,,,,,,,,,,,,,,,,,,,,,,,,,,,,,,,,,,,,,,,,,,,,,,30
ZINC,gcn,graph,,,,128.0,0.5,0.01,0.0,256.0,,,,,,,,,,,,,,,,,,,,,,,,,,,,,,,,,,,,,,,,,,,,,,,,,,,,,,,,,,,,,,,,,,,,,,,,,,,,,,,,,30
ZINC,gcn,graph,,,,128.0,0.5,0.01,0.0001,128.0,,,,,,,,,,,,,,,,,,,,,,,,,,,,,,,,,,,,,,,,,,,,,,,,,,,,,,,,,,,,,,,,,,,,,,,,,,,,,,,,,30
ZINC,gcn,graph,,,,128.0,0.5,0.01,0.0001,256.0,,,,,,,,,,,,,,,,,,,,,,,,,,,,,,,,,,,,,,,,,,,,,,,,,,,,,,,,,,,,,,,,,,,,,,,,,,,,,,,,,30
ZINC,gcn,graph,,,,256.0,0.25,0.001,0.0,128.0,,,,,,,,,,,,,,,,,,,,,,,,,,,,,,,,,,,,,,,,,,,,,,,,,,,,,,,,,,,,,,,,,,,,,,,,,,,,,,,,,30
ZINC,gcn,graph,,,,256.0,0.25,0.001,0.0,256.0,,,,,,,,,,,,,,,,,,,,,,,,,,,,,,,,,,,,,,,,,,,,,,,,,,,,,,,,,,,,,,,,,,,,,,,,,,,,,,,,,30
ZINC,gcn,graph,,,,256.0,0.25,0.001,0.0001,128.0,,,,,,,,,,,,,,,,,,,,,,,,,,,,,,,,,,,,,,,,,,,,,,,,,,,,,,,,,,,,,,,,,,,,,,,,,,,,,,,,,30
ZINC,gcn,graph,,,,256.0,0.25,0.001,0.0001,256.0,,,,,,,,,,,,,,,,,,,,,,,,,,,,,,,,,,,,,,,,,,,,,,,,,,,,,,,,,,,,,,,,,,,,,,,,,,,,,,,,,30
ZINC,gcn,graph,,,,256.0,0.25,0.01,0.0,128.0,,,,,,,,,,,,,,,,,,,,,,,,,,,,,,,,,,,,,,,,,,,,,,,,,,,,,,,,,,,,,,,,,,,,,,,,,,,,,,,,,30
ZINC,gcn,graph,,,,256.0,0.25,0.01,0.0,256.0,,,,,,,,,,,,,,,,,,,,,,,,,,,,,,,,,,,,,,,,,,,,,,,,,,,,,,,,,,,,,,,,,,,,,,,,,,,,,,,,,30
ZINC,gcn,graph,,,,256.0,0.25,0.01,0.0001,128.0,,,,,,,,,,,,,,,,,,,,,,,,,,,,,,,,,,,,,,,,,,,,,,,,,,,,,,,,,,,,,,,,,,,,,,,,,,,,,,,,,30
ZINC,gcn,graph,,,,256.0,0.25,0.01,0.0001,256.0,,,,,,,,,,,,,,,,,,,,,,,,,,,,,,,,,,,,,,,,,,,,,,,,,,,,,,,,,,,,,,,,,,,,,,,,,,,,,,,,,30
ZINC,gcn,graph,,,,256.0,0.5,0.001,0.0,128.0,,,,,,,,,,,,,,,,,,,,,,,,,,,,,,,,,,,,,,,,,,,,,,,,,,,,,,,,,,,,,,,,,,,,,,,,,,,,,,,,,30
ZINC,gcn,graph,,,,256.0,0.5,0.001,0.0,256.0,,,,,,,,,,,,,,,,,,,,,,,,,,,,,,,,,,,,,,,,,,,,,,,,,,,,,,,,,,,,,,,,,,,,,,,,,,,,,,,,,30
ZINC,gcn,graph,,,,256.0,0.5,0.001,0.0001,128.0,,,,,,,,,,,,,,,,,,,,,,,,,,,,,,,,,,,,,,,,,,,,,,,,,,,,,,,,,,,,,,,,,,,,,,,,,,,,,,,,,30
ZINC,gcn,graph,,,,256.0,0.5,0.001,0.0001,256.0,,,,,,,,,,,,,,,,,,,,,,,,,,,,,,,,,,,,,,,,,,,,,,,,,,,,,,,,,,,,,,,,,,,,,,,,,,,,,,,,,30
ZINC,gcn,graph,,,,256.0,0.5,0.01,0.0,128.0,,,,,,,,,,,,,,,,,,,,,,,,,,,,,,,,,,,,,,,,,,,,,,,,,,,,,,,,,,,,,,,,,,,,,,,,,,,,,,,,,30
ZINC,gcn,graph,,,,256.0,0.5,0.01,0.0,256.0,,,,,,,,,,,,,,,,,,,,,,,,,,,,,,,,,,,,,,,,,,,,,,,,,,,,,,,,,,,,,,,,,,,,,,,,,,,,,,,,,30
ZINC,gcn,graph,,,,256.0,0.5,0.01,0.0001,128.0,,,,,,,,,,,,,,,,,,,,,,,,,,,,,,,,,,,,,,,,,,,,,,,,,,,,,,,,,,,,,,,,,,,,,,,,,,,,,,,,,30
ZINC,gcn,graph,,,,256.0,0.5,0.01,0.0001,256.0,,,,,,,,,,,,,,,,,,,,,,,,,,,,,,,,,,,,,,,,,,,,,,,,,,,,,,,,,,,,,,,,,,,,,,,,,,,,,,,,,30
cocitation_citeseer,gat,graph,,,,128.0,0.25,0.001,0.0,1.0,0.7366146445274353,0.013681353185313007,0.9160680095354716,0.007647035310197169,0.7008858852916293,0.013939984409065466,0.9280850913789537,0.10283927066139759,0.7119633303748236,0.01666066038763976,0.6998534520467122,0.0130035216802291,0.741890627808041,0.009098352862680093,0.9194436483912998,0.007379657136298077,0.7086486842897203,0.011093362997485161,0.9124317328135173,0.11232862473170549,0.7190573480394151,0.010142197879573411,0.7067795607778761,0.010259108902872294,,,,,,,,,,,,,,,,,,,,,,,,,,,,,,,,,,,,,,,,,,,,,,,,,,,,,,,,,46
cocitation_citeseer,gat,graph,,,,128.0,0.25,0.001,0.0001,1.0,0.737334934870402,0.014171025247705823,0.9161593265003628,0.007523333766235697,0.7016818616125319,0.014812882666527407,0.9320526957511902,0.10142957386445708,0.7122385780016581,0.016685724086643382,0.7005602253807915,0.013854157977307914,0.7421045607990688,0.009055568716616051,0.9194201111793519,0.0074883434124469045,0.70889226992925,0.010716671222926941,0.917457123597463,0.11534223124390652,0.7190064536200629,0.01019509133855832,0.7069356362024943,0.009833102384014811,,,,,,,,,,,,,,,,,,,,,,,,,,,,,,,,,,,,,,,,,,,,,,,,,,,,,,,,,46
cocitation_citeseer,gat,graph,,,,128.0,0.25,0.01,0.0,1.0,0.7151927431424459,0.020852939390544598,0.9079318986998663,0.009016906614907625,0.686263906955719,0.020301050576973872,1.3907657689518398,0.3822203502021742,0.6896799882253011,0.02207074318411365,0.6867291463745965,0.019335441039327456,0.7215403146213956,0.015362300936309616,0.9109664691819085,0.011110637480360284,0.6938178075684441,0.01596274014258636,1.3711254013909233,0.3931909376375623,0.697450598080953,0.01638654224967742,0.6933940966924032,0.015798479295426302,,,,,,,,,,,,,,,,,,,,,,,,,,,,,,,,,,,,,,,,,,,,,,,,,,,,,,,,,45
cocitation_citeseer,gat,graph,,,,128.0,0.25,0.01,0.0001,1.0,0.7242897113164266,0.032957101738352125,0.9126962158415053,0.013695340214621253,0.6951648420757718,0.03476669215421487,1.5647463613086277,0.47515045632634567,0.6989437566863166,0.036034283181931435,0.6953934947649638,0.033733785812627995,0.7337344540490045,0.03133217439076988,0.9160642226537069,0.015865212769052596,0.706802499294281,0.03464056963056268,1.5282603714201186,0.45242194130512897,0.710595965385437,0.03530529862202619,0.70607547627555,0.03391329905917428,,,,,,,,,,,,,,,,,,,,,,,,,,,,,,,,,,,,,,,,,,,,,,,,,,,,,,,,,45
cocitation_citeseer,gat,graph,,,,128.0,0.5,0.001,0.0,1.0,0.7437374936209784,0.019893886287506407,0.9198157283994887,0.01071107538579691,0.7033893015649584,0.02624383413968295,0.9029236104753282,0.11293327667935825,0.7194757183392843,0.02382178302223873,0.7034199039141337,0.023687800734694762,0.7498328659269545,0.021039769679053792,0.9233937872780694,0.011198900440983081,0.7133036971092224,0.025326775319365318,0.8916440619362725,0.1361347199292372,0.7318493723869324,0.026328008501162726,0.7118319829305013,0.023764283769901542,,,,,,,,,,,,,,,,,,,,,,,,,,,,,,,,,,,,,,,,,,,,,,,,,,,,,,,,,45
cocitation_citeseer,gat,graph,,,,128.0,0.5,0.001,0.0001,1.0,0.7439509153366088,0.022108551660315737,0.9200016366110908,0.010957545712176865,0.7029151399930318,0.02852172146138828,0.8963075598080953,0.10821251510789527,0.7203329536649916,0.025598407922786195,0.7029739618301392,0.02570800221882294,0.7498863538106283,0.01997698167606117,0.9236632413334317,0.010481432718372999,0.7130351622899374,0.02511756220033881,0.8851183010472192,0.12316463476475381,0.7324558721648322,0.02484170537823968,0.7116147001584371,0.023675562304804824,,,,,,,,,,,,,,,,,,,,,,,,,,,,,,,,,,,,,,,,,,,,,,,,,,,,,,,,,47
cocitation_citeseer,gat,graph,,,,128.0,0.5,0.01,0.0,1.0,0.7335467563735114,0.03359487933390088,0.916160417927636,0.014008016056674392,0.7025011844105191,0.03535037589752441,1.3063757485813565,0.4270663582366553,0.7098263714048597,0.03710881422431559,0.7017046637005276,0.03407470381519804,0.7407407376501295,0.029581795962673227,0.9191908809873793,0.014361389715562563,0.7102488875389099,0.03200089667113758,1.2869980110062493,0.4146622503819776,0.716940078470442,0.03302493773263824,0.7090796815024482,0.030796863551983956,,,,,,,,,,,,,,,,,,,,,,,,,,,,,,,,,,,,,,,,,,,,,,,,,,,,,,,,,47
cocitation_citeseer,gat,graph,,,,128.0,0.5,0.01,0.0001,1.0,0.7301053762435913,0.016486573845515762,0.9150545371903314,0.008515706929244471,0.6979129592577616,0.01552712053366767,1.4299275782373218,0.4553467917976483,0.704907951090071,0.018149001273627036,0.6969244374169243,0.01440520645451353,0.7374247882101271,0.012536267687195398,0.917539135615031,0.009303537628489589,0.7065774242083231,0.01296469732493081,1.4110820717281765,0.42240772959081324,0.7126041664017572,0.014369073054110268,0.7051116638713413,0.012437390661135419,,,,,,,,,,,,,,,,,,,,,,,,,,,,,,,,,,,,,,,,,,,,,,,,,,,,,,,,,47
cocitation_citeseer,gat,graph,,,,256.0,0.25,0.001,0.0,1.0,0.7403227951791551,0.022781567419565118,0.9201258288489448,0.010912859021086423,0.7064525789684719,0.025922271705664777,1.0412658519215054,0.20321864907399514,0.7179090089268154,0.028296138164322488,0.7052637841966417,0.024060837566904636,0.7466506189770169,0.020189433262649915,0.9234971046447754,0.011497727788303849,0.7154415647188822,0.02287932977478699,1.031504950258467,0.23117987137120935,0.726989730199178,0.024791152724377426,0.7131910019450718,0.021732431411832145,,,,,,,,,,,,,,,,,,,,,,,,,,,,,,,,,,,,,,,,,,,,,,,,,,,,,,,,,48
cocitation_citeseer,gat,graph,,,,256.0,0.25,0.001,0.0001,1.0,0.7437374949455261,0.029067986897793652,0.9214956866370307,0.013159886552214109,0.7098806526925828,0.03336704424618392,1.0269225358963012,0.20889622611001127,0.7220538271798028,0.03512623846292084,0.7085005588001675,0.031595904065933385,0.7494317438867357,0.02679280333991854,0.9248080823156569,0.013683239759958039,0.7183675580554538,0.030803072423312514,1.0169882939921484,0.23648202772808258,0.730112878481547,0.03212061010275867,0.7159745388560825,0.029685989753949236,,,,,,,,,,,,,,,,,,,,,,,,,,,,,,,,,,,,,,,,,,,,,,,,,,,,,,,,,47
cocitation_citeseer,gat,graph,,,,256.0,0.25,0.01,0.0,1.0,0.7047352287504408,0.020276058952219428,0.8994208296140035,0.008644540595693048,0.6744198401769003,0.01788044595133135,1.7052012893888686,0.3394986261774142,0.6814056462711758,0.021795887263654196,0.6741748571395874,0.0172500158154354,0.7138654841317071,0.015681390606862997,0.9024207380082873,0.008307674390958945,0.6860608763164944,0.014853507266776728,1.6874119493696424,0.3460313528442142,0.6932948125733269,0.015935481648957073,0.6851009885470073,0.014867672560073807,,,,,,,,,,,,,,,,,,,,,,,,,,,,,,,,,,,,,,,,,,,,,,,,,,,,,,,,,47
cocitation_citeseer,gat,graph,,,,256.0,0.25,0.01,0.0001,1.0,0.7151927444669935,0.018152415138463725,0.9056060486369663,0.009582783825544823,0.6841555926534865,0.01679796540424152,1.7425636768341064,0.2890488464060196,0.6915897342893812,0.01988639299782104,0.6833644350369771,0.016188624520816652,0.7240272720654806,0.014005410765541376,0.9077917324172126,0.00990663185841259,0.6951026240984599,0.014919947583875853,1.735534495777554,0.289603685703911,0.7024845904774136,0.014873919362399958,0.6937834607230292,0.01485566168843964,,,,,,,,,,,,,,,,,,,,,,,,,,,,,,,,,,,,,,,,,,,,,,,,,,,,,,,,,45
cocitation_citeseer,gat,graph,,,,256.0,0.5,0.001,0.0,1.0,0.7450180066956414,0.022638178298489825,0.9229835510253906,0.01066451377155053,0.7096442619959513,0.026428842131990208,1.0145727475484212,0.18847472058423942,0.7222606884108649,0.023910940782629682,0.7087352222866482,0.024710192830484673,0.7511164585749308,0.02127786018880121,0.9269519448280334,0.010396668399565356,0.717888867855072,0.025118999233321795,1.002580502960417,0.22171789659347996,0.7293922517034742,0.025166298862044245,0.7166001690758599,0.024283293089614338,,,,,,,,,,,,,,,,,,,,,,,,,,,,,,,,,,,,,,,,,,,,,,,,,,,,,,,,,47
cocitation_citeseer,gat,graph,,,,256.0,0.5,0.001,0.0001,1.0,0.7451247175534567,0.022406105322907384,0.9232469373279147,0.010830332874548949,0.7101680331759983,0.025136298547665407,1.0175072530905405,0.17060426256410716,0.7221054646703932,0.024724325073704742,0.709065772427453,0.023287851158455213,0.7514106233914694,0.019775856363688393,0.9272827161682977,0.010150463789887569,0.7180753191312154,0.022381597711619013,1.0028292821513283,0.20195345298524295,0.7288835114902921,0.022315193474967677,0.7166355239020453,0.02128473727087777,,,,,,,,,,,,,,,,,,,,,,,,,,,,,,,,,,,,,,,,,,,,,,,,,,,,,,,,,47
cocitation_citeseer,gat,graph,,,,256.0,0.5,0.01,0.0,1.0,0.7233826915423075,0.035868134512662596,0.9094748271836175,0.015491455333466403,0.693401304880778,0.036983594845802416,1.5564660456445483,0.463322514254833,0.7026257104343838,0.03901808935038969,0.6924427628517151,0.03623404446645429,0.7310068170229594,0.027475326394011627,0.9115939524438647,0.013698527513771945,0.7022457771831089,0.02808039865033484,1.5322211464246114,0.4448023168666169,0.7113226016362508,0.029825301280055356,0.7005712297227648,0.02807261798576522,,,,,,,,,,,,,,,,,,,,,,,,,,,,,,,,,,,,,,,,,,,,,,,,,,,,,,,,,46
cocitation_citeseer,gat,graph,,,,256.0,0.5,0.01,0.0001,1.0,0.7233560085296631,0.016643312726951544,0.910341755549113,0.008825511213797528,0.6921488112873502,0.014794376626178139,1.842196684413486,0.45699024574313346,0.7007890171474881,0.01884161010883754,0.6913067274623447,0.01417683938286417,0.7338681605127123,0.01149933979758406,0.9124293645222982,0.008062552725128524,0.7049002779854668,0.013283461922053328,1.8194177230199178,0.44313223704384586,0.7129659215609233,0.014036241826201744,0.7032390938864814,0.013548164254048744,,,,,,,,,,,,,,,,,,,,,,,,,,,,,,,,,,,,,,,,,,,,,,,,,,,,,,,,,46
cocitation_citeseer,gcn,graph,,,,128.0,0.25,0.001,0.0,1.0,0.7332799752553304,0.01366192410909129,0.9157234920395745,0.007882535844136241,0.6991326252619425,0.01565407162995619,0.951410875055525,0.12297850399291489,0.7086199614736769,0.015056057699788825,0.6984861201710171,0.014684339510631937,0.7398582696914673,0.009658656443322111,0.9196571787198384,0.007512112839996422,0.7081782857577006,0.011279461039778945,0.9393492367532518,0.13217048418175345,0.7188545068105062,0.011849339502940627,0.7065015104081895,0.010277390141112083,,,,,,,,,,,,,,,,,,,,,,,,,,,,,,,,,,,,,,,,,,,,,,,,,,,,,,,,,46
cocitation_citeseer,gcn,graph,,,,128.0,0.25,0.001,0.0001,1.0,0.7328531371222602,0.01416409695232187,0.9159918970531887,0.008019096091115266,0.6985670738750034,0.01626881876743186,0.945801297823588,0.1270492404272313,0.7084572805298699,0.016109654128321497,0.697873036066691,0.015163659249418837,0.7401791638798184,0.00949900665663461,0.9197775615586175,0.007541746047919756,0.7083619197209676,0.01119779510591583,0.933618966738383,0.13365317640315608,0.7190779434310065,0.01139174441073194,0.7066816912757026,0.01030086935378808,,,,,,,,,,,,,,,,,,,,,,,,,,,,,,,,,,,,,,,,,,,,,,,,,,,,,,,,,46
cocitation_citeseer,gcn,graph,,,,128.0,0.25,0.01,0.0,1.0,0.7177537706163194,0.021575604999641288,0.9097984804047479,0.009504283841592267,0.6886964321136475,0.01967774290984121,1.395878451400333,0.3635677513569585,0.6936244752671984,0.022490924364219383,0.6888647423850165,0.01849397417043673,0.7276908702320523,0.013228659513326248,0.9131231069564819,0.01077061151209036,0.6999475717544555,0.0134110959582941,1.3726333949300977,0.35174499499102757,0.7049382514423794,0.014445544327965834,0.699226356877221,0.013365043108397498,,,,,,,,,,,,,,,,,,,,,,,,,,,,,,,,,,,,,,,,,,,,,,,,,,,,,,,,,45
cocitation_citeseer,gcn,graph,,,,128.0,0.25,0.01,0.0001,1.0,0.7218887554274664,0.01961600579729685,0.911239755153656,0.00915456701375531,0.6914322005377875,0.019310298870712863,1.5777728663550483,0.4047448252111166,0.6972190393341913,0.021243062726939984,0.6914571894539727,0.018228031147347414,0.7315951307614644,0.014131628271428507,0.9144432849354214,0.010384404188712242,0.7026228573587205,0.015978547994296877,1.553149037890964,0.3842358797195777,0.709013487233056,0.01650547852383821,0.7013803442319234,0.016009166902992162,,,,,,,,,,,,,,,,,,,,,,,,,,,,,,,,,,,,,,,,,,,,,,,,,,,,,,,,,45
cocitation_citeseer,gcn,graph,,,,128.0,0.5,0.001,0.0,1.0,0.7389622449874877,0.014540544974302782,0.9186012718412612,0.007929091790231657,0.7004328423076206,0.017393771858013374,0.9198278122478061,0.10604774950127599,0.7169023341602749,0.017635956911573082,0.6998799019389682,0.015675901259656407,0.7459018588066101,0.00922171389757751,0.9225416051016914,0.008084586195134566,0.7094870262675815,0.012363715997706042,0.9083401521046957,0.12422713289417689,0.7273419234487746,0.011848039958537294,0.7079731080267164,0.01111639354582865,,,,,,,,,,,,,,,,,,,,,,,,,,,,,,,,,,,,,,,,,,,,,,,,,,,,,,,,,45
cocitation_citeseer,gcn,graph,,,,128.0,0.5,0.001,0.0001,1.0,0.7394691202375624,0.014763928279992624,0.9190626449055141,0.008186131547544755,0.7012893570794,0.017072449690709292,0.9047992613580492,0.10339686533722482,0.7174744632509019,0.018462275032393907,0.7005271342065599,0.015486193521324323,0.7463297247886658,0.009238273792203947,0.9227257662349277,0.008090854406175614,0.7100670589341058,0.012240593249094591,0.8923178063498602,0.11224013785406348,0.7277231216430664,0.011533124667431132,0.7083446780840555,0.011049729316263336,,,,,,,,,,,,,,,,,,,,,,,,,,,,,,,,,,,,,,,,,,,,,,,,,,,,,,,,,47
cocitation_citeseer,gcn,graph,,,,128.0,0.5,0.01,0.0,1.0,0.7316259887483385,0.016805855901724606,0.9169096893734402,0.008949386393102478,0.701111458407508,0.016166994956356196,1.2072443776660495,0.2686514223168008,0.7069406999482049,0.018364197149662434,0.701360195212894,0.014747627688134927,0.7384677052497863,0.01264449352290233,0.9200500978363885,0.009366217091600777,0.708618942896525,0.012079177028407653,1.1971066183514065,0.29396326135861833,0.7146895315912035,0.01354520124891,0.7079500092400445,0.012059577336048689,,,,,,,,,,,,,,,,,,,,,,,,,,,,,,,,,,,,,,,,,,,,,,,,,,,,,,,,,45
cocitation_citeseer,gcn,graph,,,,128.0,0.5,0.01,0.0001,1.0,0.7309056984053718,0.015870451622647216,0.9170400990380181,0.008948976844510471,0.7003903680377537,0.014994688849252594,1.293813869688246,0.4185626335285626,0.7063725564214919,0.016545263251052024,0.7004483421643575,0.01411198561495846,0.7399652335378859,0.011484630813571924,0.9200923853450351,0.009308516845599343,0.7101398799154494,0.01146487734552214,1.2820742275979784,0.42847752495129904,0.7167040003670586,0.012132837913316144,0.709349701139662,0.01152431383598721,,,,,,,,,,,,,,,,,,,,,,,,,,,,,,,,,,,,,,,,,,,,,,,,,,,,,,,,,47
cocitation_citeseer,gcn,graph,,,,256.0,0.25,0.001,0.0,1.0,0.7358943594826592,0.015839553034351965,0.9193073113759359,0.007419702263137588,0.7031241668595208,0.016846965688829763,1.064853502644433,0.16931275569637164,0.71244328684277,0.018371135344483352,0.7026282164785597,0.015370723200825548,0.7441636628574795,0.009255352445771768,0.9233245319790311,0.007773060334590845,0.713214365641276,0.011131727384949597,1.049418165948656,0.20418932253242952,0.7244464119275411,0.01386594120295808,0.7117657555474175,0.010388545221400829,,,,,,,,,,,,,,,,,,,,,,,,,,,,,,,,,,,,,,,,,,,,,,,,,,,,,,,,,45
cocitation_citeseer,gcn,graph,,,,256.0,0.25,0.001,0.0001,1.0,0.7352807746993171,0.015512821300071176,0.9194155136744181,0.007381195305836548,0.7022368801964654,0.016279201273443584,1.071132124794854,0.16033365723910598,0.7110337906413609,0.01889734109195312,0.701701717906528,0.014719976444614957,0.74370905690723,0.009604671504930917,0.9233812729517619,0.007720485166750009,0.7130331887139214,0.010774626970896123,1.0547525273429024,0.19038483981214252,0.7233959833780924,0.014091363814674096,0.7113802207840814,0.010240701881396103,,,,,,,,,,,,,,,,,,,,,,,,,,,,,,,,,,,,,,,,,,,,,,,,,,,,,,,,,45
cocitation_citeseer,gcn,graph,,,,256.0,0.25,0.01,0.0,1.0,0.7132186200883653,0.018837873574324572,0.9068762646781073,0.009724271572657666,0.6846793545616998,0.016631036915190186,1.5775599837303163,0.38508548716659435,0.6892437669965956,0.019105756750966714,0.6855868498484293,0.015546246056109738,0.7248027761777242,0.012980535236414225,0.9104617966545953,0.007973746395726797,0.6988011068767972,0.01278058870954236,1.5479793389638266,0.3720178683069667,0.7031685723198785,0.014314824344270161,0.6994816342989604,0.012413880118318628,,,,,,,,,,,,,,,,,,,,,,,,,,,,,,,,,,,,,,,,,,,,,,,,,,,,,,,,,45
cocitation_citeseer,gcn,graph,,,,256.0,0.25,0.01,0.0001,1.0,0.7199413100878398,0.015655742497892304,0.9115346935060289,0.008385837668570938,0.6913098070356581,0.014327978582132911,1.6600893219312032,0.406277472395347,0.695290638340844,0.015322063894555088,0.6919569863213433,0.013877292702157913,0.7322101910909017,0.013108646820403138,0.9147131337059868,0.010221040377441919,0.7059418784247504,0.014108362623639967,1.6277902483940125,0.3890054161525336,0.7102393044365777,0.014352301416164335,0.7060403095351325,0.014405835961953715,,,,,,,,,,,,,,,,,,,,,,,,,,,,,,,,,,,,,,,,,,,,,,,,,,,,,,,,,45
cocitation_citeseer,gcn,graph,,,,256.0,0.5,0.001,0.0,1.0,0.7412031491597494,0.016271004730140794,0.9218969331847297,0.00778551890994029,0.703461025820838,0.02114842848745817,1.0075427651405335,0.1674645854570521,0.7186140709453159,0.017670645940722787,0.7035073002179464,0.018474367269283087,0.7462227596176996,0.009890752966160229,0.9257405837376912,0.007514695157500529,0.7109984609815809,0.015060233239532733,0.9927583734194437,0.18856832129620482,0.7278568188349406,0.012246725406443722,0.7097653388977051,0.0132901864613378,,,,,,,,,,,,,,,,,,,,,,,,,,,,,,,,,,,,,,,,,,,,,,,,,,,,,,,,,45
cocitation_citeseer,gcn,graph,,,,256.0,0.5,0.001,0.0001,1.0,0.7412031491597494,0.015763878854636607,0.9222171147664388,0.007738075339398781,0.7044843580987719,0.01961388142501748,1.020144251982371,0.17545643776667602,0.7179999192555745,0.0179836042993724,0.7044912219047547,0.016995357270619984,0.7461960196495057,0.009832685896893307,0.925912368297577,0.007828725830970988,0.7122928712103102,0.013585013152601078,1.0061353974872165,0.2077742389917715,0.7268593125873142,0.012828745106475239,0.7108153329955207,0.01254883000050446,,,,,,,,,,,,,,,,,,,,,,,,,,,,,,,,,,,,,,,,,,,,,,,,,,,,,,,,,45
cocitation_citeseer,gcn,graph,,,,256.0,0.5,0.01,0.0,1.0,0.7234893957773845,0.017706387272566432,0.913407117790646,0.009661842298334363,0.6952352152930366,0.0158302965000873,1.571232721540663,0.43747091901137564,0.7004660659366184,0.01791046319895188,0.6955185665024651,0.015115241213804668,0.733761195341746,0.011785410952326256,0.9166186292966206,0.009881036006239637,0.7069225364261204,0.011210849105852311,1.5483720779418946,0.45711210436779787,0.712374496459961,0.011986822155378277,0.7064622614118788,0.011706496505744865,,,,,,,,,,,,,,,,,,,,,,,,,,,,,,,,,,,,,,,,,,,,,,,,,,,,,,,,,45
cocitation_citeseer,gcn,graph,,,,256.0,0.5,0.01,0.0001,1.0,0.7290116045210097,0.0159844728064829,0.9158930672539605,0.008592240244802441,0.6988200505574544,0.015332540336988365,1.7976965626080832,0.5448052533408262,0.7046107742521498,0.017289914062449268,0.6987828016281128,0.014825404764902603,0.7403396156099108,0.01181535527562933,0.9193633013301425,0.009498892485403006,0.7127696341938443,0.011939864574879305,1.7646072083049351,0.5336645908385238,0.7183875547515022,0.012539176304770612,0.7119654920366075,0.012175067718844948,,,,,,,,,,,,,,,,,,,,,,,,,,,,,,,,,,,,,,,,,,,,,,,,,,,,,,,,,46
cocitation_citeseer,gin,graph,,,,128.0,0.25,0.001,0.0001,1.0,0.7233826822704739,0.020273692117908228,0.9102013879352145,0.009156399756187752,0.6905770182609559,0.021280173005632983,1.0386559698316786,0.12958873698851553,0.6972770028644137,0.02231107824818027,0.6896975066926744,0.020389948300569106,0.7332531068060133,0.013159762199924213,0.9143920885192023,0.009087160034159644,0.702656438615587,0.01572506192197391,1.013806770907508,0.12801817558399403,0.7114005989498562,0.01699489164073252,0.7007421983612908,0.014710727952444469,,,,,,,,,,,,,,,,,,,,,,,,,,,,,,,,,,,,,,,,,,,,,,,,,,,,,,,,,45
cocitation_citeseer,gin,graph,,,,128.0,0.25,0.01,0.0001,1.0,0.7103374693128798,0.02217955233244615,0.903281381395128,0.01078876831930968,0.678915716542138,0.023324700516981926,1.5208371374342176,0.36654390557107136,0.6848415202564664,0.02327729834356759,0.6788772079679701,0.022663695351487854,0.7235459221733941,0.017228478716437803,0.9072143700387743,0.011369196600072184,0.6931113494767083,0.020273213933515298,1.4908757276005216,0.3646665789855479,0.7001070896784465,0.019364087277303026,0.6921975559658474,0.020123202053529618,,,,,,,,,,,,,,,,,,,,,,,,,,,,,,,,,,,,,,,,,,,,,,,,,,,,,,,,,45
cocitation_citeseer,gin,graph,,,,128.0,0.5,0.001,0.0001,1.0,0.729064957300822,0.01755371939872499,0.9141795489523146,0.009061956739737143,0.6909283916155498,0.017818689373314243,0.9747367925114102,0.13104617310842814,0.7023119966189066,0.020888279177659102,0.6907414846950107,0.016289284855347273,0.7392699572775099,0.012376157415657717,0.9179047769970364,0.008886967475963521,0.7059238923920526,0.014698554369435464,0.9535203748279147,0.1342714433703562,0.7184356490770976,0.017240996141104498,0.7041374153561062,0.013325522595374995,,,,,,,,,,,,,,,,,,,,,,,,,,,,,,,,,,,,,,,,,,,,,,,,,,,,,,,,,45
cocitation_citeseer,gin,graph,,,,128.0,0.5,0.01,0.0001,1.0,0.7181272519959344,0.021980739618472106,0.9058145774735344,0.010887047495524407,0.6855114128854539,0.021759682219206773,1.4238026367293464,0.43282848349240816,0.6922177380985683,0.02168171974570178,0.6852787653605144,0.020990101867576817,0.7278780579566956,0.01673466055332343,0.9094308230612013,0.011905705284565481,0.6965422868728638,0.017799373291024212,1.3851322107844883,0.3878353871389204,0.7039182451036241,0.018316848688426077,0.6954209778043959,0.017037182976988894,,,,,,,,,,,,,,,,,,,,,,,,,,,,,,,,,,,,,,,,,,,,,,,,,,,,,,,,,45
cocitation_citeseer,gin,graph,,,,256.0,0.25,0.001,0.0001,1.0,0.7216753337118361,0.02059819073775663,0.9108963436550565,0.010388706293779373,0.6894869380527072,0.021238232987114216,1.151546925968594,0.18457194098360186,0.694690305656857,0.023160366456254744,0.6889756586816576,0.020409676812649987,0.7331193990177578,0.015346210213329907,0.9155862039989895,0.00980594326877354,0.7032784038119846,0.016856262073431143,1.112696976131863,0.1736194164048856,0.7103256755405002,0.01910226308650891,0.7016478194130792,0.015919153639019995,,,,,,,,,,,,,,,,,,,,,,,,,,,,,,,,,,,,,,,,,,,,,,,,,,,,,,,,,45
cocitation_citeseer,gin,graph,,,,256.0,0.25,0.01,0.0001,1.0,0.5774576505025227,0.23201878705594436,0.8133675575256347,0.13272791089156352,0.5105480612979995,0.2784309294618638,1.623107255829705,0.2822004197123679,0.5125290032062265,0.2934524450484061,0.541628540886773,0.22933410888501315,0.5816820409562853,0.2278499134046667,0.8176955017778609,0.13002561816839278,0.5131937153637409,0.2784466486905902,1.6067771938112048,0.2789336423631433,0.5169419094092316,0.2948320005221408,0.5434683389133877,0.23044017286831045,,,,,,,,,,,,,,,,,,,,,,,,,,,,,,,,,,,,,,,,,,,,,,,,,,,,,,,,,45
cocitation_citeseer,gin,graph,,,,256.0,0.5,0.001,0.0001,1.0,0.7296251840061612,0.018944793520192828,0.9144802504115634,0.010003831860951084,0.6972570127911037,0.019328619497749115,1.1460162626372443,0.21169235893668453,0.704139506816864,0.021938296690980044,0.6962768356005351,0.018189330328812613,0.7394838915930854,0.014332051130960853,0.9186278038554722,0.009381882721800279,0.7084303047921923,0.01568309996882493,1.1117269886864556,0.18862696366245552,0.7163633783658345,0.01782287534130277,0.7065620422363281,0.01479826156296144,,,,,,,,,,,,,,,,,,,,,,,,,,,,,,,,,,,,,,,,,,,,,,,,,,,,,,,,,45
cocitation_citeseer,gin,graph,,,,256.0,0.5,0.01,0.0001,1.0,0.5490729629993438,0.24588210730672186,0.7859967443678114,0.15130624169322762,0.47213802403873867,0.297394561842602,1.58455175558726,0.25890982131653745,0.47406764891412523,0.31498086854803803,0.5103631830877728,0.24612528482673812,0.551490839653545,0.24519984488561547,0.7880907674630483,0.15362929286110208,0.4753004408544964,0.2989004588735612,1.5831557300355699,0.2529876667541608,0.47655719369649885,0.3162751971819468,0.5129545917113622,0.24778882239349548,,,,,,,,,,,,,,,,,,,,,,,,,,,,,,,,,,,,,,,,,,,,,,,,,,,,,,,,,45
cocitation_cora,gat,graph,,,,128.0,0.25,0.001,0.0,1.0,0.8623666524887085,0.010201107984624064,0.980455387963189,0.0026300825614818573,0.8481656392415364,0.01258538293553136,0.46102890570958455,0.03925822981737076,0.8523536152309842,0.01291962576219619,0.8466674235132006,0.013387848219665563,0.862136877907647,0.00978787863551394,0.9771954351001315,0.004303014428011105,0.8501550912857055,0.009946193230841298,0.4911258472336663,0.0490342793428907,0.8547316047880384,0.011143689915437884,0.8474987109502157,0.009972732890501325,,,,,,,,,,,,,,,,,,,,,,,,,,,,,,,,,,,,,,,,,,,,,,,,,,,,,,,,,46
cocitation_cora,gat,graph,,,,128.0,0.25,0.001,0.0001,1.0,0.8630559709337022,0.009534438048596256,0.9805586470497979,0.0026394682828786075,0.8491899357901679,0.01192793530676554,0.45930003656281365,0.03599890343528752,0.8534818662537469,0.012182439498270773,0.8475101868311564,0.012830847916897278,0.8618742770618862,0.009627601925139732,0.9773467434777154,0.004299948043861048,0.849764014614953,0.009627199001515882,0.48913291096687317,0.04794958191970606,0.8544689695040385,0.011155855871916703,0.8470137106047736,0.009530461092090155,,,,,,,,,,,,,,,,,,,,,,,,,,,,,,,,,,,,,,,,,,,,,,,,,,,,,,,,,45
cocitation_cora,gat,graph,,,,128.0,0.25,0.01,0.0,1.0,0.8349253230624729,0.021864041621191762,0.9718865725729201,0.0068879244795233335,0.8160124990675185,0.02737525330615908,0.7963356713453928,0.20929283111388577,0.8192777050866021,0.02977712609918452,0.816262596183353,0.026801599446539218,0.8319382932451036,0.022478494997556487,0.9691036992602878,0.006853849734903491,0.8167227347691853,0.02802448460213196,0.8606294651826223,0.22740254670492493,0.8214432650142246,0.02932046099153887,0.8152320676379734,0.027203645662310986,,,,,,,,,,,,,,,,,,,,,,,,,,,,,,,,,,,,,,,,,,,,,,,,,,,,,,,,,45
cocitation_cora,gat,graph,,,,128.0,0.25,0.01,0.0001,1.0,0.8375184668434991,0.027948133993493586,0.9729013217820062,0.007978553507194343,0.8176546653111776,0.035071599086225085,0.8015007389916314,0.20521596282592983,0.8208226601282755,0.035617586421547213,0.8177922778659397,0.035548350855401506,0.8343016558223301,0.026468792468651425,0.9697879804505243,0.008036579883529143,0.8183032035827636,0.03185835125838702,0.8726848827468024,0.21432330094332397,0.8233028597301907,0.031660333858494816,0.8160736309157477,0.03209169067232523,,,,,,,,,,,,,,,,,,,,,,,,,,,,,,,,,,,,,,,,,,,,,,,,,,,,,,,,,47
cocitation_cora,gat,graph,,,,128.0,0.5,0.001,0.0,1.0,0.8721483680937026,0.01324370299415117,0.9824943304061889,0.002955235250536,0.8588095373577542,0.014743816384418774,0.4394685844580332,0.04715447132781358,0.8612712846861945,0.015002664940291833,0.8587521698739794,0.015500550345158381,0.8692269788848029,0.014336979778921314,0.9797756380505032,0.004917919513549268,0.8584073609775967,0.015180796509910027,0.4679674138625463,0.06838533208858043,0.8617758803897434,0.016109954147535282,0.8567771355311076,0.015179584000586334,,,,,,,,,,,,,,,,,,,,,,,,,,,,,,,,,,,,,,,,,,,,,,,,,,,,,,,,,45
cocitation_cora,gat,graph,,,,128.0,0.5,0.001,0.0001,1.0,0.8724437872568767,0.013178396810684175,0.9826251361105177,0.003268577829552579,0.8592986808882819,0.015316223293320101,0.43825862209002175,0.049143499955060364,0.8621431602372064,0.015112530441407581,0.8588159720102946,0.016203619702097057,0.8691613329781427,0.015107913211264963,0.9797766513294643,0.004900083035533888,0.8582671191957262,0.01597989465832116,0.4686333662933774,0.06903523327251797,0.8615824037128025,0.016754876356862212,0.8566501683659024,0.016071970999981613,,,,,,,,,,,,,,,,,,,,,,,,,,,,,,,,,,,,,,,,,,,,,,,,,,,,,,,,,46
cocitation_cora,gat,graph,,,,128.0,0.5,0.01,0.0,1.0,0.8485803365707397,0.026309700152774153,0.977104843987359,0.006614487874581871,0.8304888367652893,0.029998594702430607,0.7193113257487614,0.2569575958123104,0.8330292052692837,0.030680466878019712,0.8313439077801175,0.029952139458876773,0.84749712811576,0.02334478903691648,0.9747541440857781,0.006429479261366663,0.8347075409359402,0.0261083438968588,0.767239875263638,0.25726753014820425,0.8402329868740506,0.026204690204632782,0.8326802372932434,0.026980085546406633,,,,,,,,,,,,,,,,,,,,,,,,,,,,,,,,,,,,,,,,,,,,,,,,,,,,,,,,,45
cocitation_cora,gat,graph,,,,128.0,0.5,0.01,0.0001,1.0,0.8469719370206197,0.01722412681524184,0.9768095480071174,0.005131805736707096,0.8291409002410041,0.0218849631002015,0.7792529596222771,0.23093803351213724,0.8320076121224298,0.023198390778801394,0.8295184440082974,0.022443157649209674,0.8481864439116584,0.018224278560155995,0.9747948315408494,0.005048568057275458,0.8349625362290276,0.02142040747580107,0.8266172952122158,0.2540044691360317,0.8390224324332343,0.021522169098552927,0.8338028113047282,0.022457950797466826,,,,,,,,,,,,,,,,,,,,,,,,,,,,,,,,,,,,,,,,,,,,,,,,,,,,,,,,,46
cocitation_cora,gat,graph,,,,256.0,0.25,0.001,0.0,1.0,0.8674216283692254,0.009089984105139086,0.9819195389747619,0.0027359707892569405,0.8547528929180569,0.0111172771242341,0.4801318724950155,0.0431870961932347,0.8583319571283129,0.012944470389856584,0.8536570429801941,0.01123407229236284,0.8635811567306518,0.010577534474562923,0.9785350203514099,0.004176674799945933,0.8522258467144437,0.012051665971211671,0.5232751535044776,0.07240899675675663,0.8556690918074714,0.014403692839724109,0.8504791842566596,0.010375951198204402,,,,,,,,,,,,,,,,,,,,,,,,,,,,,,,,,,,,,,,,,,,,,,,,,,,,,,,,,46
cocitation_cora,gat,graph,,,,256.0,0.25,0.001,0.0001,1.0,0.866239947742886,0.008798358900958841,0.9817860749032762,0.0027452895590246587,0.8528858383496603,0.010872590913016044,0.4782792925834656,0.04397895587790736,0.8567189044422574,0.012289103364475112,0.8516661273108588,0.011296698037177259,0.862662074300978,0.011369818132243302,0.9784047736061944,0.0041548919033281605,0.8513127432929145,0.012990017104515623,0.5208876887957256,0.06637187587666678,0.8556595855289035,0.015198104660838261,0.8487895766894022,0.011520413958517356,,,,,,,,,,,,,,,,,,,,,,,,,,,,,,,,,,,,,,,,,,,,,,,,,,,,,,,,,46
cocitation_cora,gat,graph,,,,256.0,0.25,0.01,0.0,1.0,0.819300835662418,0.02415663030270367,0.9683948410881891,0.007135173427523303,0.7983644061618381,0.028476239869526663,0.8874299261305068,0.1848756906185468,0.8015697863366869,0.030439507557967427,0.7988114515940349,0.028233907283699705,0.8229771878984239,0.02589428974347589,0.964817492167155,0.008356152340586075,0.807316615846422,0.030870147799915003,0.9392015404171414,0.2114490632859097,0.8148441129260593,0.0325867321258447,0.8037976410653856,0.029864266583213197,,,,,,,,,,,,,,,,,,,,,,,,,,,,,,,,,,,,,,,,,,,,,,,,,,,,,,,,,46
cocitation_cora,gat,graph,,,,256.0,0.25,0.01,0.0001,1.0,0.8205481714672512,0.02904889653657957,0.9689622971746656,0.008054355003213201,0.7979945725864834,0.035267138797912705,0.890208445654975,0.20411723293167128,0.8017939461602105,0.03591751504799389,0.7977099657058716,0.03572454183466901,0.8245855940712823,0.027804323812584356,0.9652480483055115,0.009087246054965924,0.8084320346514384,0.03234011231663796,0.9444876101281908,0.2233627034313471,0.8161081923378839,0.033153327767998175,0.8048256158828735,0.03213149838519383,,,,,,,,,,,,,,,,,,,,,,,,,,,,,,,,,,,,,,,,,,,,,,,,,,,,,,,,,45
cocitation_cora,gat,graph,,,,256.0,0.5,0.001,0.0,1.0,0.873625475830502,0.008932603167097502,0.9835592534806993,0.002423494282239403,0.8617817017767164,0.011080335347525137,0.4820567422442966,0.046216153537628285,0.8640424052874247,0.012114881535832027,0.8620392057630751,0.01202376619411088,0.8683407147725423,0.009961633062297514,0.9805525170432197,0.004243661614876341,0.8579695820808411,0.010437907229927894,0.5227044887012906,0.08742529505056981,0.8610663904084099,0.01266655669562712,0.8566012263298035,0.009498803798362114,,,,,,,,,,,,,,,,,,,,,,,,,,,,,,,,,,,,,,,,,,,,,,,,,,,,,,,,,45
cocitation_cora,gat,graph,,,,256.0,0.5,0.001,0.0001,1.0,0.8742491390970019,0.00876473589195568,0.9835946440696717,0.0024140999529613685,0.8623318089379205,0.010585358344522719,0.48058673143386843,0.04631796884019303,0.864926987224155,0.011475951666396263,0.862426941924625,0.011750620199813324,0.8683407200707329,0.009946687534035619,0.9806380007002089,0.004179690929001615,0.8579199208153618,0.010512527580372962,0.5203158232900832,0.08569950229262988,0.8613079852528043,0.012726151785784259,0.8562651700443692,0.009462401564517619,,,,,,,,,,,,,,,,,,,,,,,,,,,,,,,,,,,,,,,,,,,,,,,,,,,,,,,,,48
cocitation_cora,gat,graph,,,,256.0,0.5,0.01,0.0,1.0,0.830592487918006,0.027305240191672565,0.9715588688850403,0.007941831422500318,0.8092642042371961,0.0327207580651755,0.8736389623747931,0.26030862059310067,0.8142198257976108,0.036361329848732554,0.8086914791001214,0.0314045596463024,0.8324306554264492,0.02751641970963496,0.9675813847117953,0.008151879920405553,0.8164137654834324,0.03312334487389963,0.9444284922546811,0.28818033493761236,0.8233342064751519,0.03559113518011308,0.8140011482768589,0.032437462569223495,,,,,,,,,,,,,,,,,,,,,,,,,,,,,,,,,,,,,,,,,,,,,,,,,,,,,,,,,45
cocitation_cora,gat,graph,,,,256.0,0.5,0.01,0.0001,1.0,0.8344001319673326,0.024208345797139267,0.9730053729481167,0.006607241525839908,0.8133875701162551,0.0311606592205082,0.9073690997229682,0.26546395347850904,0.8179200344615513,0.03224783670155411,0.8125911275545756,0.03136217050206962,0.8384375519222683,0.024087324403657837,0.9688852747281392,0.0071826426346797015,0.8227412462234497,0.029417283770042935,0.9777162141270108,0.2812279622624486,0.8289886421627468,0.03071199574364833,0.8203276515007019,0.029355489171986753,,,,,,,,,,,,,,,,,,,,,,,,,,,,,,,,,,,,,,,,,,,,,,,,,,,,,,,,,47
cocitation_cora,gcn,graph,,,,128.0,0.25,0.001,0.0,1.0,0.8563925769593981,0.009903157502725574,0.9799409455723233,0.002804397289361307,0.8422490901417202,0.011365852771699013,0.48516789542304145,0.03199503464440235,0.8437628997696771,0.010848865362921031,0.8432470043500264,0.012961168701102433,0.8548826509051852,0.010483356316384985,0.9767106281386482,0.004413268291736722,0.8440659152136909,0.010724290026216585,0.5181981166203816,0.0474820179370328,0.8473834051026239,0.012884088230330062,0.8427827503946093,0.009997113506476474,,,,,,,,,,,,,,,,,,,,,,,,,,,,,,,,,,,,,,,,,,,,,,,,,,,,,,,,,45
cocitation_cora,gcn,graph,,,,128.0,0.25,0.001,0.0001,1.0,0.8559986856248644,0.010747126146478745,0.9799269000689189,0.0027095771249334996,0.8411449273427327,0.012727231764385137,0.4808096335993873,0.029630244333622477,0.8431302891837226,0.012362864518601954,0.8417346292071872,0.014081292758522341,0.8543574545118544,0.010422843871029814,0.9766770826445685,0.004418621969293433,0.843198115295834,0.010632662764949381,0.5144194119506412,0.04759164587525596,0.8467034300168356,0.0129287439429315,0.8417534695731269,0.00989306091030876,,,,,,,,,,,,,,,,,,,,,,,,,,,,,,,,,,,,,,,,,,,,,,,,,,,,,,,,,45
cocitation_cora,gcn,graph,,,,128.0,0.25,0.01,0.0,1.0,0.8345314290788438,0.023659866783417177,0.9724842839770846,0.006061583466942692,0.815355564488305,0.029435533119395032,0.8706198467148675,0.15096937701209565,0.8173302676942613,0.03027535578948434,0.8162279076046414,0.0288812378662515,0.8310192015435961,0.023366546815512635,0.9696778999434577,0.006995721045701562,0.816565301683214,0.027874784700141077,0.9342210120624966,0.16572247478069652,0.820576610830095,0.028399389308170236,0.8153913021087646,0.02750324481176511,,,,,,,,,,,,,,,,,,,,,,,,,,,,,,,,,,,,,,,,,,,,,,,,,,,,,,,,,45
cocitation_cora,gcn,graph,,,,128.0,0.25,0.01,0.0001,1.0,0.8360413604312473,0.024291730054205492,0.9730284995502896,0.006832114155185629,0.8162972609202067,0.03103057661059917,0.8626865386962891,0.17175705423322224,0.81873699426651,0.03242882820624266,0.8166478938526578,0.03024672102803145,0.8335795137617323,0.024525359758764433,0.970129488574134,0.007886703621259575,0.8179215259022183,0.03017760745321469,0.9259731345706516,0.19212860897471132,0.8229412224557665,0.030468928850898115,0.8158760799301995,0.03011314550685558,,,,,,,,,,,,,,,,,,,,,,,,,,,,,,,,,,,,,,,,,,,,,,,,,,,,,,,,,45
cocitation_cora,gcn,graph,,,,128.0,0.5,0.001,0.0,1.0,0.8648613174756368,0.009961735268580867,0.9819684916072422,0.0025696031043019553,0.8524668627315097,0.011142537631229557,0.47736099494828116,0.035530099036800815,0.8526864568392436,0.010833424693321124,0.854942614502377,0.012645859986853122,0.8626620729764303,0.009911170081433414,0.9794496734937032,0.004298529772285537,0.8524683329794142,0.009826539583707546,0.5033046530352698,0.05949204714944497,0.8539969378047519,0.011271434938972136,0.8526524305343628,0.009590602024929168,,,,,,,,,,,,,,,,,,,,,,,,,,,,,,,,,,,,,,,,,,,,,,,,,,,,,,,,,45
cocitation_cora,gcn,graph,,,,128.0,0.5,0.001,0.0001,1.0,0.8650910920566983,0.009515580562743063,0.9820158759752909,0.002564326199737127,0.8525983293851217,0.01103875653945546,0.4757015188535055,0.034707973229827126,0.8530727320247227,0.010569044434659782,0.854807788795895,0.01267508608124655,0.8630559616618686,0.009550032645414572,0.9794785843955146,0.00427114979142533,0.852871486875746,0.009512230564111704,0.501886369784673,0.060896639689781075,0.8543524583180745,0.011004501837133548,0.8531071027119954,0.009330055632961335,,,,,,,,,,,,,,,,,,,,,,,,,,,,,,,,,,,,,,,,,,,,,,,,,,,,,,,,,45
cocitation_cora,gcn,graph,,,,128.0,0.5,0.01,0.0,1.0,0.8514360745747884,0.01571600648243175,0.9773992207315233,0.0039051958459833036,0.8350195964177449,0.01984528050405316,0.8141068796316783,0.17389878295242683,0.8349715444776747,0.02108962855322458,0.8381621347533332,0.019967270328692596,0.8493681271870931,0.01619462628888618,0.9755834208594428,0.005037863202297306,0.8370790137184991,0.019286775275423402,0.8537935839758979,0.19170846887187076,0.8387578288714092,0.02067656243065487,0.8377793841891819,0.019301969840067476,,,,,,,,,,,,,,,,,,,,,,,,,,,,,,,,,,,,,,,,,,,,,,,,,,,,,,,,,45
cocitation_cora,gcn,graph,,,,128.0,0.5,0.01,0.0001,1.0,0.8509765280617608,0.016845182329213622,0.9776710205607944,0.004217863399767744,0.833634286456638,0.022158924221432324,0.8399138212203979,0.17097591056032696,0.8352007137404548,0.02324958366543378,0.8351164155536228,0.02233343014891155,0.849926143222385,0.017186658317375342,0.9757186227374607,0.0053215295681373126,0.8360691428184509,0.021263152480657386,0.8808032989501953,0.18263204282692283,0.8391094273991055,0.021642136302560244,0.8356008688608806,0.021907988346669897,,,,,,,,,,,,,,,,,,,,,,,,,,,,,,,,,,,,,,,,,,,,,,,,,,,,,,,,,45
cocitation_cora,gcn,graph,,,,256.0,0.25,0.001,0.0,1.0,0.8608238961961534,0.009842885071330713,0.9809370199839275,0.0025966159063576457,0.845707729127672,0.01117165232282063,0.5082083457046085,0.0394625666754206,0.8475879430770874,0.012318510620166184,0.8463873532083299,0.01170715625900446,0.8569505929946899,0.010877073568275383,0.9778689397705926,0.003887456628370303,0.8449400782585144,0.011639764199939864,0.5501012716028425,0.05908997065946315,0.8486807319853041,0.01428304200112014,0.8431088950898912,0.009980929557356315,,,,,,,,,,,,,,,,,,,,,,,,,,,,,,,,,,,,,,,,,,,,,,,,,,,,,,,,,46
cocitation_cora,gcn,graph,,,,256.0,0.25,0.001,0.0001,1.0,0.86049565076828,0.010705212371145549,0.9809270514382257,0.0025905575110518235,0.8455381525887383,0.012404686512273022,0.5087320367495219,0.03721611966531024,0.8477508121066624,0.013203894170161875,0.8460183911853366,0.012787045192022806,0.8565238753954569,0.010546756551092721,0.9778256601757473,0.0037572713554073164,0.8444216463300916,0.011099997610434006,0.5514464954535166,0.059591964134077774,0.8485257175233629,0.013793439183763865,0.8423656728532579,0.009487801433661139,,,,,,,,,,,,,,,,,,,,,,,,,,,,,,,,,,,,,,,,,,,,,,,,,,,,,,,,,45
cocitation_cora,gcn,graph,,,,256.0,0.25,0.01,0.0,1.0,0.8260626951853435,0.03505689094771837,0.9684087951978048,0.010707153628260604,0.8043358378940159,0.04106011338881522,0.8578492469257779,0.15866134537719967,0.8078176273239983,0.04308153956141971,0.8042756570710077,0.039951408438551064,0.8237978061040242,0.03547235849148424,0.9657568706406487,0.010693832233360191,0.8061300145255195,0.0406572610532728,0.914748760064443,0.18352662555061955,0.8120623615052965,0.04063789384317186,0.804171605904897,0.040950001574510904,,,,,,,,,,,,,,,,,,,,,,,,,,,,,,,,,,,,,,,,,,,,,,,,,,,,,,,,,45
cocitation_cora,gcn,graph,,,,256.0,0.25,0.01,0.0001,1.0,0.8359100619951884,0.02488428423740076,0.972292939821879,0.006864472103160712,0.8145298295550876,0.02991974535851474,0.8350678298208448,0.14046090791390614,0.8170983499950832,0.03159778034666543,0.8154357247882419,0.028966762643385643,0.8338749355740017,0.026458133926138216,0.9696046206686232,0.007383837040509279,0.8172997381952074,0.030625176287217056,0.8991496351030138,0.16846170926603876,0.8225373162163628,0.029952298216115867,0.8159276538425022,0.03120783641885075,,,,,,,,,,,,,,,,,,,,,,,,,,,,,,,,,,,,,,,,,,,,,,,,,,,,,,,,,45
cocitation_cora,gcn,graph,,,,256.0,0.5,0.001,0.0,1.0,0.8672575036684672,0.009806098848765581,0.982927668094635,0.0025361792557306276,0.8541987511846755,0.011875984447012293,0.508351821369595,0.049213539333283145,0.8559043222003513,0.013018111608344776,0.8552201482984755,0.012240551947237076,0.8647300190395779,0.010574413380565513,0.9802491810586718,0.003819744012521941,0.8540302819675869,0.010803844817388577,0.546620762348175,0.08366307342727919,0.8568019946416219,0.013228469876380959,0.85295682615704,0.009900649158051921,,,,,,,,,,,,,,,,,,,,,,,,,,,,,,,,,,,,,,,,,,,,,,,,,,,,,,,,,45
cocitation_cora,gcn,graph,,,,256.0,0.5,0.001,0.0001,1.0,0.8673559784889221,0.009991447491672321,0.9829465667406718,0.0025304817495719117,0.8542598644892375,0.01238691488655318,0.5103885226779514,0.04648476421682583,0.8558372841940985,0.013324039934772505,0.855388057231903,0.012956605482076528,0.8645330680741204,0.01056565722629263,0.9802529904577467,0.0038088437426015698,0.8534633874893188,0.010709829192676127,0.5500128785769145,0.08465987697638656,0.8561669376161364,0.013455116893140079,0.8524596783849928,0.009273695923917859,,,,,,,,,,,,,,,,,,,,,,,,,,,,,,,,,,,,,,,,,,,,,,,,,,,,,,,,,45
cocitation_cora,gcn,graph,,,,256.0,0.5,0.01,0.0,1.0,0.8310192002190484,0.035720017319936,0.9696309169133505,0.010638241167286634,0.8085851881239149,0.04330884389024569,0.8786449525091383,0.21288072083653656,0.8112966934839885,0.04360403122986703,0.8089146971702575,0.04331266325145953,0.8305268314149644,0.03472181857329748,0.9672150995996264,0.011016122317251532,0.8131277481714885,0.04077339949809764,0.9305147184265985,0.24418018841216713,0.8180759085549248,0.03938082288164985,0.8113414963086446,0.042215644212642775,,,,,,,,,,,,,,,,,,,,,,,,,,,,,,,,,,,,,,,,,,,,,,,,,,,,,,,,,45
cocitation_cora,gcn,graph,,,,256.0,0.5,0.01,0.0001,1.0,0.8399146570099725,0.02721513531178573,0.9731170535087585,0.007445374948059128,0.8188443223635355,0.03303990247454438,0.8840833769904243,0.24155776095375867,0.8211168116993375,0.03441069857210764,0.8195723573366801,0.03224221506148298,0.839225341214074,0.026168592991749187,0.9707425501611497,0.007747506871196251,0.8224143637551202,0.030169694937596483,0.9374309791458978,0.26110048700841565,0.826951265335083,0.029932510811711405,0.8208731373151144,0.030545267049470963,,,,,,,,,,,,,,,,,,,,,,,,,,,,,,,,,,,,,,,,,,,,,,,,,,,,,,,,,45
cocitation_cora,gin,graph,,,,128.0,0.25,0.001,0.0001,1.0,0.8496307227346632,0.017648441761378416,0.975680947303772,0.004639135026580826,0.8355992873509724,0.017873120387769552,0.5235150112046136,0.057582560225410084,0.8380976319313049,0.016712498339654366,0.8360746675067477,0.020219309394386244,0.8468078123198615,0.01849901921735237,0.9706051826477051,0.0071319765491901985,0.8371359282069736,0.01932454481712793,0.5680141448974609,0.07880425813636234,0.839438811937968,0.019874857446458595,0.836758824189504,0.019611757672872626,,,,,,,,,,,,,,,,,,,,,,,,,,,,,,,,,,,,,,,,,,,,,,,,,,,,,,,,,45
cocitation_cora,gin,graph,,,,128.0,0.25,0.01,0.0001,1.0,0.7208271794848972,0.2179570456011849,0.9314719663725959,0.07305261055928347,0.6601473960611556,0.30367207254642337,1.0607738773028055,0.4949827746048076,0.6559964371224244,0.3130309481905312,0.6774837404489518,0.27361132442258496,0.718956180413564,0.21830858454779029,0.9285790099038018,0.07161442267084885,0.6623341509037548,0.30479004821964806,1.1130950464142693,0.48858150208375845,0.6593826091123952,0.31454257017355136,0.6786628130409452,0.27416138845965154,,,,,,,,,,,,,,,,,,,,,,,,,,,,,,,,,,,,,,,,,,,,,,,,,,,,,,,,,45
cocitation_cora,gin,graph,,,,128.0,0.5,0.001,0.0001,1.0,0.8574757907125685,0.01583900393051495,0.9770200384987725,0.00443111520015264,0.8445119142532349,0.016425003096453204,0.5173951201968723,0.05839403928978407,0.8465339011616178,0.013850758635638586,0.8457707934909396,0.019453565328888676,0.8552108963330587,0.01702166868126364,0.9729137937227885,0.0064755565603364365,0.8461315910021464,0.017624278497357104,0.5545063436031341,0.07471979818804159,0.8485100507736206,0.0184192382393385,0.8460746142599318,0.017495094072638707,,,,,,,,,,,,,,,,,,,,,,,,,,,,,,,,,,,,,,,,,,,,,,,,,,,,,,,,,45
cocitation_cora,gin,graph,,,,128.0,0.5,0.01,0.0001,1.0,0.6938125709692637,0.24733089510428724,0.9114971319834392,0.10222405684656595,0.6204005371365282,0.3423753714622913,1.0495872113439773,0.5464673671754651,0.6156383665071593,0.3522866321933706,0.6430226511425442,0.3096127177277358,0.6918431043624877,0.24899371741569903,0.9096018446816339,0.1009886585194442,0.6223520189523697,0.3440605033122093,1.08414353662067,0.537118527108074,0.6174190256330702,0.3539313447959338,0.6452319529321459,0.3107430758107419,,,,,,,,,,,,,,,,,,,,,,,,,,,,,,,,,,,,,,,,,,,,,,,,,,,,,,,,,45
cocitation_cora,gin,graph,,,,256.0,0.25,0.001,0.0001,1.0,0.8494009521272448,0.02127971495002522,0.9763124081823561,0.004771431353874222,0.8356320910983616,0.02247600507411737,0.5727391580740611,0.05819059106668475,0.837157494492001,0.0221887109086657,0.8367661727799309,0.02386449847907982,0.8456589486863878,0.023889574781510256,0.9712932772106595,0.007525119896500298,0.8360916839705573,0.02479682285590349,0.63595882124371,0.09254905224506059,0.8384211262067159,0.025532095309677486,0.8358871883816189,0.02409141078306463,,,,,,,,,,,,,,,,,,,,,,,,,,,,,,,,,,,,,,,,,,,,,,,,,,,,,,,,,45
cocitation_cora,gin,graph,,,,256.0,0.25,0.01,0.0001,1.0,0.5633349729908838,0.2652820028095953,0.8045473708046808,0.1671000161587687,0.4303020073307885,0.3727397783730602,1.4980115387174817,0.5981510180902504,0.41864418047997687,0.3859676958823644,0.47214517427815333,0.3347623101004783,0.5602494690153333,0.26634111765752017,0.8046460509300232,0.16411575078978938,0.4320044310556518,0.37496868563771824,1.5117832647429572,0.5863457921193338,0.42055590964025924,0.3881520277947119,0.4743059916628732,0.33626049863320306,,,,,,,,,,,,,,,,,,,,,,,,,,,,,,,,,,,,,,,,,,,,,,,,,,,,,,,,,45
cocitation_cora,gin,graph,,,,256.0,0.5,0.001,0.0001,1.0,0.8554734945297241,0.017595976399079862,0.9778601010640462,0.004337806016599143,0.8427427093187968,0.018852670536019273,0.5564265535937415,0.06921139241820146,0.8443484637472365,0.01791657078785751,0.8441887630356683,0.021238866800438582,0.8518299672338697,0.019386943952563646,0.9734458605448405,0.0069647265920067735,0.8430280009905498,0.02012131486694372,0.6145006146695878,0.10480357857650978,0.8448838180965847,0.020119821435422094,0.8434326529502869,0.0211055021408366,,,,,,,,,,,,,,,,,,,,,,,,,,,,,,,,,,,,,,,,,,,,,,,,,,,,,,,,,45
cocitation_cora,gin,graph,,,,256.0,0.5,0.01,0.0001,1.0,0.5537502103381686,0.25800779587757566,0.7960690352651808,0.17161160259507624,0.41294752152429687,0.3652302824386204,1.5287840061717564,0.5727679928001302,0.3983170607851611,0.3782510175208194,0.4590084738201565,0.32782572247419983,0.550073852803972,0.260887903701285,0.7958919392691718,0.17023553527324917,0.41396458943684894,0.3680583945089629,1.5359743038813274,0.5741761728317379,0.3987710282206535,0.3802520546109232,0.46067072947820026,0.3305658198616708,,,,,,,,,,,,,,,,,,,,,,,,,,,,,,,,,,,,,,,,,,,,,,,,,,,,,,,,,45
cocitation_pubmed,gat,graph,,,,128.0,0.25,0.001,0.0,1.0,0.8874599946869745,0.0036011659958032787,0.9727158758375379,0.001475587179465952,0.88357492685318,0.0035334123852339004,0.3367444336414337,0.02165059209227537,0.8826300263404846,0.0037766866534370497,0.8847671031951905,0.003931807075474311,0.8884515669610765,0.003937877164961608,0.9726344399982029,0.0014564181083426186,0.8849852217568291,0.004217855642002061,0.33651612334781217,0.02077768750771724,0.885147229830424,0.004399645442759472,0.8850941631529067,0.004505320491751302,,,,,,,,,,,,,,,,,,,,,,,,,,,,,,,,,,,,,,,,,,,,,,,,,,,,,,,,,45
cocitation_pubmed,gat,graph,,,,128.0,0.25,0.001,0.0001,1.0,0.8879287812444899,0.003389924143286382,0.9728589455286661,0.0014433961688097338,0.8840389397409227,0.0033993911391473485,0.33582614792717824,0.021949963550347923,0.8831199275122749,0.003718757460045107,0.8852166215578715,0.0037902621800990502,0.8888888875643413,0.003897219252872512,0.9727697584364149,0.0014481883392140843,0.8854236390855578,0.004201319801791644,0.3355549666616651,0.021073686986529606,0.8854294882880317,0.004421061330928028,0.8856875247425503,0.004380181037995207,,,,,,,,,,,,,,,,,,,,,,,,,,,,,,,,,,,,,,,,,,,,,,,,,,,,,,,,,46
cocitation_pubmed,gat,graph,,,,128.0,0.25,0.01,0.0,1.0,0.8897182782491048,0.005137459137075093,0.9735922071668837,0.0018337909340822198,0.885861235194736,0.0051452137248292435,0.3532241457038455,0.02338636666064458,0.8846191843350728,0.005268237932623881,0.8874065664079455,0.0056763118815203175,0.891458715332879,0.005221792117140731,0.9737759696112739,0.002232798012071251,0.8881306396590338,0.005215816674948224,0.3488109800550672,0.02557436505423088,0.888295845190684,0.0055614892740917295,0.8882327874501547,0.00553009536604113,,,,,,,,,,,,,,,,,,,,,,,,,,,,,,,,,,,,,,,,,,,,,,,,,,,,,,,,,45
cocitation_pubmed,gat,graph,,,,128.0,0.25,0.01,0.0001,1.0,0.891471713119083,0.005226089007180046,0.9744389904869928,0.001960273863362519,0.8875419788890415,0.005350525730498623,0.35415245824389985,0.03718985830356949,0.886649215221405,0.00514442930752297,0.8887665920787388,0.006359071009649595,0.8937580267588298,0.0051953828165494514,0.9746044887436761,0.002137669638109026,0.8903444157706366,0.005236694824394955,0.34913003444671625,0.03194972107690597,0.8908814708391826,0.005356288685248947,0.8900612552960714,0.005682795917917338,,,,,,,,,,,,,,,,,,,,,,,,,,,,,,,,,,,,,,,,,,,,,,,,,,,,,,,,,45
cocitation_pubmed,gat,graph,,,,128.0,0.5,0.001,0.0,1.0,0.8896416505177815,0.0032273513583638055,0.973691025045183,0.001340516760854926,0.8856372184223599,0.003350494439019564,0.35274444156222867,0.020897033070633415,0.884800664583842,0.003643911073539813,0.8867634481853909,0.0038088511034822495,0.8907869577407836,0.004003265440357246,0.9736428883340623,0.001376705635837498,0.8873833616574606,0.004198463778712206,0.3521087765693664,0.021125583631764467,0.8874684413274129,0.00437618684772099,0.8876132408777873,0.004445462692669935,,,,,,,,,,,,,,,,,,,,,,,,,,,,,,,,,,,,,,,,,,,,,,,,,,,,,,,,,45
cocitation_pubmed,gat,graph,,,,128.0,0.5,0.001,0.0001,1.0,0.8904304676585727,0.003055261641250261,0.9739698078897264,0.0012978828191313409,0.8864680409431458,0.003234748474026585,0.35380055705706276,0.020494932467486005,0.8856124546792772,0.003383808312017115,0.8876090764999389,0.003837431987182757,0.891332479317983,0.003850188961479859,0.9739195134904649,0.001401159848944274,0.887921565108829,0.004086716597633569,0.35344045360883075,0.02043515055074747,0.8880133363935683,0.004268689469066831,0.8881475806236268,0.004330766419516132,,,,,,,,,,,,,,,,,,,,,,,,,,,,,,,,,,,,,,,,,,,,,,,,,,,,,,,,,45
cocitation_pubmed,gat,graph,,,,128.0,0.5,0.01,0.0,1.0,0.8930763999621073,0.004647157120084938,0.9750618192884657,0.0017450746955284435,0.8892049299346076,0.00478862582126268,0.389975184864468,0.03574491953979632,0.8880315674675836,0.004672411568168894,0.8906746480200026,0.00560402095964742,0.8956064992480808,0.0036329921532559095,0.9753612836201986,0.0017526177879058971,0.8920459866523742,0.0036859344836243048,0.3832911829153697,0.0348185865345128,0.8922515869140625,0.003849455364716516,0.8920684390597873,0.004042226160057892,,,,,,,,,,,,,,,,,,,,,,,,,,,,,,,,,,,,,,,,,,,,,,,,,,,,,,,,,45
cocitation_pubmed,gat,graph,,,,128.0,0.5,0.01,0.0001,1.0,0.8954834381739298,0.00438305731122463,0.9759905338287354,0.0016298180767552709,0.8915415750609503,0.004611779795105624,0.3805414842234717,0.031191571214886346,0.8904983003934225,0.004289093021759701,0.8928367667728,0.005427467007051603,0.8977029363314311,0.0033751973225074126,0.9762683735953437,0.0016960942453596657,0.8941180573569404,0.003491475209946263,0.37496096822950575,0.03284930705864761,0.8944564700126648,0.003631965243059874,0.894019627571106,0.0038832181897495723,,,,,,,,,,,,,,,,,,,,,,,,,,,,,,,,,,,,,,,,,,,,,,,,,,,,,,,,,45
cocitation_pubmed,gat,graph,,,,256.0,0.25,0.001,0.0,1.0,0.8876448035240173,0.0037786929805770316,0.9726772202385796,0.0014940081865087984,0.8837292326821221,0.003929288913080766,0.34419623878267075,0.024295215686656678,0.8828109370337592,0.004317934016695409,0.884949451022678,0.004388881833099153,0.8884741067886353,0.004177265972956124,0.972607511944241,0.00142772105220928,0.8848781228065491,0.004306329637435709,0.3440824263625674,0.026322718935521797,0.8849126895268759,0.004649886938507038,0.8851105438338386,0.004412431614103589,,,,,,,,,,,,,,,,,,,,,,,,,,,,,,,,,,,,,,,,,,,,,,,,,,,,,,,,,45
cocitation_pubmed,gat,graph,,,,256.0,0.25,0.001,0.0001,1.0,0.8877259373664856,0.004055788944683105,0.9728000852796767,0.001447060843027263,0.8838138103485107,0.004264996046508901,0.34531920817163253,0.02595010509947918,0.882990743054284,0.004541328363775506,0.8849371261066861,0.00467278598068352,0.8888663490613301,0.0040714005633862675,0.9726996554268731,0.0014288905899446805,0.8851976818508572,0.004296764854459845,0.34563168684641515,0.028341096779904252,0.8853288994895088,0.004747793009782719,0.8853682822651333,0.004353727550871818,,,,,,,,,,,,,,,,,,,,,,,,,,,,,,,,,,,,,,,,,,,,,,,,,,,,,,,,,45
cocitation_pubmed,gat,graph,,,,256.0,0.25,0.01,0.0,1.0,0.8835474438137478,0.006087527586577851,0.9708317425515917,0.0027891749089193124,0.8798237257533603,0.0061359780765424385,0.3662623345851898,0.037292753389293526,0.8791340139177111,0.006060668080148419,0.8807454758220249,0.006731242982530823,0.885958386792077,0.005865429128008685,0.9709201004770067,0.0028349569973102912,0.8827120767699348,0.00594378698378574,0.3632770796616872,0.03669977349127755,0.883236191007826,0.005903530793605204,0.8824154085583157,0.006411687317989349,,,,,,,,,,,,,,,,,,,,,,,,,,,,,,,,,,,,,,,,,,,,,,,,,,,,,,,,,45
cocitation_pubmed,gat,graph,,,,256.0,0.25,0.01,0.0001,1.0,0.8865404619110955,0.00591408557945893,0.9719837705294291,0.0026253139827379706,0.8827490872806973,0.005791450271529214,0.36069788336753844,0.04172612658874772,0.8822069591946072,0.005600054207132405,0.8835296127531264,0.006582565855787736,0.8891819384362962,0.005856117274871226,0.9721923033396404,0.0027044844278477018,0.8859770046340094,0.0057101657798598274,0.35626617471377053,0.03734288301989184,0.8866061144404941,0.005708873810309372,0.8855674068133036,0.006078164427993794,,,,,,,,,,,,,,,,,,,,,,,,,,,,,,,,,,,,,,,,,,,,,,,,,,,,,,,,,45
cocitation_pubmed,gat,graph,,,,256.0,0.5,0.001,0.0,1.0,0.8900292966100904,0.003313849849787154,0.9738069322374132,0.0012427764187472612,0.8862020519044664,0.0035282050251985394,0.37831877668698627,0.025058122221978032,0.8851209852430556,0.003857702378560239,0.8875769164827135,0.003998326769455993,0.8908906473053826,0.0035356541178151045,0.9738294654422336,0.0013113640902635516,0.8873969011836582,0.0037667405062160627,0.377251042260064,0.025966832204807434,0.8873063100708856,0.0038935716423959686,0.8877634578280978,0.004203058886963923,,,,,,,,,,,,,,,,,,,,,,,,,,,,,,,,,,,,,,,,,,,,,,,,,,,,,,,,,45
cocitation_pubmed,gat,graph,,,,256.0,0.5,0.001,0.0001,1.0,0.8902186195055644,0.0031319136720187675,0.973880672454834,0.0012888432274612152,0.8864184896151225,0.00330259783374558,0.3753679441081153,0.027545122475992473,0.8853290836016338,0.0036322463031506365,0.887819172276391,0.003909537078528277,0.8911566469404433,0.003740595021765937,0.9738869759771559,0.001326736211693751,0.8876593563291761,0.003975644317163554,0.37402684556113347,0.026110608338356135,0.8874517189131843,0.004124307093113861,0.8881359709633722,0.0042900696193751715,,,,,,,,,,,,,,,,,,,,,,,,,,,,,,,,,,,,,,,,,,,,,,,,,,,,,,,,,45
cocitation_pubmed,gat,graph,,,,256.0,0.5,0.01,0.0,1.0,0.8888483193185595,0.006043793194444099,0.972921797964308,0.002524724438324693,0.8849909822146098,0.006296508308544012,0.3833578540219201,0.04202402985227629,0.8843488362100389,0.005698052132975612,0.8858956575393677,0.007480401695113715,0.8905299716525608,0.005683711257388859,0.9729649318589104,0.002583573932495426,0.8873448159959582,0.005929901332352688,0.379215219285753,0.037273018406592334,0.8878312720192804,0.005695506207511228,0.8871001309818691,0.00655253771238102,,,,,,,,,,,,,,,,,,,,,,,,,,,,,,,,,,,,,,,,,,,,,,,,,,,,,,,,,45
cocitation_pubmed,gat,graph,,,,256.0,0.5,0.01,0.0001,1.0,0.8918593645095825,0.005420655691740414,0.9741065541903178,0.002439103113513069,0.8880794869528876,0.005398953832349766,0.3842652850680881,0.03680998339644199,0.8871341175503201,0.005358341823588092,0.8893003079626295,0.006164294988496007,0.8940691166453891,0.005596312281136842,0.9741577267646789,0.0023908072433326713,0.8908039993709989,0.005564057781767539,0.380000235637029,0.033422791213785226,0.8910549177063836,0.0056854781899818635,0.8907674643728468,0.005893433683265452,,,,,,,,,,,,,,,,,,,,,,,,,,,,,,,,,,,,,,,,,,,,,,,,,,,,,,,,,46
cocitation_pubmed,gcn,graph,,,,128.0,0.25,0.001,0.0,1.0,0.8857336044311523,0.004303316894489688,0.972637825542026,0.001809398631536441,0.8819420231713189,0.0040880536967366635,0.33833439548810323,0.02156635815053905,0.8809541132715013,0.004278039176338741,0.8831422752804227,0.004387245189572773,0.8871576401922437,0.005047728730110743,0.9724779221746657,0.0018456256718581414,0.8835244509908888,0.005080278958642301,0.3387033012178209,0.021252206473231255,0.883669916788737,0.005118010172572941,0.8836131347550287,0.005372844119187492,,,,,,,,,,,,,,,,,,,,,,,,,,,,,,,,,,,,,,,,,,,,,,,,,,,,,,,,,45
cocitation_pubmed,gcn,graph,,,,128.0,0.25,0.001,0.0001,1.0,0.8862835235065885,0.004258161541490151,0.9728350480397542,0.0017506629532083912,0.882504849963718,0.004080260390180337,0.3358164204491509,0.0203164589845371,0.8816013693809509,0.00425728042585821,0.8835979289478726,0.00440078226730508,0.8873515036371019,0.005015482570250397,0.9727063722080654,0.0018015981605554003,0.8837438238991632,0.004968733634878901,0.33575136197937855,0.020059524253559852,0.8839796609348721,0.005195266284485484,0.8837299704551697,0.005036152370132568,,,,,,,,,,,,,,,,,,,,,,,,,,,,,,,,,,,,,,,,,,,,,,,,,,,,,,,,,45
cocitation_pubmed,gcn,graph,,,,128.0,0.25,0.01,0.0,1.0,0.8886499855253431,0.0048876996163227816,0.9738963418536716,0.001889312948227374,0.8846077058050368,0.004638877073520357,0.3555861102210151,0.02740436889346231,0.883430360423194,0.004621501264583113,0.8860434426201714,0.005243068769723912,0.8910304096009997,0.00533822822786952,0.9738478647338019,0.002232289849819625,0.8872198290295071,0.005453183101754261,0.3524728483623928,0.027666257130970352,0.8874891042709351,0.005500621411274789,0.8871535884009467,0.005758201561267656,,,,,,,,,,,,,,,,,,,,,,,,,,,,,,,,,,,,,,,,,,,,,,,,,,,,,,,,,45
cocitation_pubmed,gcn,graph,,,,128.0,0.25,0.01,0.0001,1.0,0.8907369905047946,0.004329098630356485,0.9745309657520718,0.0018423397820890128,0.8867266456286113,0.004162115055173143,0.35540765656365286,0.038289906406209974,0.8856997993257311,0.004284043504765484,0.8879785868856642,0.004600091222869043,0.8930006080203586,0.004919672259097356,0.9745387580659655,0.0022525013097992753,0.8892484823862712,0.004977986533181529,0.3522793266508314,0.03857562286294094,0.8895102990998163,0.005268465771831886,0.8892011390791998,0.005022933071070343,,,,,,,,,,,,,,,,,,,,,,,,,,,,,,,,,,,,,,,,,,,,,,,,,,,,,,,,,45
cocitation_pubmed,gcn,graph,,,,128.0,0.5,0.001,0.0,1.0,0.8883119251992967,0.004202013015321574,0.973582410812378,0.001635271502307903,0.8846012420124478,0.004218654994476921,0.3538103779157003,0.02131291817760658,0.883345275455051,0.004478627051785953,0.8861429227723016,0.004429166520488295,0.888528209262424,0.005007714773554002,0.9734092222319709,0.0018131591121646029,0.8848771664831373,0.005094488488851754,0.3542843030558692,0.022027299721682506,0.884772539138794,0.0052257879235476,0.8852838728162977,0.005376451173437634,,,,,,,,,,,,,,,,,,,,,,,,,,,,,,,,,,,,,,,,,,,,,,,,,,,,,,,,,45
cocitation_pubmed,gcn,graph,,,,128.0,0.5,0.001,0.0001,1.0,0.8885463158289592,0.003948777128509282,0.9736583603752984,0.001586713969817057,0.8848056197166443,0.004004246394214902,0.35068150560061134,0.021507245942477674,0.8835915671454535,0.004300471629889707,0.8862892601225111,0.004238300772550594,0.8888212654325697,0.004933083627653409,0.9734871281517876,0.001699688028486021,0.8851893795861139,0.005012988288238065,0.35107644465234544,0.02318197069915224,0.8851438111729092,0.005182809173826706,0.8855174514982436,0.005195958095938277,,,,,,,,,,,,,,,,,,,,,,,,,,,,,,,,,,,,,,,,,,,,,,,,,,,,,,,,,45
cocitation_pubmed,gcn,graph,,,,128.0,0.5,0.01,0.0,1.0,0.8911697096294827,0.004646957272211697,0.974860507912106,0.0017903308028350484,0.8871772448221843,0.0045051145559524075,0.38228434721628823,0.03193854718528001,0.8856383840243022,0.004636668161212529,0.8890565858946906,0.0050324996083427045,0.8931989775763618,0.005016657871551371,0.9747857835557726,0.0021021943435679826,0.8894135144021776,0.005059192630530106,0.37954885496033564,0.03465255947610578,0.8890889631377326,0.005232390065685026,0.8899858554204305,0.005238158358797846,,,,,,,,,,,,,,,,,,,,,,,,,,,,,,,,,,,,,,,,,,,,,,,,,,,,,,,,,45
cocitation_pubmed,gcn,graph,,,,128.0,0.5,0.01,0.0001,1.0,0.8937164770232306,0.004527064867496825,0.9756310780843099,0.0018262648424509239,0.8897201432122125,0.004226322549377985,0.37529732121361625,0.033515544797565244,0.8883114920722114,0.004085987775065884,0.8914271593093872,0.004972190541755916,0.8952323026127286,0.00465007282183383,0.9756040228737726,0.0019980785578349886,0.8913895606994628,0.0046578912395784,0.3725243502193027,0.03197867182104303,0.8913892918162876,0.004613040447547962,0.8916202743848165,0.005091656071094329,,,,,,,,,,,,,,,,,,,,,,,,,,,,,,,,,,,,,,,,,,,,,,,,,,,,,,,,,45
cocitation_pubmed,gcn,graph,,,,256.0,0.25,0.001,0.0,1.0,0.8878882143232557,0.004121201376051978,0.973080399301317,0.001776279112815751,0.884191734260983,0.0037404518877547344,0.34644147157669064,0.029704472475535912,0.8831876092486911,0.003657719307649964,0.885478761461046,0.004527552337992247,0.8881900800598992,0.004612465932888464,0.9729419098960028,0.001734001672043574,0.8844920449786716,0.004824328436339847,0.3465385046270158,0.029392444831416762,0.8846725755267673,0.005030467835055483,0.8845890323321025,0.005012734981322153,,,,,,,,,,,,,,,,,,,,,,,,,,,,,,,,,,,,,,,,,,,,,,,,,,,,,,,,,45
cocitation_pubmed,gcn,graph,,,,256.0,0.25,0.001,0.0001,1.0,0.888068515724606,0.00406353968907293,0.973174073961046,0.0017628719603814903,0.8843507952160305,0.0037377535253029343,0.34562412434154083,0.03203023869217702,0.8835102094544305,0.0037805606980515164,0.8854296935929192,0.004331659553684039,0.8886048542128668,0.004490210811505987,0.9730445133315192,0.0017955211759477616,0.884850623872545,0.0046957787217610045,0.3455920570426517,0.03206353206016054,0.8851014720069037,0.004964422625813078,0.8848410473929511,0.004843260912235572,,,,,,,,,,,,,,,,,,,,,,,,,,,,,,,,,,,,,,,,,,,,,,,,,,,,,,,,,45
cocitation_pubmed,gcn,graph,,,,256.0,0.25,0.01,0.0,1.0,0.8888843788041009,0.00565436898143531,0.9737019379933675,0.0022252047547944745,0.8848485469818115,0.00532949132476784,0.34418112701839865,0.024385896729232588,0.8841183013386197,0.005276426900230023,0.8857735143767462,0.005807367951720588,0.8909808172119988,0.005375765562557848,0.9736966570218404,0.0024943990105593295,0.8870719724231296,0.005330450976586517,0.3416849493980408,0.025409552604992235,0.8874237497647604,0.0054809084492568085,0.8869111312760247,0.005468784657215868,,,,,,,,,,,,,,,,,,,,,,,,,,,,,,,,,,,,,,,,,,,,,,,,,,,,,,,,,45
cocitation_pubmed,gcn,graph,,,,256.0,0.25,0.01,0.0001,1.0,0.8911742170651754,0.005241037140954514,0.9744083642959595,0.002181780697129463,0.887178009086185,0.005030595655741774,0.34344127641783817,0.03157991295379926,0.8864734053611756,0.004880824724761994,0.8880620651774936,0.005613715394825726,0.8935957233111064,0.004655747759212722,0.9744370142618816,0.0024167891030784584,0.8897524833679199,0.004817196176828782,0.3415143801106347,0.03145257943418634,0.8903714431656732,0.00487821549027615,0.8893527600500318,0.005089703814282463,,,,,,,,,,,,,,,,,,,,,,,,,,,,,,,,,,,,,,,,,,,,,,,,,,,,,,,,,45
cocitation_pubmed,gcn,graph,,,,256.0,0.5,0.001,0.0,1.0,0.8890331321292453,0.003720229024374905,0.9738339331414965,0.0016655993565601363,0.8853556063440111,0.0035138466290702127,0.36859965655538773,0.03398069722231989,0.8839517143037584,0.0033325850580892924,0.8871048344506158,0.004455046152708214,0.8896508203612433,0.004265069825043217,0.9737497025065952,0.001734217643937977,0.8860119581222534,0.004331740155926518,0.36816815137863157,0.03480790159132856,0.8856389496061537,0.004675426494613538,0.8867285622490777,0.004528361113410946,,,,,,,,,,,,,,,,,,,,,,,,,,,,,,,,,,,,,,,,,,,,,,,,,,,,,,,,,45
cocitation_pubmed,gcn,graph,,,,256.0,0.5,0.001,0.0001,1.0,0.8895515004793803,0.003860651586388266,0.9739470495118036,0.001631543188599865,0.8858809815512763,0.0036577215729422137,0.3679769217967987,0.0292489434313755,0.8845618142022027,0.0034945396813125147,0.8875246577792697,0.004482007589233129,0.8899664137098524,0.004215947642060298,0.9739038652843899,0.0017174664428265076,0.8862852957513597,0.004275093668574339,0.36727162732018365,0.032624391946992404,0.8859815862443712,0.004460765293840279,0.886923258834415,0.00459719795486438,,,,,,,,,,,,,,,,,,,,,,,,,,,,,,,,,,,,,,,,,,,,,,,,,,,,,,,,,45
cocitation_pubmed,gcn,graph,,,,256.0,0.5,0.01,0.0,1.0,0.8905656973520915,0.005801778980330431,0.9746947076585558,0.0020560998422766807,0.8864850812488132,0.005527098744865006,0.3643370615111457,0.025914261683612362,0.8852553884188334,0.005304833411852552,0.8879774583710565,0.0061935415272466295,0.8927120685577392,0.0054196254639110744,0.9746571593814426,0.0024128134016024178,0.8888191527790493,0.005587399676283555,0.36213506791326733,0.0270056108970614,0.8889192422231038,0.0055926848038518676,0.8889620820681254,0.0060004910436449975,,,,,,,,,,,,,,,,,,,,,,,,,,,,,,,,,,,,,,,,,,,,,,,,,,,,,,,,,45
cocitation_pubmed,gcn,graph,,,,256.0,0.5,0.01,0.0001,1.0,0.8932521965768602,0.005706027496200155,0.9754670037163629,0.0020554368877473725,0.8892416265275743,0.005554477030367084,0.3678865744007958,0.03790510809333489,0.8881365166770088,0.005583604689771819,0.8906481491194831,0.006108937083263493,0.8955749419000414,0.005308250644338866,0.9755050010151334,0.002353582756119894,0.8917391194237603,0.005397829569306141,0.36500129368570117,0.03751217585114922,0.8918949458334181,0.005484729826183836,0.8918419705496894,0.005772736283549234,,,,,,,,,,,,,,,,,,,,,,,,,,,,,,,,,,,,,,,,,,,,,,,,,,,,,,,,,45
cocitation_pubmed,gin,graph,,,,128.0,0.25,0.001,0.0001,1.0,0.8855578104654948,0.004608571927063865,0.9719127045737372,0.0019214298813074473,0.8820301214853923,0.004502204358691884,0.33166189458635115,0.02167660316674743,0.8806763582759434,0.004827858634786336,0.8837439325120714,0.0049311906950779165,0.8878203868865967,0.004730649312977383,0.972262077861362,0.0014113183345863696,0.8844641592767504,0.004847028045285969,0.3277042706807454,0.018272741095753248,0.8842403425110711,0.005375762023184943,0.8850076688660515,0.004664784063281273,,,,,,,,,,,,,,,,,,,,,,,,,,,,,,,,,,,,,,,,,,,,,,,,,,,,,,,,,45
cocitation_pubmed,gin,graph,,,,128.0,0.25,0.01,0.0001,1.0,0.7157854404714372,0.2269155746411844,0.866422094239129,0.15071248438237492,0.6436822450823254,0.32136980056084763,0.6689247157838609,0.4374917844205514,0.6251185576121012,0.34769352092967376,0.6903704630004035,0.25541950524656337,0.7174049258232117,0.22602782270067756,0.8668895774417453,0.15118207721008717,0.6451362715827094,0.3218049336758106,0.665700395239724,0.4383383754481577,0.6266813321246041,0.3483808429289852,0.6913057870335049,0.25614225747078123,,,,,,,,,,,,,,,,,,,,,,,,,,,,,,,,,,,,,,,,,,,,,,,,,,,,,,,,,45
cocitation_pubmed,gin,graph,,,,128.0,0.5,0.001,0.0001,1.0,0.8860987159940932,0.004206537823096836,0.9723561445871989,0.0019355939129243021,0.8825313263469272,0.00409460338907533,0.34048099120457964,0.020550234520157345,0.8801670326126947,0.004089055630856306,0.8854254033830431,0.004791551031836199,0.8888888875643413,0.004761314803806623,0.9727053417099847,0.0014415833351223053,0.8857165853182475,0.004694383781657786,0.33563892973793874,0.018629832380388393,0.8843194935056898,0.005156200343117276,0.8875282552507189,0.00450919594167711,,,,,,,,,,,,,,,,,,,,,,,,,,,,,,,,,,,,,,,,,,,,,,,,,,,,,,,,,45
cocitation_pubmed,gin,graph,,,,128.0,0.5,0.01,0.0001,1.0,0.7169213407569461,0.2283030166984667,0.8786402026812236,0.1395284991700024,0.643389289908939,0.3247063332095138,0.6713164687156677,0.4302767051352088,0.6238981674114863,0.3515500051153164,0.6919362843036652,0.25700826711712027,0.719018958012263,0.22751973750182683,0.8792012943161859,0.13929550519971062,0.6453750176562203,0.32534929486304504,0.6676484604676565,0.4306517865565783,0.6261792802148395,0.352461287299081,0.6931954284509023,0.25786292563813445,,,,,,,,,,,,,,,,,,,,,,,,,,,,,,,,,,,,,,,,,,,,,,,,,,,,,,,,,45
cocitation_pubmed,gin,graph,,,,256.0,0.25,0.001,0.0001,1.0,0.8859048922856648,0.005206314937687802,0.9723008632659912,0.001876480657092286,0.8823017120361328,0.00518090137926572,0.3410563707351684,0.029135908219962196,0.8806756880548265,0.00547260768538658,0.8843413048320347,0.00571711641319187,0.8891278359625074,0.005293598921335639,0.9727193183369107,0.0018182761126218352,0.885748385058509,0.005282205866831398,0.3360216352674696,0.03001646191657627,0.8853583455085754,0.00613415594157731,0.8864681892924838,0.005022442881599695,,,,,,,,,,,,,,,,,,,,,,,,,,,,,,,,,,,,,,,,,,,,,,,,,,,,,,,,,45
cocitation_pubmed,gin,graph,,,,256.0,0.25,0.01,0.0001,1.0,0.6388055013285743,0.23392206600938092,0.781190405289332,0.20064852610850256,0.5312811861435572,0.3338795954365352,0.8641637663046519,0.557160096217331,0.5043986817200978,0.3618659763269043,0.6008118755287595,0.26358978382702997,0.640670860475964,0.23280800744673477,0.7802160878976186,0.20188821228625534,0.5326321866777208,0.33408020909535513,0.8624021152655283,0.5574126451532694,0.5059516701433394,0.3622819293154538,0.6015772124131521,0.26404131607886233,,,,,,,,,,,,,,,,,,,,,,,,,,,,,,,,,,,,,,,,,,,,,,,,,,,,,,,,,45
cocitation_pubmed,gin,graph,,,,256.0,0.5,0.001,0.0001,1.0,0.8871038993199666,0.004572902930479575,0.9728003356191847,0.0019119611203221281,0.8834879067209032,0.004414442223420006,0.34904891186290316,0.028405297317780215,0.8811837010913425,0.004940222821339963,0.8863420671886868,0.0050118694083410645,0.8890557063950433,0.005392927448603341,0.973126945230696,0.001670540707619642,0.8856939991315206,0.005376922606559443,0.3428296056058671,0.026972456694060426,0.8845249891281128,0.006399061492114979,0.8872595098283556,0.004751144239835239,,,,,,,,,,,,,,,,,,,,,,,,,,,,,,,,,,,,,,,,,,,,,,,,,,,,,,,,,45
cocitation_pubmed,gin,graph,,,,256.0,0.5,0.01,0.0001,1.0,0.6291593425803714,0.2344920035414011,0.7784915235307481,0.20528956891890301,0.51717050075531,0.33437923755150134,0.8763192898697323,0.5463970877852429,0.4873510181903839,0.3627896128393184,0.5899830685721503,0.26389077444974407,0.631396946642134,0.23383414294269583,0.7778230329354604,0.20709011909509922,0.5187642421987322,0.335026668962395,0.8735302832391527,0.5460639020416712,0.48917354974481797,0.3636767004838244,0.5908421648873223,0.26484205724801574,,,,,,,,,,,,,,,,,,,,,,,,,,,,,,,,,,,,,,,,,,,,,,,,,,,,,,,,,45
mantra_betti_numbers,gat,graph,,,,128.0,0.25,0.001,0.0,128.0,,,,,,,0.565031822770834,0.20937181449998601,,,,,,,,,,,0.565250726044178,0.209624423591738,,,,,,,,,,,,,0.9999466821551323,7.239366161640681e-05,0.296492813155055,0.0525182190342924,0.9207231998443604,0.0,0.7999866679310799,0.24808600568410868,0.06685464493930336,0.010370115686820142,0.4793627858161926,0.0,0.8,0.2480694691784169,0.06871640179306264,0.025974709808723705,0.4603615999221802,0.0,0.7999733410775661,0.24810253593907622,0.1436990465968847,0.0010439587364302325,0.5,0.0,0.9999675393104553,4.480000777451928e-05,0.2963305499404668,0.05236244201585802,0.9208159446716306,0.0,0.8249918848276139,0.24153414577176763,0.0667389208450913,0.01023231455839082,0.47938790917396534,0.0,0.825,0.241522945769824,0.07246258971281345,0.025571937009174123,0.4604079723358153,0.0,0.8249837696552277,0.24154534577371128,0.14362557642161844,0.00093312434391438,0.5,0.0,40
mantra_betti_numbers,gat,graph,,,,128.0,0.25,0.001,0.0,256.0,,,,,,,0.5566061660647392,0.19350521996781023,,,,,,,,,,,0.5569959275424481,0.19415557068720615,,,,,,,,,,,,,0.9999350905418396,8.957881795245422e-05,0.29638154767453667,0.052384500731979956,0.9207231998443604,0.0,0.7874837696552277,0.2503394268863884,0.06675358600914474,0.010199084472332587,0.4793627858161926,0.0,0.7875,0.25032030762656154,0.07000602954067285,0.024015999672462464,0.4603615999221802,0.0,0.7874675452709198,0.2503585396681717,0.14365039840340613,0.000996698896767473,0.5,0.0,0.9999652221798897,5.008333346559136e-05,0.296230874210596,0.052258822784739846,0.9208159446716306,0.0,0.8249913051724433,0.24153494579840365,0.06664032367989416,0.010086702432616435,0.47938790917396534,0.0,0.825,0.24152294576982397,0.0705385056789964,0.02423823695912226,0.4604079723358153,0.0,0.8249826110899449,0.2415469448515585,0.1435828913003206,0.0008896879806423401,0.5,0.0,40
mantra_betti_numbers,gat,graph,,,,128.0,0.25,0.001,0.0001,128.0,,,,,,,0.5315220408141613,0.15361238467700508,,,,,,,,,,,0.5316600687801838,0.15369714793932363,,,,,,,,,,,,,0.9999466791749001,7.239728287796705e-05,0.3035187758505344,0.04576819520788165,0.9207231998443604,0.0,0.7874866679310799,0.2503360126713083,0.06815362917259332,0.0090501954486343,0.4793627858161926,0.0,0.7875,0.25032030762656154,0.07191663398407394,0.02473067985844878,0.4603615999221802,0.0,0.78747333958745,0.25035171365101405,0.14372774139046668,0.001078394837260122,0.5,0.0,0.9999652221798897,5.008333346560841e-05,0.3033472411334514,0.04564049398935603,0.9208159446716306,0.0,0.8249913051724433,0.24153494579840368,0.0680378176271915,0.008925249558681226,0.47938790917396534,0.0,0.825,0.241522945769824,0.07309518847614523,0.02411915721428947,0.4604079723358153,0.0,0.8249826110899449,0.24154694485155853,0.1436490152031183,0.0009775241228135037,0.5,0.0,40
mantra_betti_numbers,gat,graph,,,,128.0,0.25,0.001,0.0001,256.0,,,,,,,0.5186252817511559,0.1287340489315922,,,,,,,,,,,0.5189505539834499,0.12904699271232953,,,,,,,,,,,,,0.9999304562807083,0.00010232684970885977,0.30981455557048315,0.03640376463066765,0.9207231998443604,0.0,0.7874826103448868,0.2503407927259494,0.06896842764690515,0.007262204483037798,0.4793627858161926,0.0,0.7875,0.25032030762656154,0.07189120561815794,0.020605993438137273,0.4603615999221802,0.0,0.7874652281403541,0.2503612699865577,0.14355289340019223,0.0009808041856658458,0.5,0.0,0.9999559491872787,6.295481558965421e-05,0.3096476554870605,0.03632023877035008,0.9208159446716306,0.0,0.7999889865517616,0.24808312980299227,0.06883434737101192,0.007158080474331657,0.47938790917396534,0.0,0.8,0.24806946917841693,0.0716291777323931,0.02217352287137131,0.4604079723358153,0.0,0.7999779745936394,0.2480967888254717,0.14347732700407503,0.0008651867959497255,0.5,0.0,40
mantra_betti_numbers,gat,graph,,,,128.0,0.25,0.01,0.0,128.0,,,,,,,0.4375826764751125,0.024196928835486638,,,,,,,,,,,0.43732738494873047,0.023878901862831772,,,,,,,,,,,,,0.9999523855544425,7.450095599800841e-05,0.32349484433998926,0.002909522420042525,0.9207231998443604,0.0,0.8378259314073099,0.2373069215339891,0.07311888623076514,0.0021352500131523303,0.4793627858161926,0.0,0.8378378378378378,0.23728949893812473,0.08325527437232631,0.023468493747782326,0.4603615999221802,0.0,0.8378140306150591,0.23732433606248807,0.14436975161771515,0.00107866253829656,0.5,0.0,0.9999774404474207,4.034018213318042e-05,0.32326429357399805,0.003066776168197575,0.9208159446716306,0.0,0.8783727384902336,0.21748950314595333,0.07296733739408282,0.0020826746203441112,0.47938790917396534,0.0,0.8783783783783784,0.21747941810042,0.08307874182591564,0.02282100486773055,0.4604079723358153,0.0,0.8783670986020887,0.21749958819148665,0.14425740572246346,0.0010241086473442886,0.5,0.0,37
mantra_betti_numbers,gat,graph,,,,128.0,0.25,0.01,0.0,256.0,,,,,,,0.43500298181095637,0.02002533643108382,,,,,,,,,,,0.43487212545162923,0.020161385481008477,,,,,,,,,,,,,0.999939855691549,7.944719568999816e-05,0.3232968707342405,0.002270402961266176,0.8979763926283734,0.13836342661732307,0.7972822575955778,0.24888979139468542,0.0737166475202586,0.0017166664868037648,0.46838796400540583,0.06675723488735355,0.7972972972972973,0.24887132606416704,0.08832413370947576,0.02011721587583023,0.44898839456004064,0.0691805074262091,0.7972672251430718,0.24890824804028377,0.14464844320271464,0.0009106781308362015,0.49996838940156474,0.00019227976372238317,0.9999724272135142,4.297546661880653e-05,0.32297610753291356,0.0024582175204721523,0.8980641248258383,0.13839391725408146,0.8513444581547299,0.23169733967806258,0.07348877574140955,0.001667141276983954,0.4684109937500308,0.06676996983896152,0.8513513513513513,0.2316865958114079,0.08745202734260941,0.020008625620287095,0.4524095831690607,0.04865230192627835,0.8513375649581084,0.2317080835447173,0.14449997810093132,0.0008640623034422681,0.49995388936352086,0.00028048005182354074,37
mantra_betti_numbers,gat,graph,,,,128.0,0.25,0.01,0.0001,128.0,,,,,,,0.4368122711777687,0.018702476627837576,,,,,,,,,,,0.4367495268583298,0.018622858904036727,,,,,,,,,,,,,0.9999582737684249,6.94801765275388e-05,0.3234376452863216,0.0032277752932714254,0.9207231998443604,0.0,0.8499895662069321,0.23206388145593337,0.07275634128600357,0.002261728776229821,0.4793627858161926,0.0,0.85,0.23204774044612858,0.08049989929422732,0.02324179058735257,0.4603615999221802,0.0,0.8499791368842124,0.23208001572789422,0.14420199692249297,0.0011092363978981409,0.5,0.0,0.9999814510345459,3.7570535068036944e-05,0.3231641165912151,0.003388331667514321,0.9208159446716306,0.0,0.8999953627586365,0.20255726605050037,0.07255172505974763,0.0021513653032283818,0.47938790917396534,0.0,0.9,0.2025478734167333,0.07908406527712938,0.023108752337377515,0.4604079723358153,0.0,0.899990725517273,0.20256665868426738,0.14406998828053472,0.0010294716787628163,0.5,0.0,40
mantra_betti_numbers,gat,graph,,,,128.0,0.25,0.01,0.0001,256.0,,,,,,,0.43422839492559434,0.013663638875173835,,,,,,,,,,,0.43391191214323044,0.013857782841989602,,,,,,,,,,,,,0.9999350935220719,7.912045715027446e-05,0.32309225797653196,0.002862561666703571,0.9207231998443604,0.0,0.7749837696552276,0.25193390885731126,0.07314119786024091,0.0020991556802897678,0.4793627858161926,0.0,0.775,0.2519157368278895,0.0842135936953127,0.021273403685368068,0.4603615999221802,0.0,0.774967546761036,0.25195207278739185,0.14438931643962857,0.0010226911373451256,0.5,0.0,0.9999698594212532,4.874416645084285e-05,0.3227283269166946,0.003024162505768816,0.9208159446716306,0.0,0.8499924644827843,0.23205939780497414,0.07286614831537003,0.0019755512179033654,0.47938790917396534,0.0,0.85,0.23204774044612855,0.08289577886462209,0.02072019726015789,0.4604079723358153,0.0,0.8499849297106266,0.23207105406553194,0.14422079138457775,0.0009371956736212635,0.5,0.0,40
mantra_betti_numbers,gat,graph,,,,128.0,0.5,0.001,0.0,128.0,,,,,,,0.9187499046325683,0.5808189261272827,,,,,,,,,,,0.9194467835128307,0.5813555659597195,,,,,,,,,,,,,0.9999420449137688,9.316588382835064e-05,0.2227607790380716,0.10048797593222623,0.9207231998443604,0.0,0.799985508620739,0.2480874439649937,0.051734836888499516,0.021453262740042733,0.4793627858161926,0.0,0.8,0.2480694691784169,0.04658817379386158,0.030894382081047063,0.4603615999221802,0.0,0.7999710224568843,0.24810541316677676,0.14340045191347597,0.0008533500760730705,0.5,0.0,0.9999698594212532,5.7078244239549475e-05,0.2227190546225756,0.10041010642209561,0.9208159446716306,0.0,0.8624924644827843,0.2261136847003668,0.05170949667226519,0.021391546170289124,0.47938790917396534,0.0,0.8625,0.22610129338815133,0.049787595408270095,0.031787383502230857,0.4604079723358153,0.0,0.8624849297106266,0.22612607500880424,0.14338558763265608,0.0007816614099388275,0.5,0.0,40
mantra_betti_numbers,gat,graph,,,,128.0,0.5,0.001,0.0,256.0,,,,,,,0.7878751568496227,0.39363677590231877,,,,,,,,,,,0.7888874933123589,0.39386470287059205,,,,,,,,,,,,,0.9999397292733192,8.279794538450324e-05,0.24799026306718583,0.08512247099685685,0.9207231998443604,0.0,0.7999849289655685,0.24808816265571862,0.05780425538541746,0.01815771144947935,0.4793627858161926,0.0,0.8,0.24806946917841688,0.059302138356724696,0.033554368535887134,0.4603615999221802,0.0,0.7999698646366596,0.24810684813465989,0.1437850087881088,0.0010316058350848742,0.5,0.0,0.9999698579311371,4.399273430600262e-05,0.24784191087819632,0.0849337752942146,0.9208159446716306,0.0,0.8374924644827842,0.23718182269620497,0.05770612257765602,0.0180206351556154,0.47938790917396534,0.0,0.8375,0.23717082451262847,0.057885777542833194,0.03242850990751674,0.4604079723358153,0.0,0.8374849289655686,0.23719282087978147,0.14372192509472367,0.0009337397639384266,0.5,0.0,40
mantra_betti_numbers,gat,graph,,,,128.0,0.5,0.001,0.0001,128.0,,,,,,,0.8923252038657665,0.5591511088957128,,,,,,,,,,,0.8931549765169621,0.5600394746117942,,,,,,,,,,,,,0.9999536335468292,6.299420613523537e-05,0.22950394116342063,0.1022886762779577,0.9207231998443604,0.0,0.7999884068965912,0.24808384873680725,0.05297308702720325,0.021864875431393718,0.4793627858161926,0.0,0.8,0.2480694691784169,0.048037914867745654,0.03190546934334079,0.4603615999221802,0.0,0.7999768167734146,0.24809822476491977,0.1434197127819061,0.0009000218629970372,0.5,0.0,0.9999744951725006,4.193945080179865e-05,0.22940890113823112,0.10218793876244218,0.9208159446716306,0.0,0.8624936237931251,0.22611177825085177,0.05290947164176026,0.02178193218027073,0.47938790917396534,0.0,0.8625,0.22610129338815133,0.05092340681003403,0.032738582097360615,0.4604079723358153,0.0,0.8624872475862503,0.2261222631135523,0.14338054470717904,0.0008068599250466181,0.5,0.0,40
mantra_betti_numbers,gat,graph,,,,128.0,0.5,0.001,0.0001,256.0,,,,,,,0.7820368349552155,0.38645104579758616,,,,,,,,,,,0.7830965064466,0.38691801415616245,,,,,,,,,,,,,0.9999420464038848,7.47892906768837e-05,0.24801344331353897,0.0851045820754718,0.9207231998443604,0.0,0.787485508620739,0.2503373782679424,0.057839464780408856,0.018132254279410714,0.4793627858161926,0.0,0.7875,0.25032030762656154,0.059506252832943515,0.033372157320578015,0.4603615999221802,0.0,0.7874710232019424,0.2503544421206096,0.14379543922841548,0.0010240654707296551,0.5,0.0,0.9999698579311371,4.399273430600262e-05,0.2478697272483259,0.08491234059406216,0.9208159446716306,0.0,0.8374924644827842,0.23718182269620497,0.057744746108073695,0.01799296402517871,0.47938790917396534,0.0,0.8375,0.23717082451262847,0.05818236508639525,0.03222807450469902,0.4604079723358153,0.0,0.8374849289655686,0.23719282087978147,0.14373367987573143,0.0009254972422453125,0.5,0.0,40
mantra_betti_numbers,gat,graph,,,,128.0,0.5,0.01,0.0,128.0,,,,,,,0.5581564791500568,0.16247752133669258,,,,,,,,,,,0.55845597833395,0.1632368570361202,,,,,,,,,,,,,0.9999629050493241,5.475971474706849e-05,0.29301808103919025,0.06110994845265763,0.9207231998443604,0.0,0.8249907255172729,0.24153574582096304,0.06558153708465395,0.011726874085095606,0.4793627858161926,0.0,0.825,0.241522945769824,0.06304511486086989,0.024350878254659602,0.4603615999221802,0.0,0.824981452524662,0.24154854391312025,0.14344794414937495,0.0009413997704022871,0.5,0.0,0.9999791324138642,3.9221978670821056e-05,0.29286045283079143,0.060945773305373256,0.9208159446716306,0.0,0.8874947831034661,0.21146083637779786,0.06545136733911926,0.011563519003356261,0.47938790917396534,0.0,0.8875,0.21145103088313016,0.06033847101498392,0.023962671223324503,0.4604079723358153,0.0,0.8874895662069321,0.2114706418724656,0.1433717057108879,0.0007931929242174243,0.5,0.0,40
mantra_betti_numbers,gat,graph,,,,128.0,0.5,0.01,0.0,256.0,,,,,,,0.5253074876964092,0.13327345366381987,,,,,,,,,,,0.525387417525053,0.1360668626913913,,,,,,,,,,,,,0.9999513164162636,6.635867899597204e-05,0.3074292995035648,0.04175266083927094,0.9207231998443604,0.0,0.7999878272414207,0.2480845677227139,0.068916652072221,0.008329313746086408,0.4793627858161926,0.0,0.8,0.2480694691784169,0.07375152898021037,0.02386829006176442,0.4603615999221802,0.0,0.7999756582081318,0.2480996618368447,0.14374572485685347,0.0010684750075373134,0.5,0.0,0.9999791339039803,4.448559714433573e-05,0.30732266940176484,0.04167821406322337,0.9208159446716306,0.0,0.899994783103466,0.2025584401594942,0.06884214952588077,0.008259099029151304,0.47938790917396534,0.0,0.9,0.2025478734167333,0.07297733118757602,0.02468220197394055,0.4604079723358153,0.0,0.8999895669519902,0.2025690054525426,0.14369327202439305,0.001009595618477981,0.5,0.0,40
mantra_betti_numbers,gat,graph,,,,128.0,0.5,0.01,0.0001,128.0,,,,,,,0.5756939664483071,0.20563645018402774,,,,,,,,,,,0.5757602147758007,0.20577290868554507,,,,,,,,,,,,,0.9999698638916016,6.081030348110293e-05,0.2981432534754276,0.05318832561360451,0.9207231998443604,0.0,0.8874924644827843,0.2114651944478571,0.06718232035636898,0.010328023563131613,0.4793627858161926,0.0,0.8875,0.2114510308831302,0.06857788898050779,0.02721800733107035,0.4603615999221802,0.0,0.8874849319458008,0.21147935255551137,0.1437397092580795,0.0010678235523277945,0.5,0.0,0.9999860882759094,3.353841090131924e-05,0.2979346305131912,0.05305845928118281,0.9208159446716306,0.0,0.9249965220689773,0.18081852727262007,0.06702984711155291,0.01019849626268781,0.47938790917396534,0.0,0.925,0.18081014266989473,0.06844027647748586,0.025830091320231514,0.4604079723358153,0.0,0.9249930441379547,0.18082691187534547,0.1436380613595247,0.000958981742243398,0.5,0.0,40
mantra_betti_numbers,gat,graph,,,,128.0,0.5,0.01,0.0001,256.0,,,,,,,0.5416487343609333,0.1411405060910085,,,,,,,,,,,0.5421487733721733,0.14351883186076225,,,,,,,,,,,,,0.9999466806650161,8.101853313392716e-05,0.30389429852366445,0.045941502797615504,0.9207231998443604,0.0,0.8124866679310798,0.24516260003233908,0.06786077832803127,0.008834060552681449,0.4793627858161926,0.0,0.8125,0.24514516892273006,0.06945659732446069,0.023421501927860973,0.4603615999221802,0.0,0.8124733403325081,0.24518002573129416,0.1435528244823217,0.000998916760164835,0.5,0.0,0.9999675408005715,4.947404243715657e-05,0.3037598509341478,0.04581824899315853,0.9208159446716306,0.0,0.8374918848276138,0.23718266873714997,0.06776078911498185,0.008716227813493847,0.47938790917396534,0.0,0.8375,0.23717082451262847,0.06860269820317622,0.023813376636627994,0.4604079723358153,0.0,0.8374837704002858,0.23719451192775412,0.14348910599946973,0.0008966759940914497,0.5,0.0,40
mantra_betti_numbers,gat,graph,,,,256.0,0.25,0.001,0.0,128.0,,,,,,,0.6782289989292621,0.38269601322477326,,,,,,,,,,,0.6787148624658584,0.38308356823932416,,,,,,,,,,,,,0.9999605864286423,5.5111137441287316e-05,0.2724571147933602,0.083261096187814,0.9207231998443604,0.0,0.8124901458621026,0.24515805267439103,0.06171642133267593,0.017252063497627222,0.4793627858161926,0.0,0.8125,0.24514516892273006,0.06019063030253159,0.029662989181521465,0.4603615999221802,0.0,0.8124802932143211,0.24517093457501357,0.1435524735599756,0.0009897108350396726,0.5,0.0,0.9999768137931824,4.0671297253378756e-05,0.2724200267344713,0.08319245493389132,0.9208159446716306,0.0,0.8749942034482956,0.21927467265107067,0.06169545119628306,0.01718938231862294,0.47938790917396534,0.0,0.875,0.2192645048267573,0.06192813646048303,0.030157762084568305,0.4604079723358153,0.0,0.8749884068965912,0.21928484047538405,0.14353348985314368,0.0009257838984742969,0.5,0.0,40
mantra_betti_numbers,gat,graph,,,,256.0,0.25,0.001,0.0,256.0,,,,,,,0.6406172670423984,0.35670431388589724,,,,,,,,,,,0.6415627650916577,0.35849025725156053,,,,,,,,,,,,,0.9999489963054657,7.556543996409814e-05,0.28607325125485655,0.06996340949674353,0.9207231998443604,0.0,0.7999872475862503,0.24808528681627567,0.06495785559527573,0.014792832462763852,0.4793627858161926,0.0,0.8,0.2480694691784169,0.06961740435799578,0.030335330451663978,0.4603615999221802,0.0,0.7999744981527328,0.24810110118753517,0.14381753914058207,0.0010920671398927044,0.5,0.0,0.9999675393104553,4.480000777451487e-05,0.2858808539807796,0.0698493647279748,0.9208159446716306,0.0,0.8249918848276139,0.24153414577176763,0.06483117855386802,0.014702582594320774,0.47938790917396534,0.0,0.825,0.241522945769824,0.06757031430024649,0.029886866451535363,0.4604079723358153,0.0,0.8249837696552277,0.2415453457737113,0.1437322951853275,0.001002032819207028,0.5,0.0,40
mantra_betti_numbers,gat,graph,,,,256.0,0.25,0.001,0.0001,128.0,,,,,,,0.5862562105059623,0.2716761767652575,,,,,,,,,,,0.5865144595503807,0.272381962890334,,,,,,,,,,,,,0.9999582678079605,5.5360824459415627e-05,0.30112656243145464,0.05012293680036494,0.9207231998443604,0.0,0.7999895662069321,0.2480824107545754,0.06709695672616359,0.009837336301395046,0.4793627858161926,0.0,0.8,0.2480694691784169,0.062246682494878726,0.02611418806994389,0.4603615999221802,0.0,0.7999791339039802,0.2480953505794505,0.14346803314983841,0.0010188441999151214,0.5,0.0,0.9999768137931824,4.0671297253378756e-05,0.30102224908769126,0.050079422421995805,0.9208159446716306,0.0,0.8749942034482956,0.21927467265107067,0.06702067973092193,0.009777687715143505,0.47938790917396534,0.0,0.875,0.2192645048267573,0.06565877697430547,0.02695260314582718,0.4604079723358153,0.0,0.8749884068965912,0.21928484047538405,0.14341267645359038,0.0009250332750238878,0.5,0.0,40
mantra_betti_numbers,gat,graph,,,,256.0,0.25,0.001,0.0001,256.0,,,,,,,0.5784974150359631,0.23299304854997388,,,,,,,,,,,0.5793114334344864,0.23501580836156094,,,,,,,,,,,,,0.9999374106526375,8.236433402810453e-05,0.2935303654521703,0.05551645126941167,0.9207231998443604,0.0,0.7874843493103981,0.25033874396174854,0.06666811276227233,0.011151129149429197,0.4793627858161926,0.0,0.7875,0.2503203076265616,0.07301168409176165,0.026487291698891594,0.4603615999221802,0.0,0.7874687053263187,0.2503571727341239,0.14386603273451326,0.0010764692227745308,0.5,0.0,0.9999791324138642,3.922197867081596e-05,0.29337505809962744,0.055388767465493635,0.9208159446716306,0.0,0.8874947831034661,0.21146083637779786,0.06655812403187152,0.011051093272976122,0.47938790917396534,0.0,0.8875,0.21145103088313016,0.06979812281206246,0.027741180369832467,0.4604079723358153,0.0,0.8874895662069321,0.2114706418724656,0.14379619769752022,0.0010043989015400957,0.5,0.0,40
mantra_betti_numbers,gat,graph,,,,256.0,0.25,0.01,0.0,128.0,,,,,,,0.4325522713363171,0.00990993626383969,,,,,,,,,,,0.43246511816978456,0.009858435262834517,,,,,,,,,,,,,0.9999536365270615,6.963932343918027e-05,0.3239128410816192,0.0028831153277373493,0.9207231998443604,0.0,0.8249884068965911,0.2415389458704349,0.07304319702088831,0.0020614414531630416,0.4793627858161926,0.0,0.825,0.241522945769824,0.08098006816580886,0.024184884231575814,0.4603615999221802,0.0,0.8249768182635308,0.24155493999651856,0.14429523386061188,0.0010879866430029985,0.5,0.0,0.9999884068965912,3.1063216379293976e-05,0.3236879922449588,0.003074174761148674,0.9208159446716306,0.0,0.9374971017241478,0.16747379756836575,0.07288435883820052,0.001987078573928831,0.47938790917396534,0.0,0.9375,0.1674660317642709,0.08007371164858337,0.023728706134091337,0.4604079723358153,0.0,0.9374942034482956,0.16748156337246062,0.14418332166969777,0.001022234793138204,0.5,0.0,40
mantra_betti_numbers,gat,graph,,,,256.0,0.25,0.01,0.0,256.0,,,,,,,0.43598743304610255,0.02142261147153103,,,,,,,,,,,0.4355581521987915,0.02144614843298191,,,,,,,,,,,,,0.9999536335468292,6.299420613522745e-05,0.32312702909111973,0.0023653746782852448,0.9207231998443604,0.0,0.7999884068965912,0.24808384873680728,0.07363781258463857,0.0018288876930951479,0.4793627858161926,0.0,0.8,0.2480694691784169,0.08851327998563643,0.02013773311194569,0.4603615999221802,0.0,0.7999768167734146,0.2480982247649198,0.14462971948087214,0.0009267041164206581,0.5,0.0,0.9999791324138642,3.922197867080712e-05,0.3227167382836341,0.0025497588318807557,0.9208159446716306,0.0,0.8874947831034661,0.21146083637779786,0.07334588579833502,0.0017422931266733578,0.47938790917396534,0.0,0.8875,0.21145103088313016,0.08743266183882949,0.01882729030361142,0.4604079723358153,0.0,0.8874895662069321,0.21147064187246561,0.14444260857999322,0.0008624939678108054,0.5,0.0,40
mantra_betti_numbers,gat,graph,,,,256.0,0.25,0.01,0.0001,128.0,,,,,,,0.4459682837128639,0.0466009971439608,,,,,,,,,,,0.4457761637866497,0.0462563150786922,,,,,,,,,,,,,0.9999675437808037,5.769715086868001e-05,0.3230296708643436,0.003210189086632372,0.9207231998443604,0.0,0.8624918848276139,0.22611463782536603,0.07279430590569971,0.002321409231280856,0.4793627858161926,0.0,0.8625,0.22610129338815133,0.08203860605135556,0.023196635665102567,0.4603615999221802,0.0,0.8624837718904018,0.22612797871977322,0.14425014704465863,0.00109905530869627,0.5,0.0,0.9999860882759094,3.353841090132043e-05,0.32274455353617665,0.003298851656201266,0.9208159446716306,0.0,0.9249965220689773,0.18081852727262007,0.07258503101766103,0.0021597968480470218,0.47938790917396534,0.0,0.925,0.18081014266989473,0.08194265728816388,0.021341845923485283,0.4604079723358153,0.0,0.9249930441379547,0.18082691187534541,0.14411522671580312,0.000997712904138617,0.5,0.0,40
mantra_betti_numbers,gat,graph,,,,256.0,0.25,0.01,0.0001,256.0,,,,,,,0.4348365418612957,0.014879749223162438,,,,,,,,,,,0.43452300503849983,0.014559858352450586,,,,,,,,,,,,,0.9999605849385261,5.0956609331116554e-05,0.32303662523627275,0.0027613540360887936,0.9207231998443604,0.0,0.7999901458621025,0.24808169175825015,0.07328303549438712,0.00211445984347305,0.4793627858161926,0.0,0.8,0.2480694691784169,0.08669751444831486,0.02080094783277945,0.4603615999221802,0.0,0.799980292469263,0.24809391346590565,0.14447823166847226,0.001026471123800678,0.5,0.0,0.9999744951725006,4.193945080178619e-05,0.3227770067751407,0.002861064327431773,0.9208159446716306,0.0,0.8624936237931251,0.22611177825085177,0.07311241757124656,0.0020356456572401573,0.47938790917396534,0.0,0.8625,0.22610129338815127,0.08522793911397454,0.02088085231185181,0.4604079723358153,0.0,0.8624872475862503,0.22612226311355224,0.14435599520802497,0.0009644297204387816,0.5,0.0,40
mantra_betti_numbers,gat,graph,,,,256.0,0.5,0.001,0.0,128.0,,,,,,,1.5876836125787936,1.5249353147704376,,,,,,,,,,,1.5890120550205833,1.526164383394424,,,,,,,,,,,,,0.9999682715064601,4.4590127777413994e-05,0.1880755434057822,0.13380814658898194,0.9207231998443604,0.0,0.8289394362976676,0.24040260164191027,0.04375119154811771,0.03017386284869389,0.4793627858161926,0.0,0.8289473684210527,0.24039145410996593,0.04422838666294788,0.039864450103765645,0.4603615999221802,0.0,0.8289315041742826,0.2404137491738547,0.14359616684286217,0.0010348771801058987,0.5,0.0,0.9999829154265555,3.643568202316075e-05,0.18792914157721063,0.13366652136911614,0.9208159446716306,0.0,0.9078904656987441,0.19643883495210163,0.04364549860589532,0.030081780914838062,0.47938790917396534,0.0,0.9078947368421053,0.1964297260315958,0.0439540130837964,0.03961218473680792,0.4604079723358153,0.0,0.907886194555383,0.19644794387260742,0.14352758699341825,0.0009589183762728752,0.5,0.0,40
mantra_betti_numbers,gat,graph,,,,256.0,0.5,0.001,0.0,256.0,,,,,,,1.6041439022336688,1.5545804228306652,,,,,,,,,,,1.607110310452325,1.5589662143041523,,,,,,,,,,,,,0.9999682034764971,5.000431496626207e-05,0.19391482750486044,0.13596892681582576,0.9207231998443604,0.0,0.8428491933005197,0.23551602170976443,0.04493249831721183,0.030573701563951384,0.4793627858161926,0.0,0.8428571428571429,0.23550410797680282,0.046764657016319634,0.040793994385392975,0.4603615999221802,0.0,0.8428412445953914,0.23552793422749296,0.14362687000206537,0.0010386771432168314,0.5,0.0,0.9999867507389614,3.2927734061585685e-05,0.1937479308290806,0.1358167709126104,0.9208159446716306,0.0,0.9285681162561689,0.17752613255769698,0.0448007152985415,0.03045400347650458,0.47938790917396534,0.0,0.9285714285714286,0.17751790062418157,0.04499790576852055,0.03944284682563714,0.4604079723358153,0.0,0.9285648039409092,0.1775343644912124,0.14355020565646034,0.0009411533515986498,0.5,0.0,40
mantra_betti_numbers,gat,graph,,,,256.0,0.5,0.001,0.0001,128.0,,,,,,,1.6079645107189815,1.8825340128578332,,,,,,,,,,,1.6090944906075795,1.8833019424468502,,,,,,,,,,,,,0.9999742375479804,4.212996498185609e-05,0.20383248438075594,0.14271227902540684,0.9207231998443604,0.0,0.8611046704981062,0.22713891378099443,0.046816003404981286,0.03205772529912758,0.4793627858161926,0.0,0.8611111111111112,0.22712838128974897,0.05250037962751872,0.04320527902079084,0.4603615999221802,0.0,0.8610982298851013,0.22714944627223993,0.1437520095043712,0.0011217360868001078,0.5,0.0,0.9999871187739902,3.252896709990691e-05,0.2036212856198997,0.1425469412508429,0.9208159446716306,0.0,0.9305523352490531,0.1753762258448254,0.04667617445253801,0.031948327090065676,0.47938790917396534,0.0,0.9305555555555556,0.17536809360305045,0.05219033151499586,0.042586371048000636,0.4604079723358153,0.0,0.9305491149425507,0.1753843580866004,0.14365891615549722,0.0010314046715158912,0.5,0.0,40
mantra_betti_numbers,gat,graph,,,,256.0,0.5,0.001,0.0001,256.0,,,,,,,1.5499084097998483,1.6346595773594033,,,,,,,,,,,1.5528645498411997,1.6375977101577428,,,,,,,,,,,,,0.9999629071780614,6.0344604446904614e-05,0.20232863065653608,0.13425640476286108,0.9207231998443604,0.0,0.8428478683744158,0.23551800736956136,0.046437611034655504,0.02985892025600172,0.4793627858161926,0.0,0.8428571428571429,0.23550410797680282,0.04678203271801711,0.03923439881321195,0.4603615999221802,0.0,0.8428385964461735,0.2355319030800945,0.14350992483752115,0.0010043479348437719,0.5,0.0,0.9999814510345459,3.7639535190581844e-05,0.2021564341699039,0.13410856339611285,0.9208159446716306,0.0,0.8999953627586365,0.20292927236215458,0.046296753262036555,0.029743145283404097,0.47938790917396534,0.0,0.9,0.20291986247835694,0.04408928342600116,0.037073315036966155,0.4604079723358153,0.0,0.899990725517273,0.2029386822459523,0.143427774310112,0.0008954145333300088,0.5,0.0,35
mantra_betti_numbers,gat,graph,,,,256.0,0.5,0.01,0.0,128.0,,,,,,,0.46543078124523163,0.055308720784792376,,,,,,,,,,,0.4652448259294033,0.05550190751385836,,,,,,,,,,,,,0.9999536350369453,6.639994495564806e-05,0.3240356974303722,0.0038891986341725113,0.9207231998443604,0.0,0.8124884068965912,0.24516032631400694,0.07176150660961864,0.0021787369055777574,0.4793627858161926,0.0,0.8125,0.24514516892273006,0.06956503661349409,0.023027232040170015,0.4603615999221802,0.0,0.8124768175184727,0.24517547902160539,0.14367951080203054,0.0010575224746561408,0.5,0.0,0.9999768182635307,6.884248329358049e-05,0.32382011786103243,0.0040691752688211714,0.9208159446716306,0.0,0.9249942034482956,0.18082411728728837,0.07155785597860807,0.001949683641366975,0.47938790917396534,0.0,0.925,0.18081014266989473,0.0689204294234514,0.022161334558070338,0.4604079723358153,0.0,0.9249884091317654,0.18083808707409005,0.14356230385601518,0.0009183159068054655,0.5,0.0,40
mantra_betti_numbers,gat,graph,,,,256.0,0.5,0.01,0.0,256.0,,,,,,,0.46768171787261964,0.08822275615158222,,,,,,,,,,,0.46729305759072304,0.08872597555924261,,,,,,,,,,,,,0.9999605879187584,5.8973713644828656e-05,0.31987250894308084,0.022190443335757898,0.9207231998443604,0.0,0.8249901458621025,0.24153654583944587,0.07190488902851935,0.004808187953861457,0.4793627858161926,0.0,0.825,0.24152294576982397,0.07811513543128962,0.02459868983625291,0.4603615999221802,0.0,0.8249802939593792,0.24155014295839683,0.14410845935344693,0.0011288786481751893,0.5,0.0,0.9999768137931824,4.067129725337758e-05,0.31966388523578637,0.022175387463843385,0.9208159446716306,0.0,0.8749942034482956,0.21927467265107067,0.07176282759755845,0.004740882434470569,0.47938790917396534,0.0,0.875,0.2192645048267573,0.0767628341913223,0.0243365851744983,0.4604079723358153,0.0,0.8749884068965912,0.21928484047538402,0.14400472752749918,0.0010526917713618506,0.5,0.0,40
mantra_betti_numbers,gat,graph,,,,256.0,0.5,0.01,0.0001,128.0,,,,,,,0.5368921414017678,0.25772513838640915,,,,,,,,,,,0.536670783907175,0.25788970249136134,,,,,,,,,,,,,0.9999536350369453,6.639994495565157e-05,0.312899861857295,0.037430804035834354,0.9207231998443604,0.0,0.8124884068965912,0.24516032631400694,0.06967453416436907,0.007509559419764621,0.4793627858161926,0.0,0.8125,0.24514516892273006,0.06886771121062332,0.025297645115495627,0.4603615999221802,0.0,0.8124768175184727,0.24517547902160536,0.14365710243582724,0.0010622327643517958,0.5,0.0,0.9999837711453438,4.140397893472999e-05,0.31276773214340203,0.03738413349776641,0.9208159446716306,0.0,0.9249959424138069,0.18081992473817177,0.06956167314201588,0.007428233699083958,0.47938790917396534,0.0,0.925,0.18081014266989473,0.06828031348995861,0.024722064977971275,0.4604079723358153,0.0,0.9249918855726719,0.18082970507361967,0.1435795351862907,0.0009704230561745543,0.5,0.0,40
mantra_betti_numbers,gat,graph,,,,256.0,0.5,0.01,0.0001,256.0,,,,,,,0.5049095563590527,0.1786537096390157,,,,,,,,,,,0.5045945569872856,0.17786977469629803,,,,,,,,,,,,,0.9999304577708245,0.000132382164106133,0.319339358434081,0.022292010791139707,0.9207231998443604,0.0,0.8124826095998288,0.24516790702436067,0.07061234377324578,0.004613544776787607,0.4793627858161926,0.0,0.8125,0.24514516892273003,0.06819035736843938,0.022333783217632144,0.4603615999221802,0.0,0.8124652288854122,0.24519063481999268,0.14354035966098305,0.0010026226224095717,0.5,0.0,0.9999420434236527,0.00023446638537954725,0.31925822570919987,0.022260945151000498,0.9208159446716306,0.0,0.8749855041503907,0.21928993860019697,0.07053723661229008,0.004529225892199073,0.47938790917396534,0.0,0.875,0.2192645048267573,0.06798671623691913,0.022276420807100638,0.4604079723358153,0.0,0.8749710217118263,0.21931536154917963,0.14348942562937733,0.0009280403843817004,0.5,0.0,40
mantra_betti_numbers,gcn,graph,,,,128.0,0.25,0.001,0.0001,128.0,,,,,,,0.36771217259493744,0.08816564603780495,,,,,,,,,,,0.36750713939016516,0.08878098994996633,,,,,,,,,,,,,0.999949417331002,6.768248984358534e-05,0.3796097284013575,0.054362111942210585,0.9207126633687452,6.989107245580958e-05,0.7840782620690085,0.2505426586815795,0.12020807916467836,0.04344587170247475,0.47946448082273657,0.000674568359517971,0.7840909090909091,0.2505279836926562,0.16242410352622916,0.10369494768318972,0.4638612365180796,0.023213962982389924,0.78406561775641,0.2505573308098993,0.17391554875807325,0.026964335711424346,0.5000428638674996,0.00028432673111943165,0.9999768151478334,4.527617731670655e-05,0.37960972636938095,0.05460979527603442,0.9208138368346472,1.3981808786440958e-05,0.886357839811932,0.21196836480105,0.12027256461707024,0.043500866734410774,0.47944016280499363,0.0003466113761088489,0.8863636363636364,0.21195755289286064,0.16137754824012515,0.10292925790859588,0.4649551185694607,0.030162355847758733,0.8863520439375531,0.2119791754988159,0.17399900982325722,0.02700701274806772,0.5000231794335626,0.00015375496795983252,44
mantra_betti_numbers,gcn,graph,,,,128.0,0.25,0.001,0.0001,256.0,,,,,,,0.39673328068521285,0.09714251399444537,,,,,,,,,,,0.3968771583504147,0.09792574450828942,,,,,,,,,,,,,0.9999546647071839,7.023468999812846e-05,0.3657095750172933,0.05858927588005201,0.9207252608405219,1.3825582555855559e-05,0.8222108867433336,0.24206059159926382,0.1095860491196314,0.04741108743276217,0.47941505577829147,0.0003506375653031937,0.8222222222222222,0.24204515815413163,0.15511777549982067,0.11081680130652437,0.4677708228429159,0.04970257833364353,0.8221995545758142,0.24207602082561708,0.16720223426818845,0.029129973100190325,0.5000248710314433,0.0001668399509331025,0.9999793900383843,3.8993401700927836e-05,0.36503373914294773,0.05718653394893136,0.9208138836754691,1.382558255585971e-05,0.888883736398485,0.21022848964605564,0.10953633834918336,0.04705862740970823,0.47946464684274454,0.0005147719314752231,0.8888888888888888,0.2102187412956304,0.15117798712518477,0.1047505523140107,0.4651723980903625,0.03196073958275427,0.888878583908081,0.21023823799648095,0.16701777312490673,0.02866658057861778,0.5000345561239454,0.00023180952654278174,46
mantra_betti_numbers,gcn,graph,,,,128.0,0.25,0.01,0.0001,128.0,,,,,,,0.3208824292841283,0.08624426917777292,,,,,,,,,,,0.32043585756962945,0.08640257244443393,,,,,,,,,,,,,0.9999915700067173,3.357070246735782e-05,0.4281704405492002,0.098100079054609,0.9207253076813438,1.3981808786444337e-05,0.9659069830721075,0.1274937354329722,0.17786865258081389,0.1100623743337857,0.4793898619034074,0.00017960244416438892,0.9659090909090909,0.12748585296467638,0.19560321776027026,0.13533319738705749,0.47172620621594513,0.0753842699330599,0.9659048759124496,0.12750161543355054,0.21458678828044367,0.08233244203051085,0.5000132904811339,8.81590784088545e-05,1.0,0.0,0.42712099985642865,0.09723048760478961,0.9208159446716307,0.0,1.0,0.0,0.17792343297465277,0.11010278833362405,0.4793879091739654,0.0,1.0,0.0,0.1946997578171166,0.134301562574263,0.4604079723358154,0.0,1.0,0.0,0.2145096422596411,0.08202435033160338,0.5,0.0,44
mantra_betti_numbers,gcn,graph,,,,128.0,0.25,0.01,0.0001,256.0,,,,,,,0.3239623392847451,0.06744529226355153,,,,,,,,,,,0.3238557401028546,0.06741739922106359,,,,,,,,,,,,,0.9999768165024844,4.94929986114048e-05,0.41425380449403415,0.057125562160548635,0.9207274155183272,2.7963617572957867e-05,0.8977214761755683,0.20402779183512204,0.15863663872534575,0.073255941534801,0.4794168770313263,0.00035880053010554116,0.8977272727272727,0.20401622867919605,0.1734818728979338,0.1010046292509337,0.4717271775007248,0.07539071270741712,0.897715680978515,0.2040393523838208,0.199015066366304,0.048303626536411286,0.5000265809622678,0.00017631815681769171,0.9999873529780995,3.2195602307851454e-05,0.4121317497708581,0.05572435280512813,0.9208180525086141,1.3981808786494927e-05,0.9318150200627067,0.1735789274899641,0.15765853327783666,0.07249699417185013,0.479415017095479,0.00017981360901433004,0.9318181818181818,0.17357087858938713,0.16905707154761657,0.0971036723013269,0.47177257862958033,0.07538426993305988,0.9318118583072316,0.17358697639054105,0.19810127974911165,0.04760523895934973,0.5000133067369461,8.826690726838882e-05,44
mantra_betti_numbers,gcn,graph,,,,128.0,0.5,0.001,0.0001,128.0,,,,,,,0.6828613519668579,0.349183917265759,,,,,,,,,,,0.6833023038175371,0.34949344387415426,,,,,,,,,,,,,0.9999587840504116,5.782642512657601e-05,0.2880379107263353,0.09215001597416524,0.9207231998443604,0.0,0.8111008061303033,0.24516844826595524,0.08430647899707154,0.037771094713306905,0.4793627858161926,0.0,0.8111111111111111,0.24515507357795008,0.07468144459029034,0.0416474641526881,0.4603615999221802,0.0,0.8110905031363169,0.24518182049809906,0.15927897095680235,0.020682623602325145,0.5,0.0,0.9999855730268691,3.399365949584325e-05,0.28756606413258445,0.09142485401905072,0.9208159446716307,0.0,0.9222186154789395,0.18327294828406868,0.08408839777112002,0.03734351255913693,0.4793879091739654,0.0,0.9222222222222223,0.1832644498691947,0.07281550711227784,0.04080919163487129,0.4604079723358154,0.0,0.9222150087356568,0.18328144669894272,0.1589987791246838,0.02007214025239962,0.5,0.0,45
mantra_betti_numbers,gcn,graph,,,,128.0,0.5,0.001,0.0001,256.0,,,,,,,0.724413992298974,0.32863226297501463,,,,,,,,,,,0.725806779993905,0.3297412629319723,,,,,,,,,,,,,0.9999608437220255,6.090106969704931e-05,0.2647112737099329,0.08748337420260677,0.9205439395374722,0.001216733007078451,0.8222124324904547,0.24205848702522903,0.07374482320414645,0.03202877295174819,0.4805541084872352,0.007812021427352504,0.8222222222222222,0.2420451581541316,0.06606783399151427,0.03739114932611879,0.4746766249338786,0.07710614472679261,0.822202644083235,0.2420718143165723,0.15329430037074615,0.015387525444165565,0.5006033658981324,0.003959305530617871,0.9999793900383843,3.8993401700935954e-05,0.26479575468434224,0.08757173631120035,0.9206758326954311,0.0009120479661438546,0.888883736398485,0.21022848964605564,0.07370768189430232,0.03199783444632013,0.48086807529131564,0.009936924110818326,0.8888888888888888,0.21021874129563042,0.06308297825356321,0.03715892611867554,0.46429287989934276,0.026061869952814423,0.888878583908081,0.21023823799648095,0.15335371130042605,0.015538211876615252,0.5007920232084062,0.005328427288304355,46
mantra_betti_numbers,gcn,graph,,,,128.0,0.5,0.01,0.0001,128.0,,,,,,,0.3950047661860784,0.13945048348917546,,,,,,,,,,,0.39488143821557364,0.13943390872089045,,,,,,,,,,,,,0.9999793940120273,5.188536727519171e-05,0.3751074019405577,0.0878446742812518,0.9207273218366835,1.9328863860931544e-05,0.9222170697318183,0.1832765905190135,0.13834398016333577,0.09211627387206707,0.4794157346089681,0.000248287703355281,0.9222222222222223,0.1832644498691947,0.1618629613684283,0.12581717260516215,0.4825857188966539,0.10421343282868818,0.9222119192282359,0.18328872660134432,0.18849294715457487,0.062487871368386905,0.5000259902742173,0.00012187370394590514,0.9999896950191922,2.9476241049459002e-05,0.37400710549619465,0.08690939728663218,0.9208180056677923,1.3825582555895537e-05,0.9444418681992425,0.15891780060119443,0.13843948079480062,0.09250348132226119,0.4794144146972232,0.0001778044553508391,0.9444444444444444,0.15891043154093204,0.16169551130798124,0.1257977139162245,0.47152003182305224,0.07454196115044931,0.9444392919540405,0.1589251696614568,0.18843919104999962,0.06255440410417182,0.5000130110316806,8.728065388591333e-05,45
mantra_betti_numbers,gcn,graph,,,,128.0,0.5,0.01,0.0001,256.0,,,,,,,0.410846789015664,0.06175301352968225,,,,,,,,,,,0.41057071023517183,0.0618634861158882,,,,,,,,,,,,,0.9999629060427347,5.7297840489007335e-05,0.3558625664975908,0.04764122079798893,0.9207231998443604,0.0,0.8333240588506062,0.2383789116813768,0.09939589566654625,0.04030184336120428,0.4793627858161926,0.0,0.8333333333333334,0.23836564731139812,0.10417699275745282,0.04490228368476449,0.4603615999221802,0.0,0.8333147863547007,0.23839217333249835,0.16060895621776577,0.02501755243855175,0.5,0.0,0.9999835120307075,3.585939491795247e-05,0.3557162715329064,0.047466618266262334,0.9208159446716307,0.0,0.911106989118788,0.1933318485788699,0.09930525273084637,0.04022903556191079,0.4793879091739654,0.0,0.9111111111111111,0.19332288373014037,0.10625927580727468,0.043121330018137,0.4604079723358154,0.0,0.9111028671264648,0.1933408134275994,0.1605375352833006,0.0249400294060049,0.5,0.0,45
mantra_betti_numbers,gcn,graph,,,,256.0,0.25,0.001,0.0001,128.0,,,,,,,0.34863373239835105,0.10748958425417723,,,,,,,,,,,0.34809767140282527,0.10794729926243232,,,,,,,,,,,,,0.9999505427148607,7.017320735064873e-05,0.38982331454753877,0.06868121189773921,0.9207231998443604,0.0,0.7999876340230306,0.24773216360552577,0.13904728045066195,0.052016182499895994,0.4793627858161926,0.0,0.8,0.24771684715343112,0.18646850635608034,0.10293183907395718,0.4603615999221802,0.0,0.7999752713574304,0.24774747625154578,0.18539816406038068,0.031194529630148786,0.5,0.0,0.999971146053738,4.342121447519005e-05,0.3889043433798684,0.06773984489303923,0.9208159446716307,0.0,0.8444372309578789,0.23410053854057777,0.1390500345991717,0.051849874666978886,0.4793879091739654,0.0,0.8444444444444444,0.23408968323695903,0.18836370532711344,0.10751731590188214,0.4604079723358154,0.0,0.8444300174713135,0.23411139384419663,0.1852190451489554,0.03080643081811475,0.5,0.0,45
mantra_betti_numbers,gcn,graph,,,,256.0,0.25,0.001,0.0001,256.0,,,,,,,0.388657357957628,0.12212339611595655,,,,,,,,,,,0.38873459928565557,0.12316958370381371,,,,,,,,,,,,,0.9999526037110222,7.559199591518448e-05,0.3708648833963606,0.0620244354331924,0.9207231998443604,0.0,0.8110992603831821,0.2451704546446056,0.1238271883792347,0.05600879679037245,0.4793627858161926,0.0,0.8111111111111111,0.24515507357795002,0.15722832025753122,0.10711615293652747,0.4603615999221802,0.0,0.8110874129666222,0.24518583190500542,0.1764000551568137,0.03414586949046783,0.5,0.0,0.9999732070498997,4.2511239404695666e-05,0.3695461796389686,0.06066807470795061,0.9208159446716307,0.0,0.8555488573180304,0.2291945114606274,0.12308907028701567,0.05515728142507846,0.4793879091739654,0.0,0.8555555555555555,0.22918388365077622,0.15542928005258239,0.10467305170801966,0.4604079723358154,0.0,0.8555421590805053,0.2292051392704786,0.17581000460518728,0.03342800191247226,0.5,0.0,45
mantra_betti_numbers,gcn,graph,,,,256.0,0.25,0.01,0.0001,128.0,,,,,,,0.31150529086589807,0.0783255007724835,,,,,,,,,,,0.3110242413149939,0.07842844307468197,,,,,,,,,,,,,0.9999958780076769,1.9328863860928027e-05,0.42640498677889505,0.06407518116431964,0.9207005355093214,0.00016675062459230216,0.977776747279697,0.10420937078596158,0.18806772165828278,0.09133824885807422,0.479558805624644,0.0011471325407241292,0.9777777777777777,0.10420453856999637,0.21211124873823586,0.1196509123765636,0.47447021272447376,0.0767623905599368,0.9777757167816162,0.10421420300192688,0.21764602561791735,0.058942283663877555,0.5000827034314473,0.00047372194526107165,0.9999979390038385,1.3825582555855374e-05,0.42513779666688706,0.06355400458451682,0.9207953400082057,0.00013822028421557495,0.9888883736398485,0.07453905564563194,0.1881238950623406,0.09218766160415245,0.4796820839246113,0.001973384219125216,0.9888888888888889,0.07453559924999298,0.21188609633180827,0.11965335561892744,0.46433916091918936,0.026371214714386255,0.9888878583908081,0.07454251204127094,0.21768730150328738,0.05965098772084332,0.5001315143373277,0.0008822249948420051,45
mantra_betti_numbers,gcn,graph,,,,256.0,0.25,0.01,0.0001,256.0,,,,,,,0.3632860680421193,0.07181395962007044,,,,,,,,,,,0.36258866919411553,0.0719155230404932,,,,,,,,,,,,,0.9999732083744473,4.688024691968349e-05,0.3832421567704942,0.05773739763317048,0.9207231998443604,0.0,0.8666599684291416,0.2236180310608483,0.12287131167120399,0.05185577965747296,0.4793627858161926,0.0,0.8666666666666667,0.22360679774997896,0.14129710255397687,0.07979286022780782,0.4603615999221802,0.0,0.8666532708538903,0.2236292633110024,0.1751217014259762,0.03257877321280717,0.5,0.0,0.9999835120307075,3.585939491794492e-05,0.382415908575058,0.0571585297729336,0.9208159446716307,0.0,0.911106989118788,0.19333184857886984,0.12246291521522729,0.051447850929599845,0.4793879091739654,0.0,0.9111111111111111,0.19332288373014034,0.14446403466992905,0.08284574584458612,0.4604079723358154,0.0,0.9111028671264648,0.19334081342759937,0.1747434897555245,0.03225298923713927,0.5,0.0,45
mantra_betti_numbers,gcn,graph,,,,256.0,0.5,0.001,0.0001,128.0,,,,,,,1.0557951986789704,0.9824515236722061,,,,,,,,,,,1.0567789567841424,0.9846648893107094,,,,,,,,,,,,,0.9999670253859626,4.905403155270292e-05,0.2504301237770252,0.16144739372548766,0.9207231998443604,0.0,0.8333250893486871,0.2383774378317372,0.08248378753228781,0.057731637275587146,0.4793627858161926,0.0,0.8333333333333334,0.23836564731139812,0.07486777300380502,0.06029697156757841,0.4603615999221802,0.0,0.8333168460263146,0.2383892274526072,0.1650753786166509,0.02298912146684624,0.5,0.0,0.9999773290422228,4.0308153400761705e-05,0.24972544102670832,0.1608453866670972,0.9208159446716307,0.0,0.8777721100383334,0.21731682387843848,0.08210804996649834,0.05737713317903549,0.4793879091739654,0.0,0.8777777777777778,0.21730674684008827,0.07484686871596039,0.060419554195625426,0.4604079723358154,0.0,0.8777664422988891,0.21732690091678872,0.16473704940742914,0.022605803454481748,0.5,0.0,45
mantra_betti_numbers,gcn,graph,,,,256.0,0.5,0.001,0.0001,256.0,,,,,,,1.0144454763995276,0.714285075067492,,,,,,,,,,,1.0165295110808479,0.7161343324632159,,,,,,,,,,,,,0.9999690877066718,5.2307133856918055e-05,0.24042857835690176,0.14449137103453022,0.9207231998443604,0.0,0.8555478268199497,0.2291961465534043,0.07461035153311155,0.053879157134925124,0.4793627858161926,0.0,0.8555555555555555,0.22918388365077622,0.07386508314973773,0.07723993051185592,0.4603615999221802,0.0,0.8555400994088914,0.22920840744440224,0.1601932280593448,0.02319259452081617,0.5,0.0,0.9999855730268691,3.399365949584497e-05,0.24038324678937595,0.14421573461000578,0.9208159446716307,0.0,0.9222186154789395,0.18327294828406868,0.07470853743660777,0.0538884666462133,0.4793879091739654,0.0,0.9222222222222223,0.1832644498691947,0.07515856679011547,0.07811994320051965,0.4604079723358154,0.0,0.9222150087356568,0.18328144669894272,0.16025866071383157,0.023095265326335823,0.5,0.0,45
mantra_betti_numbers,gcn,graph,,,,256.0,0.5,0.01,0.0001,128.0,,,,,,,0.3241139027807447,0.08784476906990481,,,,,,,,,,,0.3236456705464257,0.08820759522671814,,,,,,,,,,,,,0.9999855756759644,4.400688613225302e-05,0.417862257692549,0.06718849631059423,0.9207273218366835,1.9328863860925896e-05,0.9444408377011617,0.15892074827142874,0.18106428715917794,0.0912576347629475,0.4794157346089681,0.0002482877033552814,0.9444444444444444,0.15891043154093204,0.210948048863146,0.11911015488939278,0.4825857188966539,0.10421343282868818,0.9444372322824266,0.15893106130521514,0.21256233089499998,0.05858908817596359,0.5000259902742173,0.00012187370394590844,0.9999958780076769,1.9328863860919882e-05,0.4167331185605791,0.06654279540239413,0.9208180056677923,1.3825582555903313e-05,0.977776747279697,0.1042093707859616,0.181506230102645,0.09200925076042875,0.4794144146972232,0.00017780445535083635,0.9777777777777777,0.10420453856999636,0.21292659491300578,0.11994249945748682,0.47152003182305224,0.07454196115044931,0.9777757167816162,0.10421420300192683,0.2127483851379818,0.05914207487462912,0.5000130110316806,8.728065388592551e-05,45
mantra_betti_numbers,gcn,graph,,,,256.0,0.5,0.01,0.0001,256.0,,,,,,,0.3661014719141854,0.069367243511825,,,,,,,,,,,0.36584517823325263,0.06937481474259202,,,,,,,,,,,,,0.9999690903557672,5.9305671911598275e-05,0.3895018782880571,0.061717934317793696,0.920729382832845,3.0632608268317016e-05,0.8777700490421719,0.2173204883275756,0.13265323440233862,0.06824266782029624,0.47944214940071106,0.00039313245896742855,0.8777777777777778,0.21730674684008833,0.14081289089388313,0.08932413578465134,0.48258666859732735,0.10421788626868202,0.8777623229556614,0.2173342252477907,0.18220234612623848,0.04494924974249675,0.5000389854113261,0.0001931468635735732,0.9999814510345459,3.7517129873928215e-05,0.3886653284231822,0.06127418261808531,0.9208138836754691,1.3825582555874114e-05,0.8999953627586365,0.20226933802144112,0.13217993610435058,0.06849429067696368,0.479387350877126,3.7451690535295832e-06,0.9,0.2022599587389726,0.13925235627426039,0.08950354536197135,0.46040789087613415,5.464481537185879e-07,0.899990725517273,0.20227871730390962,0.18184981147448218,0.045230201024856816,0.4999988814194997,7.503666110827687e-06,45
mantra_betti_numbers,gin,graph,,,,128.0,0.25,0.001,0.0001,128.0,,,,,,,0.0469684518873691,0.007983466511127399,,,,,,,,,,,0.046856801046265446,0.007912565402706273,,,,,,,,,,,,,0.999971146053738,4.3421214475194125e-05,0.9274424274762472,0.002345564531167113,0.9239870058165656,0.0035098463314151705,0.8444372309578789,0.23410053854057777,0.8720348238945007,0.0261867499389183,0.5182910203933716,0.04182478921475332,0.8444444444444444,0.23408968323695903,0.9262222051620483,0.04663900483914593,0.715628793504503,0.25254180626794853,0.8444300174713135,0.23411139384419663,0.8658618701828851,0.01918322771577669,0.5207391831609938,0.022298740980798086,0.9999855730268691,3.3993659495832597e-05,0.9275124854511685,0.0019505420211218746,0.9240302854114109,0.003453398079882085,0.9222186154789395,0.1832729482840687,0.8810177458657159,0.029163216399918,0.517880380153656,0.041310849806901535,0.9222222222222223,0.18326444986919474,0.9262147876951431,0.046660371628727465,0.715266301896837,0.252179941015481,0.9222150087356568,0.1832814466989427,0.874895699818929,0.021782932677687772,0.5204869111378988,0.022006495151274962,45
mantra_betti_numbers,gin,graph,,,,128.0,0.25,0.001,0.0001,256.0,,,,,,,0.04972997647192739,0.008721858374334387,,,,,,,,,,,0.049642775373326356,0.00866574784609932,,,,,,,,,,,,,0.9999670253859626,4.905403155271323e-05,0.9238201141357422,0.008756724854790995,0.9229526427057054,0.003518093540192746,0.8333250893486871,0.23837743783173715,0.8258189068900215,0.08259406037233004,0.5090510176287757,0.04041364496182563,0.8333333333333334,0.23836564731139806,0.8601244105233087,0.11308878780801604,0.640889573097229,0.23871767482442147,0.8333168460263146,0.2383892274526072,0.8278346657752991,0.07052987350307685,0.5158544262250264,0.021580388866853165,0.9999835120307075,3.5859394917926164e-05,0.9238633844587538,0.008751170376126145,0.9230412589179144,0.0034249350751477917,0.911106989118788,0.19333184857886987,0.8318525393803914,0.08670011151570854,0.5087562236520979,0.04002450680086399,0.9111111111111111,0.19332288373014034,0.8600578003459507,0.11309924386871129,0.6301611065864562,0.23524271766961188,0.9111028671264648,0.19334081342759937,0.8339121712578668,0.07436605136742355,0.5156688133875529,0.02135077138249408,45
mantra_betti_numbers,gin,graph,,,,128.0,0.25,0.01,0.0001,128.0,,,,,,,0.23323537119560767,0.18842980503553197,,,,,,,,,,,0.23313401184148255,0.188419726202313,,,,,,,,,,,,,0.9999814523590935,4.240359388143796e-05,0.627760773897171,0.30204969820611133,0.9210302127732171,0.001439951692810039,0.9111064738697476,0.19333296921261003,0.44917218685150145,0.3769353012716032,0.48306181960635713,0.017347009787637143,0.9111111111111111,0.19332288373014037,0.47799334509505165,0.3878984698283353,0.48229775031407673,0.10286554430614636,0.9111018372906579,0.19334305330986198,0.4842995249562793,0.34093876129535905,0.5019719507959154,0.009247794431029629,0.9999917560153537,2.6691871512732372e-05,0.6276474548710718,0.3024956210643934,0.9211188342836166,0.0014211707962187845,0.955553494559394,0.14390618897495414,0.45194084346294405,0.3805799352433334,0.4830057389206356,0.016970562455444402,0.9555555555555556,0.14389951600707596,0.4767560316456689,0.3892937968974581,0.4826192829344007,0.10415606454154658,0.9555514335632325,0.14391286194283234,0.4871764517492718,0.34451940700550726,0.5019244604640537,0.009027790620119127,45
mantra_betti_numbers,gin,graph,,,,128.0,0.25,0.01,0.0001,256.0,,,,,,,0.24778344076540731,0.18707535451751595,,,,,,,,,,,0.2474748095704449,0.18684018287707793,,,,,,,,,,,,,0.9999526063601176,7.023135164029545e-05,0.6017905493577321,0.2992468022675489,0.9208797971407573,0.0010504865995083544,0.8222103714942932,0.2420612930671569,0.41373129238684975,0.3713632616414518,0.4812160703870985,0.012432210846591334,0.8222222222222222,0.2420451581541316,0.43771375144521396,0.37866578811396373,0.4715453134642707,0.07502263116299807,0.822198525402281,0.24207742186657327,0.4528311332066854,0.3370570863938887,0.5009876542621189,0.0066253862050955625,0.9999752680460612,4.147674766760551e-05,0.6016937090290917,0.29951749619548024,0.9209725406434799,0.0010504777141725728,0.8666604836781819,0.2236171669368959,0.41590272701448866,0.37439125753709485,0.48124314546585073,0.012445303388941039,0.8666666666666667,0.22360679774997896,0.4368539319270187,0.3794767940018083,0.4715916925006442,0.07502267558967725,0.8666543006896973,0.22362753612381286,0.4550809250937568,0.3400208402242172,0.5009888105922276,0.006633143103277623,45
mantra_betti_numbers,gin,graph,,,,128.0,0.5,0.001,0.0001,128.0,,,,,,,0.05234721634123055,0.011535868584190567,,,,,,,,,,,0.05227159137527143,0.01151287568189534,,,,,,,,,,,,,0.999971146053738,4.342121447518976e-05,0.9268036815855238,0.004021052843733744,0.9237335642178853,0.0034354019498836347,0.8444372309578789,0.23410053854057775,0.8547908981641134,0.04700457811437034,0.5152364134788513,0.04083419565972088,0.8444444444444444,0.23408968323695897,0.8970128152105543,0.07564346649202243,0.6940516869227091,0.25274237333876026,0.8444300174713135,0.2341113938441966,0.8533214900228713,0.036557631709370784,0.519081363413069,0.021772006711197976,0.9999835120307075,3.5859394917927756e-05,0.9268304732110765,0.00402552865985732,0.9237933331065707,0.0033998681201066125,0.911106989118788,0.1933318485788699,0.8618817090988159,0.05125011494436253,0.5149559888574812,0.04052158244711674,0.9111111111111111,0.19332288373014034,0.8968986709912617,0.0758150312537122,0.6939037521680196,0.2525145814035363,0.9111028671264648,0.19334081342759937,0.8604503432909648,0.040504294346593764,0.5189074410332574,0.021589340353322117,45
mantra_betti_numbers,gin,graph,,,,128.0,0.5,0.001,0.0001,256.0,,,,,,,0.05350309602088393,0.010744658174124054,,,,,,,,,,,0.053434070862001797,0.010715038363967708,,,,,,,,,,,,,0.9999670253859626,4.9054031552711055e-05,0.9255406075053745,0.006488777606730253,0.9239251957999335,0.0033232970459243436,0.8333250893486871,0.23837743783173718,0.8233864757749769,0.06284522383067538,0.5176865908834669,0.03965036615580932,0.8333333333333334,0.2383656473113981,0.8479592654440138,0.09028229494516274,0.7158785303433736,0.2527659937719139,0.8333168460263146,0.23838922745260724,0.8291395624478658,0.05286554092346055,0.5203255666626825,0.021111612601186276,0.9999835120307075,3.585939491793166e-05,0.9255138330989414,0.0065518309249130765,0.9239746530850729,0.0032758349427496336,0.911106989118788,0.19333184857886984,0.8274134476979573,0.06719013129913279,0.5173793488078647,0.03926924869440544,0.9111111111111111,0.19332288373014034,0.8476948022842408,0.09046441505422674,0.7152645058102078,0.2522004423377009,0.9111028671264648,0.19334081342759937,0.8333270576265123,0.05673740628673115,0.5201356252034505,0.020896727398757,45
mantra_betti_numbers,gin,graph,,,,128.0,0.5,0.01,0.0001,128.0,,,,,,,0.2054798614647653,0.18467673059459058,,,,,,,,,,,0.20531835804382956,0.18448305917535424,,,,,,,,,,,,,0.9999752706951566,5.001413377065796e-05,0.6707154975997077,0.29707420843941357,0.9212280180719163,0.0018000626718115145,0.8888827059004042,0.2102304393626352,0.5133429163032108,0.37513353436930624,0.48535706069734363,0.02128651049077758,0.8888888888888888,0.21021874129563045,0.5417625652419196,0.3872503461608496,0.516151143444909,0.15958050693048714,0.8888765242364671,0.21024213501637684,0.542477285861969,0.3395091643472569,0.503183885415395,0.01135299375729847,0.9999855730268691,3.3993659495827176e-05,0.6707072575887044,0.2974046915095238,0.9213001582357617,0.0017690054086227892,0.9222186154789395,0.18327294828406868,0.5168584085173077,0.3787767803063834,0.4851813885900709,0.021116917892998386,0.9222222222222223,0.18326444986919474,0.5416520990431308,0.3874939289644072,0.5047900504536098,0.14369995997202029,0.9222150087356568,0.18328144669894272,0.5461287587881088,0.3431182667140669,0.50308129257626,0.01125934006674289,45
mantra_betti_numbers,gin,graph,,,,128.0,0.5,0.01,0.0001,256.0,,,,,,,0.2058647996021641,0.1811163561943196,,,,,,,,,,,0.20572193513313924,0.18109637517707408,,,,,,,,,,,,,0.9999649657143487,5.337610823209627e-05,0.6752567840947046,0.29326226791901977,0.9209374931123522,0.0007637937164947016,0.8333245740996467,0.23837817475826556,0.5006368281112776,0.3612249719546521,0.48202552066908944,0.00940885552739763,0.8333333333333334,0.23836564731139806,0.5228809588485294,0.36567688696131195,0.5382383121384515,0.1834977561102861,0.8333158161905077,0.23839070039937824,0.5332088589668273,0.3285746126585736,0.5013515247239007,0.004817217972123973,0.9999773290422228,4.030815340075509e-05,0.6751702460977766,0.29366555786413295,0.9210364156299166,0.0007628845597620537,0.8777721100383334,0.2173168238784385,0.5027008634474542,0.3638270842926581,0.4821328401565551,0.009423956585855093,0.8777777777777778,0.21730674684008827,0.5219627370436987,0.366797690154838,0.5160653193791707,0.15920171857134102,0.8777664422988891,0.21732690091678872,0.5353546642594867,0.3310933346360787,0.501392141977946,0.004817149786488712,45
mantra_betti_numbers,gin,graph,,,,256.0,0.25,0.001,0.0001,128.0,,,,,,,0.04744746428396962,0.008125845318575384,,,,,,,,,,,0.04737777892086237,0.008079359624742244,,,,,,,,,,,,,0.9999629047181872,5.378161895151011e-05,0.9258187744352553,0.009352291140497472,0.924063241481781,0.0034573946663213483,0.8222129477394952,0.24205778544376474,0.8628769569926792,0.045132905695531085,0.519088351726532,0.04101951951835318,0.8222222222222222,0.2420451581541316,0.912557225757175,0.06878143608487457,0.7167611678441366,0.2536077069167402,0.8222036745813158,0.24207041101811835,0.8583710312843322,0.03705525544562122,0.5211250040266249,0.021871093650097536,0.9999855730268691,3.399365949584186e-05,0.9257466594378153,0.009875964896250962,0.9241147690349155,0.0033899287494779267,0.9222186154789395,0.18327294828406868,0.8710182825724284,0.048726243516302996,0.5188062204254998,0.04041068605747593,0.9222222222222223,0.18326444986919468,0.912482347753313,0.06889318321633106,0.7162092513508267,0.25302222872701585,0.9222150087356568,0.1832814466989427,0.866493907239702,0.0404027323116851,0.5209371076689826,0.021523427542392174,45
mantra_betti_numbers,gin,graph,,,,256.0,0.25,0.001,0.0001,256.0,,,,,,,0.05148560868369204,0.008704765580158608,,,,,,,,,,,0.05143103425701454,0.008697097142178612,,,,,,,,,,,,,0.9999546647071839,6.442979935645618e-05,0.9234924965434604,0.008166124543366184,0.923397707939148,0.0033903119360306003,0.8110997756322225,0.2451697857549828,0.81662474738227,0.073272142662872,0.5113783028390673,0.04052777886919757,0.8111111111111111,0.24515507357795008,0.8435833891232808,0.1007801234948033,0.6594957828521728,0.246697163876207,0.811088443464703,0.24518449380967372,0.8210440476735433,0.06288939814901562,0.51704623831643,0.021608257081854296,0.9999814510345459,3.7517129873930424e-05,0.9235975888040331,0.00804349963796294,0.9234574768278334,0.0033381261659425855,0.8999953627586365,0.20226933802144112,0.8212007482846578,0.07708536344623858,0.5111262381076813,0.04004909159380823,0.9,0.20225995873897262,0.8433003862698872,0.10090432454971807,0.6593067434098986,0.24646252008764202,0.899990725517273,0.20227871730390964,0.8257080912590027,0.06632023820565586,0.5168818381097582,0.021333708628697164,45
mantra_betti_numbers,gin,graph,,,,256.0,0.25,0.01,0.0001,128.0,,,,,,,0.2732512502206696,0.18763498558356098,,,,,,,,,,,0.27320743666754826,0.18765062520423278,,,,,,,,,,,,,0.9999773330158658,5.288071428446032e-05,0.5635007447666592,0.29841529987574333,0.9207231998443604,0.0,0.9111054433716668,0.19333521045639054,0.38662977980242835,0.38833040960799853,0.4793627858161926,0.0,0.9111111111111111,0.19332288373014034,0.4249335234363874,0.4068502860140524,0.4603615999221802,0.0,0.911099777619044,0.1933475329797121,0.4258916483985053,0.3495183715526416,0.5,0.0,0.9999938170115154,2.3396041020573637e-05,0.5631504661507076,0.2986550533136315,0.9208180056677923,1.3825582555901195e-05,0.9666651209195455,0.1261370937876334,0.3895325053069327,0.3926816772813846,0.4794144146972232,0.00017780445535083806,0.9666666666666667,0.12613124477737822,0.42326563894748687,0.40782741036550096,0.47152003182305224,0.07454196115044931,0.9666635751724243,0.12614294279788854,0.4289350781175825,0.35384644613955113,0.5000130110316806,8.728065388592463e-05,45
mantra_betti_numbers,gin,graph,,,,256.0,0.25,0.01,0.0001,256.0,,,,,,,0.2965169571340084,0.17706549499057503,,,,,,,,,,,0.2963593154317803,0.17702773217314322,,,,,,,,,,,,,0.9999608463711209,6.089662384461224e-05,0.5179683705170949,0.27528479096209063,0.9207231998443604,0.0,0.8333235436015659,0.23837964860107083,0.3071369492345386,0.33233945629177913,0.4793627858161926,0.0,0.8333333333333334,0.2383656473113981,0.3309276423520512,0.3379054944109629,0.4603615999221802,0.0,0.8333137565188937,0.23839364625196804,0.35508756571345856,0.3013303859029596,0.5,0.0,0.9999814510345459,3.751712987393473e-05,0.517776749531428,0.2757563307211536,0.9208159446716307,0.0,0.8999953627586365,0.2022693380214411,0.3082911751336521,0.3349205851758059,0.4793879091739654,0.0,0.9,0.2022599587389726,0.3297610882255766,0.3388102995637434,0.4604079723358154,0.0,0.899990725517273,0.20227871730390964,0.35631848441229924,0.30384563069819315,0.5,0.0,45
mantra_betti_numbers,gin,graph,,,,256.0,0.5,0.001,0.0001,128.0,,,,,,,0.053650423801607505,0.011731648909688652,,,,,,,,,,,0.05354580738478232,0.011724387837352615,,,,,,,,,,,,,0.9999670280350579,5.6457379101692894e-05,0.9264595799975925,0.0046799705731082105,0.9231669359736973,0.0039233524293513155,0.8555473115709092,0.22919696409364154,0.8544342001279195,0.050951297216749694,0.5153449204232957,0.044923412181035724,0.8555555555555555,0.22918388365077622,0.8997232145733304,0.07494647874540676,0.7078424440489874,0.249026088248176,0.8555390695730846,0.22921004150679117,0.8520954767862956,0.04190329100388723,0.5200088077121311,0.026917460995207084,0.9999835120307075,3.585939491793695e-05,0.9264369183116489,0.004687803460884073,0.9231195569038391,0.00427058468187082,0.911106989118788,0.19333184857886987,0.8615800513161553,0.05528739388657547,0.5149776770008935,0.04381596890556976,0.9111111111111111,0.19332288373014034,0.8993745340241326,0.07544880883909663,0.7065259840753343,0.2484755056645319,0.9111028671264648,0.1933408134275994,0.8592758218447367,0.04578416630375457,0.5197426597277324,0.026018117674746113,45
mantra_betti_numbers,gin,graph,,,,256.0,0.5,0.001,0.0001,256.0,,,,,,,0.054519669628805535,0.010466815740459472,,,,,,,,,,,0.0544544306894143,0.010409261977922381,,,,,,,,,,,,,0.9999629047181872,5.378161895151507e-05,0.9250522759225633,0.006946563443179525,0.9231525116496616,0.0031717322612304206,0.8222129477394952,0.24205778544376474,0.836916094356113,0.06913832647506592,0.5086878379185994,0.0381260160935186,0.8222222222222222,0.24204515815413158,0.8735035989019606,0.09841653059029125,0.6812228096856011,0.24991151779454482,0.8222036745813158,0.24207041101811833,0.837647897667355,0.05815424017235912,0.5155472848150465,0.020312621302525643,0.9999835120307075,3.585939491793457e-05,0.9250564045376248,0.006886721602101249,0.9232225788964166,0.0031333129929828948,0.911106989118788,0.19333184857886987,0.8432401511404249,0.07303123753139903,0.5084815137916141,0.037721818676184196,0.9111111111111111,0.19332288373014037,0.8734424458609686,0.09840588164905756,0.6813716967900594,0.25002401143169606,0.9111028671264648,0.19334081342759937,0.844029446442922,0.061644293943533865,0.515410512023502,0.02007809719122229,45
mantra_betti_numbers,gin,graph,,,,256.0,0.5,0.01,0.0001,128.0,,,,,,,0.2337048602600892,0.18983171076020472,,,,,,,,,,,0.23367420377002818,0.18985197360938944,,,,,,,,,,,,,0.9999938183360629,3.062467913878794e-05,0.624249725871616,0.30137160120521334,0.9210487564404806,0.0014867849630252016,0.9777762320306566,0.10421178692325518,0.46801060371928743,0.3989491333215766,0.48321990569432577,0.01757683544774201,0.9777777777777777,0.10420453856999636,0.5089379954669211,0.41860624415285846,0.5049569699499342,0.14438899253511395,0.9777746869458093,0.10421903222943983,0.5006489727232192,0.3588778211997344,0.5020532806714376,0.009377152447213516,0.9999917560153537,2.6691871512735784e-05,0.6240045335557726,0.3015922190589819,0.9211270769437152,0.0014589962229602312,0.955553494559394,0.14390618897495414,0.47245013581381906,0.40383524705543206,0.48309587173991725,0.0173873979388881,0.9555555555555556,0.14389951600707596,0.508028877278169,0.4194904581213447,0.4826310369703504,0.10421079021621087,0.9555514335632325,0.14391286194283234,0.5050145477056504,0.36359720942729956,0.5019765032662286,0.00926822903921734,45
mantra_betti_numbers,gin,graph,,,,256.0,0.5,0.01,0.0001,256.0,,,,,,,0.32395938725935086,0.16206232783850635,,,,,,,,,,,0.3235453687608242,0.16195115907927804,,,,,,,,,,,,,0.9999505440394084,7.29033093208823e-05,0.47540514138009815,0.24714055748551078,0.9207231998443604,0.0,0.8110987451341417,0.24517112328211943,0.25120448105865056,0.2957448277280168,0.4793627858161926,0.0,0.8111111111111111,0.24515507357795008,0.2738387719624572,0.3013560354298787,0.4603615999221802,0.0,0.8110863831308153,0.24518716813323294,0.3041713572210735,0.2678509564688773,0.5,0.0,0.9999752680460612,4.1476747667619345e-05,0.4753350880410936,0.24754631071221078,0.9208159446716307,0.0,0.8666604836781819,0.22361716693689584,0.25196363810035916,0.297910726949207,0.4793879091739654,0.0,0.8666666666666667,0.22360679774997896,0.2725752258466349,0.3022948278645679,0.4604079723358154,0.0,0.8666543006896973,0.22362753612381284,0.3050310783916049,0.26997126508748487,0.5,0.0,45
mantra_name,gat,graph,,,,128.0,0.25,0.001,0.0,128.0,0.8016690015792847,0.0,0.5401580863528781,0.050164913685810275,0.1779836267232895,0.0,0.857193378607432,0.15825861078415154,0.1603337973356247,0.0,0.2000000029802322,0.0,0.8017616868019104,0.0,0.536186275879542,0.05155550216618423,0.1779950559139251,0.0,0.8563365485933092,0.15713520789549712,0.1603523343801498,0.0,0.2000000029802322,0.0,,,,,,,,,,,,,,,,,,,,,,,,,,,,,,,,,,,,,,,,,,,,,,,,,,,,,,,,,45
mantra_name,gat,graph,,,,128.0,0.25,0.001,0.0,256.0,0.8016690015792847,0.0,0.5373495512538486,0.05675767043958746,0.17798423767089844,4.098361152890652e-06,0.8163677904340956,0.12723506160770004,0.16033478875954946,6.650673870864169e-06,0.2000000029802322,0.0,0.8017616868019104,0.0,0.5363335715399848,0.05808424203195912,0.17799525956312806,1.3661203843108674e-06,0.8153775639004177,0.12508447168676934,0.16035266518592833,2.2191126242545915e-06,0.2000000029802322,0.0,,,,,,,,,,,,,,,,,,,,,,,,,,,,,,,,,,,,,,,,,,,,,,,,,,,,,,,,,45
mantra_name,gat,graph,,,,128.0,0.25,0.001,0.0001,128.0,0.8016690015792847,0.0,0.5465408331818051,0.054239478513578146,0.1779846449693044,5.60245650108637e-06,0.8725885020362006,0.16785212715597908,0.16033544970883262,9.09146599688882e-06,0.2000000029802322,0.0,0.8017637477980719,1.382558255589292e-05,0.5429064955976274,0.052389021574096174,0.17802209787898585,0.00018001102899237135,0.8717471255196465,0.16759537899056448,0.16109538972377774,0.004982297725127998,0.2000130365292231,8.743170459507307e-05,,,,,,,,,,,,,,,,,,,,,,,,,,,,,,,,,,,,,,,,,,,,,,,,,,,,,,,,,45
mantra_name,gat,graph,,,,128.0,0.25,0.001,0.0001,256.0,0.8016690015792847,0.0,0.5399568061033885,0.056948463508048185,0.1779836267232895,0.0,0.8105568024847243,0.11470819243375929,0.1603337973356247,0.0,0.2000000029802322,0.0,0.8017616868019104,0.0,0.5381234731939104,0.05528687600452683,0.17799525956312806,1.3661203843097258e-06,0.8094326390160455,0.11297368568025987,0.16035266518592833,2.2191126242552704e-06,0.2000000029802322,0.0,,,,,,,,,,,,,,,,,,,,,,,,,,,,,,,,,,,,,,,,,,,,,,,,,,,,,,,,,45
mantra_name,gat,graph,,,,128.0,0.25,0.01,0.0,128.0,0.7651636200515848,0.15698049676792922,0.5449491025585878,0.07526142278858705,0.17206512930753984,0.031629064281933725,0.9673326203697606,0.266872680042563,0.16499409187389044,0.03103133140664707,0.20084115902059954,0.0035231301157642634,0.7652514316141605,0.15696823669508392,0.5430215808906054,0.07586713645441513,0.1724591839470361,0.030094426057248,0.9671241860640677,0.2667015561540789,0.16208493425265735,0.026997551597100464,0.20105890851271777,0.0038526161586783284,,,,,,,,,,,,,,,,,,,,,,,,,,,,,,,,,,,,,,,,,,,,,,,,,,,,,,,,,38
mantra_name,gat,graph,,,,128.0,0.25,0.01,0.0,256.0,0.7708525361286269,0.14452492865553287,0.5409304320812225,0.0574671543499166,0.17270473970307243,0.02572694376338363,0.8942868537373013,0.2389678671342846,0.1614501124454869,0.037637948138218344,0.20052488048871353,0.0030611412226648595,0.7709349228276147,0.14459344830499776,0.5385253522131178,0.055746958256042554,0.1723764320214589,0.027137552280011717,0.8930898123317295,0.2384686387550231,0.1614464369912942,0.037877625106715225,0.20029240051905312,0.001534162029648626,,,,,,,,,,,,,,,,,,,,,,,,,,,,,,,,,,,,,,,,,,,,,,,,,,,,,,,,,45
mantra_name,gat,graph,,,,128.0,0.25,0.01,0.0001,128.0,0.7701268753206189,0.146205037870588,0.5460623353719711,0.07035558902537073,0.17278245379301635,0.026343113668064758,0.9298120276494459,0.21411627349323645,0.15789103431796483,0.028517957128105943,0.20057817480780857,0.002821387279504103,0.7702448518777435,0.1462311361635209,0.5419120605696331,0.07084325730560857,0.17274429632181465,0.026673354898184863,0.9294014126062393,0.21415743192850517,0.15945352605459362,0.03155813664497551,0.2005391263149001,0.0024983596978301772,,,,,,,,,,,,,,,,,,,,,,,,,,,,,,,,,,,,,,,,,,,,,,,,,,,,,,,,,44
mantra_name,gat,graph,,,,128.0,0.25,0.01,0.0001,256.0,0.7701289829882708,0.14617479847342668,0.5322103927081282,0.04308103307232578,0.17278873886574397,0.03005737567993572,0.8860952962528575,0.17808982204776677,0.1564200816845352,0.03176488752520541,0.20072134448723356,0.003796122557430003,0.7702258852395144,0.14619628461278036,0.528770507059314,0.044355752391635375,0.17271897095170882,0.029954383784593634,0.8851127529686148,0.17818012525769283,0.1564974732358347,0.03190779345563831,0.20064662769436833,0.0033030871462492203,,,,,,,,,,,,,,,,,,,,,,,,,,,,,,,,,,,,,,,,,,,,,,,,,,,,,,,,,44
mantra_name,gat,graph,,,,128.0,0.5,0.001,0.0,128.0,0.8016690015792847,0.0,0.5337436311774784,0.058861457367256294,0.17798383037249246,1.3661203842988726e-06,1.276060366630554,0.42040287389121106,0.1603341278102663,2.2168912902837716e-06,0.2000000029802322,0.0,0.8017616868019104,0.0,0.5317738652229309,0.058603132404586755,0.17799546321233106,1.909905410445113e-06,1.2748616920577156,0.4203808072811989,0.16035299599170683,3.1024317154761525e-06,0.2000000029802322,0.0,,,,,,,,,,,,,,,,,,,,,,,,,,,,,,,,,,,,,,,,,,,,,,,,,,,,,,,,,45
mantra_name,gat,graph,,,,128.0,0.5,0.001,0.0,256.0,0.8016690015792847,0.0,0.5174593892362382,0.06406579099844087,0.1779836267232895,0.0,1.1272193100717334,0.45406793988225563,0.1603337973356247,0.0,0.2000000029802322,0.0,0.8017616868019104,0.0,0.517670441336102,0.06212181866386009,0.1779950559139251,0.0,1.1256506787406073,0.4522683228445466,0.1603523343801498,0.0,0.2000000029802322,0.0,,,,,,,,,,,,,,,,,,,,,,,,,,,,,,,,,,,,,,,,,,,,,,,,,,,,,,,,,45
mantra_name,gat,graph,,,,128.0,0.5,0.001,0.0001,128.0,0.8016690015792847,0.0,0.533881813287735,0.0634194373306949,0.1779836267232895,0.0,1.2638188401858013,0.45669987834847925,0.1603337973356247,0.0,0.2000000029802322,0.0,0.8017616868019104,0.0,0.5328149848514133,0.06374695780565391,0.1779950559139251,0.0,1.2624549667040508,0.45582274438922016,0.1603523343801498,0.0,0.2000000029802322,0.0,,,,,,,,,,,,,,,,,,,,,,,,,,,,,,,,,,,,,,,,,,,,,,,,,,,,,,,,,45
mantra_name,gat,graph,,,,128.0,0.5,0.001,0.0001,256.0,0.8016690015792847,0.0,0.517863823307885,0.05340599737477954,0.1779836267232895,0.0,1.1224363485972086,0.44625347966378104,0.1603337973356247,0.0,0.2000000029802322,0.0,0.8017616868019104,0.0,0.5170616110165914,0.052849953087349605,0.1779950559139251,0.0,1.1209103849199082,0.4447997175469108,0.1603523343801498,0.0,0.2000000029802322,0.0,,,,,,,,,,,,,,,,,,,,,,,,,,,,,,,,,,,,,,,,,,,,,,,,,,,,,,,,,45
mantra_name,gat,graph,,,,128.0,0.5,0.01,0.0,128.0,0.6288796289720469,0.326870796939409,0.5468513422542148,0.05683867235651517,0.14135793942130273,0.07149308149179376,1.6686354769600762,1.5442085075812935,0.12824988833421633,0.06751496853579332,0.20103297200467848,0.006444841327155707,0.6289393570274114,0.3269184894169955,0.5452150497171614,0.057972211456924015,0.14126404949153457,0.07141346740103001,1.668208212322659,1.544576508659959,0.12911204287989267,0.06852952418384305,0.2010351286994086,0.006517315225435396,,,,,,,,,,,,,,,,,,,,,,,,,,,,,,,,,,,,,,,,,,,,,,,,,,,,,,,,,45
mantra_name,gat,graph,,,,128.0,0.5,0.01,0.0,256.0,0.632143422236873,0.3209604665266093,0.5399638493855794,0.04604760139480307,0.14170562374509044,0.06877191907869994,1.2970744358168709,0.9301581642855338,0.12643099540534117,0.0641933424524263,0.2000000029802322,0.0,0.6322134502645996,0.3210035115417691,0.5366745743486616,0.0488728898175857,0.1417128858984344,0.06877795383143778,1.296303281519148,0.9300659569938658,0.12644368010676565,0.06420123733687097,0.2000000029802322,0.0,,,,,,,,,,,,,,,,,,,,,,,,,,,,,,,,,,,,,,,,,,,,,,,,,,,,,,,,,45
mantra_name,gat,graph,,,,128.0,0.5,0.01,0.0001,128.0,0.523933456486298,0.3782482177233479,0.5107750945621067,0.06791598483575265,0.11912645891101822,0.08238286483855377,2.2516821636093987,2.5977844137169477,0.10955909826896255,0.07943154599261895,0.20090504652924004,0.0038561198986654765,0.5239581617940631,0.3783325713048531,0.5105549706353082,0.06541603715757087,0.11907564440949092,0.08247480854578682,2.251284877459208,2.5978110503747476,0.110108818900254,0.07854430940043024,0.20069851742850406,0.003881901175629086,,,,,,,,,,,,,,,,,,,,,,,,,,,,,,,,,,,,,,,,,,,,,,,,,,,,,,,,,45
mantra_name,gat,graph,,,,128.0,0.5,0.01,0.0001,256.0,0.6009519511005945,0.33696280702442233,0.5320027881198459,0.0678528608451895,0.13545312511010302,0.07159555500259865,1.3339257915814717,0.8713532208263687,0.12167608474588226,0.06901186966726727,0.2000130365292231,8.743170459506815e-05,0.6010178611096408,0.3370079292773771,0.5289649724960327,0.0672317405469708,0.1354599541363616,0.07160173920158876,1.3336333566241794,0.8715543740625645,0.12242868693752419,0.07034237760708087,0.2000130365292231,8.743170459506815e-05,,,,,,,,,,,,,,,,,,,,,,,,,,,,,,,,,,,,,,,,,,,,,,,,,,,,,,,,,45
mantra_name,gat,graph,,,,256.0,0.25,0.001,0.0,128.0,0.8016690015792847,0.0,0.5460432993041144,0.05269372140333899,0.1779836267232895,0.0,0.954628316561381,0.2836751147277414,0.1603337973356247,0.0,0.2000000029802322,0.0,0.8017616868019104,0.0,0.5399741689364116,0.05342549821960548,0.17799566686153404,3.0268403093032645e-06,0.9535464114613004,0.2814483427742994,0.1603533261352115,4.912805581259048e-06,0.2000000029802322,0.0,,,,,,,,,,,,,,,,,,,,,,,,,,,,,,,,,,,,,,,,,,,,,,,,,,,,,,,,,45
mantra_name,gat,graph,,,,256.0,0.25,0.001,0.0,256.0,0.8016690015792847,0.0,0.545381044016944,0.06316173100394593,0.1779844413201014,5.464481537187203e-06,0.9832932220564948,0.2977536137593122,0.16033511923419105,8.867565161168182e-06,0.2000000029802322,0.0,0.8017616868019104,0.0,0.5428885651959313,0.06436027761169508,0.17799566686153404,3.0268403093062206e-06,0.9816406700346205,0.29586678858517584,0.1603533261352115,4.91280558126661e-06,0.2000000029802322,0.0,,,,,,,,,,,,,,,,,,,,,,,,,,,,,,,,,,,,,,,,,,,,,,,,,,,,,,,,,45
mantra_name,gat,graph,,,,256.0,0.25,0.001,0.0001,128.0,0.8016690015792847,0.0,0.5364185505443149,0.0648682746475267,0.17798383037249246,1.3661203842975065e-06,0.9005365345213149,0.2169065092627536,0.1603341278102663,2.216891290285176e-06,0.2000000029802322,0.0,0.8017616868019104,0.0,0.5347555213504367,0.06288311862909397,0.17799525956312806,1.3661203843097258e-06,0.8997260358598497,0.21597400863570287,0.16035266518592833,2.2191126242552704e-06,0.2000000029802322,0.0,,,,,,,,,,,,,,,,,,,,,,,,,,,,,,,,,,,,,,,,,,,,,,,,,,,,,,,,,45
mantra_name,gat,graph,,,,256.0,0.25,0.001,0.0001,256.0,0.8016690015792847,0.0,0.5377355575561523,0.05748553013929802,0.1779836267232895,0.0,0.8825547814369201,0.1950739977681551,0.1603337973356247,0.0,0.2000000029802322,0.0,0.8017616868019104,0.0,0.5370124631457859,0.06045863753813745,0.1779950559139251,0.0,0.8812436554167006,0.19233375372902387,0.1603523343801498,0.0,0.2000000029802322,0.0,,,,,,,,,,,,,,,,,,,,,,,,,,,,,,,,,,,,,,,,,,,,,,,,,,,,,,,,,45
mantra_name,gat,graph,,,,256.0,0.25,0.01,0.0,128.0,0.7399433493614197,0.19963959572134857,0.5537281294663747,0.08577332619593868,0.1676555871963501,0.041169409452125695,0.9831836077902052,0.28411064515822976,0.15426384939087762,0.045039136963483876,0.2017498456769519,0.007119754229184327,0.7400607691870795,0.1996768054318304,0.5513400117556254,0.08569612254645333,0.16779105464617405,0.04126796362122814,0.9829101628727384,0.2844154153503036,0.155348159538375,0.04599848146368762,0.2018812431229485,0.007364462553333092,,,,,,,,,,,,,,,,,,,,,,,,,,,,,,,,,,,,,,,,,,,,,,,,,,,,,,,,,45
mantra_name,gat,graph,,,,256.0,0.25,0.01,0.0,256.0,0.801669000254737,0.00018009836942393899,0.5341237942377727,0.053544329026041025,0.17922211620542738,0.005248900311509249,0.9457814534505208,0.34144281506050156,0.16789709164036645,0.031775958020329745,0.2007612546284993,0.0034197093861011237,0.8017575687832302,0.00016999924795802789,0.5317474636766646,0.051720639384798955,0.17888798746797765,0.004353970380931227,0.9451692660649618,0.3405296289199822,0.16797328525119357,0.031454591379103024,0.2005834599335988,0.0030946461047740895,,,,,,,,,,,,,,,,,,,,,,,,,,,,,,,,,,,,,,,,,,,,,,,,,,,,,,,,,45
mantra_name,gat,graph,,,,256.0,0.25,0.01,0.0001,128.0,0.7862607691023085,0.10341812904725144,0.5471259507868025,0.06341401143557625,0.17537639919254516,0.02093797659368292,0.9373036636246576,0.19897607086792854,0.16037207634912598,0.024316250704983996,0.20022725992732573,0.001168746500126081,0.7863720032903884,0.10343514431313303,0.5460903445879618,0.0629559129568373,0.17534865289926524,0.020930564122156246,0.9367696391211615,0.1995576243126139,0.16055045715636676,0.02410134983619043,0.20021066831217868,0.0011694410233194469,,,,,,,,,,,,,,,,,,,,,,,,,,,,,,,,,,,,,,,,,,,,,,,,,,,,,,,,,45
mantra_name,gat,graph,,,,256.0,0.25,0.01,0.0001,256.0,0.8016731222470601,5.213444607090845e-05,0.5347666680812836,0.058096807330633236,0.17866908775435553,0.003061357915652272,0.916888505882687,0.19836594611980418,0.16344379120402866,0.011981549339006426,0.20035368303457893,0.001597143030848555,0.8017925964461432,0.00013553117042471358,0.5342972921000586,0.059286365071413216,0.17878033982382874,0.0034937864386703618,0.9166109641393025,0.1972648386092652,0.16389650669362807,0.012631283077653679,0.2004239161809285,0.001929418269276623,,,,,,,,,,,,,,,,,,,,,,,,,,,,,,,,,,,,,,,,,,,,,,,,,,,,,,,,,45
mantra_name,gat,graph,,,,256.0,0.5,0.001,0.0,128.0,0.8016690015792847,0.0,0.5479608217875163,0.06449023598006101,0.1779836267232895,0.0,1.5875419470998975,0.8317352884524258,0.1603337973356247,0.0,0.2000000029802322,0.0,0.8017616868019104,0.0,0.5455684807565477,0.06310840022192638,0.1779950559139251,0.0,1.5859900037447612,0.8308150052729611,0.1603523343801498,0.0,0.2000000029802322,0.0,,,,,,,,,,,,,,,,,,,,,,,,,,,,,,,,,,,,,,,,,,,,,,,,,,,,,,,,,45
mantra_name,gat,graph,,,,256.0,0.5,0.001,0.0,256.0,0.8016690015792847,0.0,0.5197494798236423,0.05038498275851872,0.1779836267232895,0.0,1.5034997079107497,0.7972080290539217,0.1603337973356247,0.0,0.2000000029802322,0.0,0.8017616868019104,0.0,0.5170864555570814,0.05242924164306015,0.1779950559139251,0.0,1.5010180022981432,0.7942715331726979,0.1603523343801498,0.0,0.2000000029802322,0.0,,,,,,,,,,,,,,,,,,,,,,,,,,,,,,,,,,,,,,,,,,,,,,,,,,,,,,,,,45
mantra_name,gat,graph,,,,256.0,0.5,0.001,0.0001,128.0,0.8016690015792847,0.0,0.5400568392541674,0.054089300394764665,0.17798383037249246,1.3661203842988726e-06,1.528472860654195,0.6596910647762374,0.1603341278102663,2.2168912902837716e-06,0.2000000029802322,0.0,0.8017616868019104,0.0,0.5377432200643751,0.05351862769159648,0.17799525956312806,1.3661203843114233e-06,1.5271428200933668,0.6592705550101867,0.16035266518592833,2.219112624253792e-06,0.2000000029802322,0.0,,,,,,,,,,,,,,,,,,,,,,,,,,,,,,,,,,,,,,,,,,,,,,,,,,,,,,,,,45
mantra_name,gat,graph,,,,256.0,0.5,0.001,0.0001,256.0,0.8016690015792847,0.0,0.5339741826057434,0.060942586293549934,0.1779836267232895,0.0,1.475197336408827,0.750213651000021,0.1603337973356247,0.0,0.2000000029802322,0.0,0.8017616868019104,0.0,0.5306206146876017,0.0613787273659272,0.1779950559139251,0.0,1.473115497165256,0.7485548506273557,0.1603523343801498,0.0,0.2000000029802322,0.0,,,,,,,,,,,,,,,,,,,,,,,,,,,,,,,,,,,,,,,,,,,,,,,,,,,,,,,,,45
mantra_name,gat,graph,,,,256.0,0.5,0.01,0.0,128.0,0.61958688667251,0.3243560343661462,0.534224643309911,0.04737840456967292,0.1412123778834939,0.06783356479170345,1.7875336090723672,1.6034710241918873,0.133460144046694,0.06327711193354903,0.20094899634520208,0.003580946875532893,0.6196466162800789,0.3244201487725818,0.5328640030490027,0.04671854102516181,0.14082796478437046,0.06855378204007873,1.7857907825046115,1.601022355947509,0.1357098621005813,0.06504747309110423,0.20077174868848585,0.0035286033661935654,,,,,,,,,,,,,,,,,,,,,,,,,,,,,,,,,,,,,,,,,,,,,,,,,,,,,,,,,45
mantra_name,gat,graph,,,,256.0,0.5,0.01,0.0,256.0,0.659535374906328,0.2878071895451117,0.5318165454599593,0.04347344782748273,0.1508268955267138,0.058085114210079156,1.1126595828268262,0.5362473609077428,0.14413629683355492,0.07347660269772377,0.20099200407663978,0.0038937300885469005,0.6596651583909988,0.2878880234241621,0.5306707210010952,0.04415732842552809,0.15099649986045222,0.05865253413961428,1.112487018108368,0.5372549414627147,0.14213540512654513,0.06778632975497459,0.2010678691996468,0.003996029341164982,,,,,,,,,,,,,,,,,,,,,,,,,,,,,,,,,,,,,,,,,,,,,,,,,,,,,,,,,45
mantra_name,gat,graph,,,,256.0,0.5,0.01,0.0001,128.0,0.5574058740089337,0.35010373862227273,0.5209290782610575,0.05065776990840783,0.1280841646095117,0.07346990317856766,1.7272170318497553,1.573396511803098,0.11529405637540749,0.07137966743419957,0.20046625932057693,0.0018048607154873832,0.5575047546790706,0.35017912347531216,0.5216032677226596,0.047958576741378836,0.12816210043513107,0.07334430485048857,1.727048807673984,1.5738409152033523,0.11499241482880376,0.07114710569323292,0.20051855444908137,0.0019522645160503635,,,,,,,,,,,,,,,,,,,,,,,,,,,,,,,,,,,,,,,,,,,,,,,,,,,,,,,,,45
mantra_name,gat,graph,,,,256.0,0.5,0.01,0.0001,256.0,0.6907412696215841,0.2614723389259276,0.5476685643196106,0.04538870845804394,0.15614993926137685,0.05403175972534688,1.0044488774405584,0.37912123617747956,0.13975966852158309,0.053634347227938084,0.20096720357735948,0.00569835995578557,0.6908483857909838,0.26151884145071547,0.5451813843515184,0.044445806080152216,0.15630999991877206,0.054138355438183954,1.0043173167440627,0.37940084186912537,0.14065458226121133,0.05435928398062335,0.20104527307881245,0.005826297365746665,,,,,,,,,,,,,,,,,,,,,,,,,,,,,,,,,,,,,,,,,,,,,,,,,,,,,,,,,45
mantra_name,gcn,graph,,,,128.0,0.25,0.001,0.0,128.0,0.8028331610891554,0.0024286348271633975,0.8477533751063877,0.010652843179612596,0.18274875481923422,0.01021744904696124,0.7187134199672275,0.0931299511395101,0.17957764797740514,0.02933734849183664,0.20260007845030886,0.006057052474402164,0.8029588275485569,0.002582986905929875,0.8475245038668314,0.009675649391633937,0.18275393380059132,0.010302745435354513,0.717869676484002,0.0934010891687898,0.1785072565078735,0.02745673664002356,0.20260170035892058,0.006114650695841122,,,,,,,,,,,,,,,,,,,,,,,,,,,,,,,,,,,,,,,,,,,,,,,,,,,,,,,,,45
mantra_name,gcn,graph,,,,128.0,0.25,0.001,0.0,256.0,0.8026456594467163,0.0018215246315566435,0.8411676711506314,0.028945490568123032,0.18190688888231912,0.007377916206846406,0.7352748076121013,0.10008598126149319,0.17712400688065422,0.027122189903801976,0.2020246260695987,0.0039006933281111834,0.80284962521659,0.0020558498449282548,0.8410021093156602,0.02865779329350212,0.18218517601490014,0.00781734588400206,0.7337187462382846,0.09851289602705147,0.17760746313465964,0.02739255688780945,0.2021812518437703,0.004178160515551194,,,,,,,,,,,,,,,,,,,,,,,,,,,,,,,,,,,,,,,,,,,,,,,,,,,,,,,,,45
mantra_name,gcn,graph,,,,128.0,0.25,0.001,0.0001,128.0,0.8029135213957892,0.002529905247686645,0.847473418712616,0.010680859385136396,0.18305102752314673,0.010471066832865552,0.7115972757339477,0.09285661747947925,0.17963212430477143,0.029609474959401715,0.20275890231132504,0.006093735480564727,0.8030433085229661,0.002661557549308365,0.8473196016417609,0.009754500620805613,0.18310942517386536,0.01061256273120952,0.7106949289639791,0.09325038832050207,0.17832587030198835,0.028562893384175565,0.20279459688398568,0.006174629826222397,,,,,,,,,,,,,,,,,,,,,,,,,,,,,,,,,,,,,,,,,,,,,,,,,,,,,,,,,45
mantra_name,gcn,graph,,,,128.0,0.25,0.001,0.0001,256.0,0.8029670953750611,0.0024968300238902494,0.845949125289917,0.018580243212986042,0.1831471151775784,0.010050100445632789,0.7333620296584236,0.09864834010714914,0.17919073634677463,0.029824054847696603,0.2027920928266313,0.00563705052543456,0.803117487165663,0.002675692346541897,0.8458099073833889,0.018698649079430182,0.18326774073971636,0.010400191870771444,0.7317950381173028,0.09731293743551464,0.17878237499131092,0.029134677473575312,0.20286927223205561,0.0058922511463173986,,,,,,,,,,,,,,,,,,,,,,,,,,,,,,,,,,,,,,,,,,,,,,,,,,,,,,,,,45
mantra_name,gcn,graph,,,,128.0,0.25,0.01,0.0,128.0,0.8016690015792847,0.0,0.7088597622182634,0.23003824059831648,0.1779836267232895,0.0,0.7299353387620714,0.020819585373895607,0.1603337973356247,0.0,0.2000000029802322,0.0,0.8017616868019104,0.0,0.7079052441649967,0.23162375284646552,0.1779950559139251,0.0,0.7291864554087321,0.0201525291156728,0.1603523343801498,0.0,0.2000000029802322,0.0,,,,,,,,,,,,,,,,,,,,,,,,,,,,,,,,,,,,,,,,,,,,,,,,,,,,,,,,,45
mantra_name,gcn,graph,,,,128.0,0.25,0.01,0.0,256.0,0.8016690015792847,0.0,0.6488218526045482,0.2329642607594622,0.1779836267232895,0.0,0.7664920197592842,0.04713765921203771,0.1603337973356247,0.0,0.2000000029802322,0.0,0.8017616868019104,0.0,0.6470207187864515,0.23560654469017067,0.1779950559139251,0.0,0.7653760022587246,0.045473414070566556,0.1603523343801498,0.0,0.2000000029802322,0.0,,,,,,,,,,,,,,,,,,,,,,,,,,,,,,,,,,,,,,,,,,,,,,,,,,,,,,,,,45
mantra_name,gcn,graph,,,,128.0,0.25,0.01,0.0001,128.0,0.8028455310397677,0.0032135300068201404,0.7238098644547992,0.21544539774219854,0.18709244926770527,0.02345433116219869,0.7086901267369589,0.0492157962201323,0.18364445666472118,0.056438639749645726,0.20638816257317857,0.017058693499870544,0.8029650078879462,0.00344317356113723,0.7220744106504652,0.21719814201234472,0.1872856461339526,0.02374641146364661,0.7076540297932095,0.049766743314204526,0.18256081541379288,0.052795170506693856,0.2064938432640499,0.017165493155417894,,,,,,,,,,,,,,,,,,,,,,,,,,,,,,,,,,,,,,,,,,,,,,,,,,,,,,,,,45
mantra_name,gcn,graph,,,,128.0,0.25,0.01,0.0001,256.0,0.8016690015792847,0.0,0.6640313963095347,0.22501668815472156,0.17798505226771036,9.562842690087027e-06,0.7684596803453233,0.0514963579942509,0.16033611132038963,1.552268169995998e-05,0.2000000029802322,0.0,0.8017616868019104,0.0,0.6625871615277397,0.22730026400122838,0.17799709273709183,1.3663425176948576e-05,0.7674513114823236,0.05097649426621297,0.1603556414445241,2.2184462240630724e-05,0.2000000029802322,0.0,,,,,,,,,,,,,,,,,,,,,,,,,,,,,,,,,,,,,,,,,,,,,,,,,,,,,,,,,45
mantra_name,gcn,graph,,,,128.0,0.5,0.001,0.0,128.0,0.8016690015792847,0.0,0.8508053991529677,0.008641049959999078,0.17798403402169546,1.9099054104277204e-06,1.0049236138661704,0.28225214171249285,0.16033445828490786,3.099326178207031e-06,0.2000000029802322,0.0,0.8017616868019104,0.0,0.8503831214374966,0.007227143521774236,0.17799668510754896,8.580991935185972e-06,1.0036407510439556,0.2817335300183457,0.16035497917069325,1.3931244265437872e-05,0.2000000029802322,0.0,,,,,,,,,,,,,,,,,,,,,,,,,,,,,,,,,,,,,,,,,,,,,,,,,,,,,,,,,45
mantra_name,gcn,graph,,,,128.0,0.5,0.001,0.0,256.0,0.8016690015792847,0.0,0.8502104600270589,0.008735411917612214,0.17799116373062135,2.914038849315715e-05,0.9598378207948473,0.27471952256411863,0.16034603549374474,4.732429177041372e-05,0.2000000029802322,0.0,0.8017658087942335,2.7651165111780578e-05,0.849903945128123,0.007692719107355634,0.17802139156394528,0.00013723777112287932,0.9584862391153971,0.27405614318342336,0.16070008443461523,0.002267166260912631,0.2000076393286387,5.1226182410239e-05,,,,,,,,,,,,,,,,,,,,,,,,,,,,,,,,,,,,,,,,,,,,,,,,,,,,,,,,,45
mantra_name,gcn,graph,,,,128.0,0.5,0.001,0.0001,128.0,0.8016690015792847,0.0,0.8509129948086209,0.00843173659454343,0.17798383037249246,1.366120384300018e-06,1.0134840647379557,0.29291614415031997,0.1603341278102663,2.2168912902881884e-06,0.2000000029802322,0.0,0.8017616868019104,0.0,0.850487024254269,0.007099818530160637,0.17799627780914298,8.196722305792293e-06,1.0122315102153354,0.2924930295164089,0.1603543182214101,1.3308011743620884e-05,0.2000000029802322,0.0,,,,,,,,,,,,,,,,,,,,,,,,,,,,,,,,,,,,,,,,,,,,,,,,,,,,,,,,,45
mantra_name,gcn,graph,,,,128.0,0.5,0.001,0.0001,256.0,0.8016690015792847,0.0,0.8501081314197806,0.008884550413582427,0.17799108735350674,2.587047576182403e-05,0.9570628168971039,0.2753004411676717,0.1603459099004435,4.2008803446176534e-05,0.2000000029802322,0.0,0.8017638436583585,1.4143453564492904e-05,0.8496905662292658,0.007700181775594476,0.17801357043343916,8.010902781504716e-05,0.9558849431747614,0.27433684660543217,0.1606022005164346,0.0015690141158316065,0.20000399891720258,2.6203111030243135e-05,,,,,,,,,,,,,,,,,,,,,,,,,,,,,,,,,,,,,,,,,,,,,,,,,,,,,,,,,44
mantra_name,gcn,graph,,,,128.0,0.5,0.01,0.0,128.0,0.8025920934147305,0.005127069399843903,0.644666901561949,0.25931611994604703,0.18186215195390915,0.020987620321743287,0.7659617278310987,0.08897278487630944,0.1701038039392895,0.04582770715571309,0.20252571006615952,0.014175463337222959,0.8026188453038533,0.0046177498134669735,0.6435795615116755,0.25996233449509515,0.1814056283897823,0.017623254762379654,0.7650722715589735,0.08873302391454499,0.16891828245586818,0.040174675918454875,0.20217384265528782,0.011630447662449962,,,,,,,,,,,,,,,,,,,,,,,,,,,,,,,,,,,,,,,,,,,,,,,,,,,,,,,,,45
mantra_name,gcn,graph,,,,128.0,0.5,0.01,0.0,256.0,0.8023386557896932,0.003435520198636033,0.7103499624464247,0.21238050601840247,0.18134038117196824,0.018709924207118048,0.8015693797005548,0.09825594073139134,0.16603332724836137,0.02947085973137923,0.20235332548618312,0.013582428548936829,0.8024231010013156,0.003303237065377404,0.7095430715216531,0.21320572869575646,0.18148157132996445,0.019189519307261923,0.8001423027780321,0.09712505978470606,0.16643457909425097,0.03083963906973982,0.2023971746365229,0.013639990076538683,,,,,,,,,,,,,,,,,,,,,,,,,,,,,,,,,,,,,,,,,,,,,,,,,,,,,,,,,45
mantra_name,gcn,graph,,,,128.0,0.5,0.01,0.0001,128.0,0.8022747808032565,0.0028836346088531336,0.7318527029620276,0.2019429378617073,0.18251032398806677,0.020741287735819344,0.7577567219734191,0.07933487526259221,0.16981934176550972,0.03905728056655997,0.20313176247808665,0.014644471668536352,0.8023221373558045,0.002651529924263276,0.7313120183017519,0.20141487334489544,0.18215176297558672,0.01915309087545331,0.7567695405748155,0.07915702853609267,0.1689185599486033,0.03523892419139332,0.20286711487505166,0.013517421792220803,,,,,,,,,,,,,,,,,,,,,,,,,,,,,,,,,,,,,,,,,,,,,,,,,,,,,,,,,45
mantra_name,gcn,graph,,,,128.0,0.5,0.01,0.0001,256.0,0.8022768404748705,0.0029715246913073414,0.7051003932952881,0.20325439912506296,0.1807289676533805,0.013750431297384213,0.7779289656215244,0.09283892711228937,0.17125941150718266,0.05167496729316497,0.2017414523495568,0.008945922686226009,0.8023592246903314,0.0028452265841038774,0.704695901936955,0.20303846290469937,0.1807112127542495,0.01339074389513822,0.7767104930347867,0.09149751740742969,0.17033179170555537,0.04704630258742759,0.2017237630155351,0.008685127277015106,,,,,,,,,,,,,,,,,,,,,,,,,,,,,,,,,,,,,,,,,,,,,,,,,,,,,,,,,45
mantra_name,gcn,graph,,,,256.0,0.25,0.001,0.0,128.0,0.8040843844413758,0.003716148843638927,0.845352640748024,0.012066620430422881,0.18888699524104594,0.017419455857937426,0.7223012283444404,0.14313911161894396,0.1964134432375431,0.06123580082265514,0.20641749985516067,0.010705830736832693,0.8044135257601738,0.004182090223714576,0.8452924713492393,0.011200317197095121,0.18931111283600327,0.018340920229015966,0.7210424482822418,0.14340691003594286,0.19841594882309435,0.06324841356621558,0.20671950168907638,0.011365304674735722,,,,,,,,,,,,,,,,,,,,,,,,,,,,,,,,,,,,,,,,,,,,,,,,,,,,,,,,,40
mantra_name,gcn,graph,,,,256.0,0.25,0.001,0.0,256.0,0.8035558730363845,0.0038148844861439985,0.8474547669291497,0.011805454345279083,0.1896465763449669,0.020752138971415382,0.7750102311372757,0.1301496905014057,0.20125361271202563,0.07426972937048985,0.20779650956392284,0.01525430805309549,0.8041029080748558,0.004136291317866876,0.8473002925515175,0.010871209258792447,0.19038596451282494,0.022234677031989673,0.7738654062151908,0.1307043411398974,0.2013216827064752,0.07520526680664838,0.20838066712021824,0.016651862224688285,,,,,,,,,,,,,,,,,,,,,,,,,,,,,,,,,,,,,,,,,,,,,,,,,,,,,,,,,40
mantra_name,gcn,graph,,,,256.0,0.25,0.001,0.0001,128.0,0.8037992671132088,0.003502225658251021,0.8453923791646958,0.011894727465163454,0.18764004074037072,0.016476544304586418,0.715666002035141,0.13426833366660157,0.19455130100250242,0.06139627190855457,0.2056400958448648,0.01002289947299046,0.8041237711906433,0.003973041248905226,0.8454101368784904,0.011159418670756243,0.18810543380677697,0.01750725863348592,0.7143161311745644,0.13461393449215162,0.19179204292595384,0.04997272973711891,0.20597889386117454,0.010796831549373805,,,,,,,,,,,,,,,,,,,,,,,,,,,,,,,,,,,,,,,,,,,,,,,,,,,,,,,,,40
mantra_name,gcn,graph,,,,256.0,0.25,0.001,0.0001,256.0,0.8036045521497727,0.004004758218974333,0.8474736794829368,0.011496696877622451,0.1905231185257435,0.022662578681257112,0.7688482016324997,0.12576127864504766,0.1992903999984264,0.06847283427970846,0.20822786986827846,0.01612960091545165,0.8040889993309974,0.0040418447007232764,0.8472439303994179,0.010706131985174784,0.1910534787923097,0.02349099896630681,0.7677146628499031,0.12644238904440674,0.1965313460677862,0.06214557818236986,0.20865177549421782,0.017099297422897834,,,,,,,,,,,,,,,,,,,,,,,,,,,,,,,,,,,,,,,,,,,,,,,,,,,,,,,,,40
mantra_name,gcn,graph,,,,256.0,0.25,0.01,0.0,128.0,0.8016690015792847,0.0,0.508820141851902,0.2500570824241844,0.1779836267232895,0.0,0.74168491512537,0.021865068420256078,0.1603337973356247,0.0,0.20000000298023218,0.0,0.8017616868019104,0.0,0.5060530934482813,0.2511302286928747,0.1779950559139251,0.0,0.7411687090992928,0.021783184221030115,0.1603523343801498,0.0,0.20000000298023218,0.0,,,,,,,,,,,,,,,,,,,,,,,,,,,,,,,,,,,,,,,,,,,,,,,,,,,,,,,,,40
mantra_name,gcn,graph,,,,256.0,0.25,0.01,0.0,256.0,0.7935072027146817,0.0516197484326437,0.3389033149927855,0.11412598380784854,0.17807746008038522,0.0005934542578447812,0.825354491174221,0.24794716253707827,0.1619743097573519,0.010375511564913176,0.20197841040790077,0.012512547222455027,0.7936671115458012,0.05119458900189197,0.335172963514924,0.11391913078765305,0.17810998223721972,0.0007268578894398592,0.8240375205874443,0.2419159062819427,0.16199282743036744,0.010375389048729372,0.2019992042332887,0.012644058921442571,,,,,,,,,,,,,,,,,,,,,,,,,,,,,,,,,,,,,,,,,,,,,,,,,,,,,,,,,40
mantra_name,gcn,graph,,,,256.0,0.25,0.01,0.0001,128.0,0.8019077584147454,0.0008848490478000313,0.5954274252057076,0.2502327647256817,0.17940433733165265,0.005567764291702336,0.7342408403754235,0.041518204493605264,0.17324901297688483,0.05144438404884801,0.20072021447122093,0.0028534149167450317,0.8020398527383804,0.0010150645224325048,0.5937954612076283,0.2519849100970305,0.17950616292655458,0.006326816427175484,0.7337088078260422,0.04173702231663326,0.17033718042075632,0.03767376558215505,0.20077914930880064,0.0033090188070191606,,,,,,,,,,,,,,,,,,,,,,,,,,,,,,,,,,,,,,,,,,,,,,,,,,,,,,,,,40
mantra_name,gcn,graph,,,,256.0,0.25,0.01,0.0001,256.0,0.8016690015792847,0.0,0.35167633220553396,0.12552658172820474,0.1779836267232895,0.0,0.7845739886164665,0.08227149885775208,0.1603337973356247,0.0,0.20000000298023218,0.0,0.8017616868019104,0.0,0.3488405738025903,0.12691951912595573,0.1779950559139251,0.0,0.783542113006115,0.08345677714912776,0.1603523343801498,0.0,0.20000000298023218,0.0,,,,,,,,,,,,,,,,,,,,,,,,,,,,,,,,,,,,,,,,,,,,,,,,,,,,,,,,,40
mantra_name,gcn,graph,,,,256.0,0.5,0.001,0.0,128.0,0.8017594039440155,0.0005569168932438502,0.8496352508664131,0.009634593463450487,0.17833594866096975,0.0021365518885528316,1.2056971192359924,0.5505620612054386,0.16290697380900382,0.011607118700788767,0.2001749631017446,0.0010790222402292215,0.8018613621592522,0.0006304023115823414,0.849327465891838,0.008472103600157932,0.17837912999093525,0.0023787036811690225,1.204231809079647,0.5491252986070678,0.1620020382106304,0.010351670912876514,0.20019214563071724,0.0012152168223887603,,,,,,,,,,,,,,,,,,,,,,,,,,,,,,,,,,,,,,,,,,,,,,,,,,,,,,,,,40
mantra_name,gcn,graph,,,,256.0,0.5,0.001,0.0,256.0,0.8016921818256378,7.497715626701693e-05,0.8493402123451232,0.009977267317046668,0.17815274521708488,0.000609874416455665,1.1987991482019424,0.5625095383318037,0.1669541485607624,0.03198098414304393,0.20007405988872046,0.0002968850949138201,0.8018010959029198,0.00011857568330200773,0.8490722998976707,0.00892976056313704,0.1782244656234979,0.0007093678860302471,1.1966706305742263,0.56170029248993,0.1672545004636049,0.025260808803111028,0.2001041285693645,0.00033940534527836816,,,,,,,,,,,,,,,,,,,,,,,,,,,,,,,,,,,,,,,,,,,,,,,,,,,,,,,,,40
mantra_name,gcn,graph,,,,256.0,0.5,0.001,0.0001,128.0,0.8017594039440155,0.0005569168932438502,0.8496270209550858,0.009646180641016031,0.17832874357700348,0.0020911815042974915,1.1594269037246705,0.4825540673454685,0.16265191324055195,0.010949092742916963,0.20017124637961384,0.0010555232385902364,0.8018590450286865,0.000615747491135484,0.8493371218442917,0.008496428730040298,0.17836469002068037,0.0022858968673462074,1.1580259963870048,0.48142370100883325,0.16199696622788903,0.010317182938241716,0.20018413253128525,0.00116453753174377,,,,,,,,,,,,,,,,,,,,,,,,,,,,,,,,,,,,,,,,,,,,,,,,,,,,,,,,,40
mantra_name,gcn,graph,,,,256.0,0.5,0.001,0.0001,256.0,0.8017153605818749,0.00019585006904583076,0.8495512440800667,0.009709025826453851,0.1781835552304983,0.0007844909607167161,1.1574848517775536,0.4956677692215579,0.1642201092094183,0.01166696746971074,0.20008591376245016,0.0003629279557801215,0.8018265947699547,0.00024051006024922291,0.8492537587881088,0.008751500916389304,0.17826353870332234,0.0009536279460167796,1.1560204088687898,0.4983003145832541,0.16480108723044393,0.012826903346815662,0.20012027770280832,0.0004456832421461953,,,,,,,,,,,,,,,,,,,,,,,,,,,,,,,,,,,,,,,,,,,,,,,,,,,,,,,,,40
mantra_name,gcn,graph,,,,256.0,0.5,0.01,0.0,128.0,0.8016690015792847,0.0,0.52548396140337,0.26066602972779007,0.1779836267232895,0.0,0.745339359343052,0.02676284990185907,0.1603337973356247,0.0,0.20000000298023218,0.0,0.8017616868019104,0.0,0.5238193444907665,0.2640878297246746,0.1779950559139251,0.0,0.744843578338623,0.027127868069519258,0.1603523343801498,0.0,0.20000000298023218,0.0,,,,,,,,,,,,,,,,,,,,,,,,,,,,,,,,,,,,,,,,,,,,,,,,,,,,,,,,,40
mantra_name,gcn,graph,,,,256.0,0.5,0.01,0.0,256.0,0.8016690015792847,0.0,0.3841012097895145,0.1603753893171354,0.1779836267232895,0.0,0.7710740596055985,0.06718734521037685,0.1603337973356247,0.0,0.20000000298023218,0.0,0.8017616868019104,0.0,0.38013033829629417,0.16013944191328094,0.1779950559139251,0.0,0.7708356261253357,0.0701505750769467,0.1603523343801498,0.0,0.20000000298023218,0.0,,,,,,,,,,,,,,,,,,,,,,,,,,,,,,,,,,,,,,,,,,,,,,,,,,,,,,,,,40
mantra_name,gcn,graph,,,,256.0,0.5,0.01,0.0001,128.0,0.800744104385376,0.010778248642164865,0.6180043257772923,0.2635533160687123,0.1855860710144043,0.02295572848907153,0.7511402741074562,0.08294137359591608,0.17742483839392661,0.046717543538680094,0.20824965499341483,0.029886265181605625,0.8008808374404908,0.010835758242838492,0.6157434027642011,0.2653394740438753,0.18590873852372164,0.024383888467570513,0.7501516431570053,0.08358183987237254,0.17755280211567875,0.046581789466082914,0.20843918025493618,0.029660340852267333,,,,,,,,,,,,,,,,,,,,,,,,,,,,,,,,,,,,,,,,,,,,,,,,,,,,,,,,,40
mantra_name,gcn,graph,,,,256.0,0.5,0.01,0.0001,256.0,0.8010825380682945,0.003709120918616087,0.38607251942157744,0.15331024540806495,0.17983895726501942,0.011734140648681295,0.7835509613156318,0.0685432257042086,0.1622138861566782,0.011890725755899608,0.20197994820773596,0.012522273122584386,0.8013282150030137,0.002741516371928642,0.3827880330383778,0.1543662410900463,0.17992107644677152,0.012181223408091874,0.7834060952067375,0.07063432182833393,0.16229587346315383,0.012292020447695359,0.20202188454568382,0.012787501811867876,,,,,,,,,,,,,,,,,,,,,,,,,,,,,,,,,,,,,,,,,,,,,,,,,,,,,,,,,40
mantra_name,gin,graph,,,,128.0,0.25,0.001,0.0001,128.0,0.9471078515052795,0.005705377323710643,0.9833937966546347,0.0005029525365173042,0.7621870567632276,0.007714377824864457,0.11991875584042345,0.02380179836116625,0.7420400422672893,0.03369415167398406,0.7996475932209991,0.0016481045901108056,0.9471056835595951,0.005794874969591049,0.9832780430483263,0.0006871082060810944,0.7628137594045594,0.00689169003083951,0.1196676411254461,0.023999479889305418,0.7430254290270251,0.03349844355612865,0.8001131900521212,0.0011082371701892626,,,,,,,,,,,,,,,,,,,,,,,,,,,,,,,,,,,,,,,,,,,,,,,,,,,,,,,,,43
mantra_name,gin,graph,,,,128.0,0.25,0.001,0.0001,256.0,0.9459578620062934,0.008055878914873171,0.9833859192000495,0.0004822479096839728,0.7641712082756891,0.009831432634059466,0.11613582952155004,0.01329079644578028,0.7433716310395135,0.023731322594453517,0.7997406217787001,0.0017488905906148681,0.9460876663525899,0.00819862246391759,0.9832002520561218,0.000528769687575812,0.7653505537245009,0.011333004544149568,0.11569653054078416,0.013703663185187755,0.7450677421357896,0.026230060058734763,0.8003982053862677,0.003617840019936965,,,,,,,,,,,,,,,,,,,,,,,,,,,,,,,,,,,,,,,,,,,,,,,,,,,,,,,,,45
mantra_name,gin,graph,,,,128.0,0.25,0.01,0.0001,128.0,0.8438507484835248,0.06452900506394615,0.7042275882044504,0.2598570433844226,0.35633653991444164,0.2641543796488787,0.5545214350486911,0.259201080996405,0.3400736877391505,0.26358152219057,0.3813174321900967,0.27042355606292,0.8439650105875592,0.06454941657457043,0.7022334219411362,0.2616312335645355,0.3565721588079319,0.26456757173417894,0.5543097477666167,0.25905140631367807,0.3404286500326423,0.2639525711481841,0.3816971033811569,0.27103863571904135,,,,,,,,,,,,,,,,,,,,,,,,,,,,,,,,,,,,,,,,,,,,,,,,,,,,,,,,,43
mantra_name,gin,graph,,,,128.0,0.25,0.01,0.0001,256.0,0.851580489765514,0.0701713327208093,0.8011789281259883,0.2158405204884247,0.3762586678970944,0.27798490972935286,0.5313143662431024,0.2996016106563675,0.36072972179813817,0.2731978311448264,0.4032346579161557,0.28564569333514606,0.8516521128741178,0.07014157508375951,0.8002467724409971,0.21688587743915153,0.37600984966213047,0.2781095795194931,0.5306609892709688,0.2993174262478719,0.35636664486744185,0.27488351266500494,0.40300656313245947,0.285612978266322,,,,,,,,,,,,,,,,,,,,,,,,,,,,,,,,,,,,,,,,,,,,,,,,,,,,,,,,,44
mantra_name,gin,graph,,,,128.0,0.5,0.001,0.0001,128.0,0.9463761448860168,0.007260337074598154,0.9834217958980136,0.0004896817015487103,0.7618710835774739,0.008770049281333955,0.12164065639177954,0.019758507819316665,0.7374985959794786,0.015567188875718138,0.7990310470263163,0.002889064877143551,0.9463143202993605,0.007713012531812483,0.9832150922881232,0.000603655201760057,0.7626246730486552,0.006766605841182843,0.12114485717482033,0.019354931007607552,0.7386956016222636,0.01408433158526256,0.7994023561477661,0.0022014378251002734,,,,,,,,,,,,,,,,,,,,,,,,,,,,,,,,,,,,,,,,,,,,,,,,,,,,,,,,,45
mantra_name,gin,graph,,,,128.0,0.5,0.001,0.0001,256.0,0.947284808423784,0.004549989421653272,0.9834666185908847,0.0005095805695521909,0.7619675079981486,0.007064620035382414,0.12436127033498548,0.027178359453338997,0.7398705164591471,0.020699347224300575,0.79942829741372,0.0013570288930303518,0.9473363134596083,0.004611236711291719,0.9832231614324781,0.0005803134843785541,0.7628428101539612,0.006740213094964365,0.1237044748332765,0.027487473005760682,0.741214574707879,0.020798685798999447,0.7997451053725348,0.0010105280046081024,,,,,,,,,,,,,,,,,,,,,,,,,,,,,,,,,,,,,,,,,,,,,,,,,,,,,,,,,45
mantra_name,gin,graph,,,,128.0,0.5,0.01,0.0001,128.0,0.8581198255221049,0.0731428128363386,0.7857300145758523,0.2421055689406106,0.41548171242078147,0.2841009884415444,0.5014101488722695,0.2778128422872013,0.39519073367118834,0.2811182814929062,0.4465156800217099,0.29302282912956007,0.8579817520247566,0.07326695914371173,0.7841602385044097,0.2434646615998504,0.4151741835806104,0.28383692166096886,0.5013692357473903,0.27713878637830053,0.3951178663306766,0.2810713389831623,0.4461326460043589,0.29264598171574413,,,,,,,,,,,,,,,,,,,,,,,,,,,,,,,,,,,,,,,,,,,,,,,,,,,,,,,,,45
mantra_name,gin,graph,,,,128.0,0.5,0.01,0.0001,256.0,0.8557276169459025,0.07036533964344761,0.8003452956676483,0.2211676969756278,0.39204296006096734,0.27871750470492,0.5293850844105085,0.3008178589030361,0.3737338662147522,0.2773102728482331,0.41900927623113,0.28594686561783556,0.8557791047626071,0.07031366239740108,0.7983213987615373,0.22325999194264626,0.3928304433822631,0.27957804990578705,0.528992092443837,0.30066072344779315,0.3741275191307068,0.2778058080936694,0.4199037631352743,0.28682259935994087,,,,,,,,,,,,,,,,,,,,,,,,,,,,,,,,,,,,,,,,,,,,,,,,,,,,,,,,,45
mantra_name,gin,graph,,,,256.0,0.25,0.001,0.0001,128.0,0.9336691922611661,0.04216244242402962,0.9596257501178318,0.08867593741946211,0.7127266880538728,0.16529451254875777,0.171080194082525,0.1671971104275987,0.7046790967384974,0.16305201607137657,0.7473086953163147,0.170680348364935,0.9335764620039199,0.04216293464745497,0.9591099593374465,0.0902635487571043,0.7131134457058377,0.1650239108484173,0.1708784805403815,0.16759269266622404,0.7038464960124757,0.1617373372353404,0.7475547018978331,0.17051726586858687,,,,,,,,,,,,,,,,,,,,,,,,,,,,,,,,,,,,,,,,,,,,,,,,,,,,,,,,,45
mantra_name,gin,graph,,,,256.0,0.25,0.001,0.0001,256.0,0.9447463035583497,0.02184762906521067,0.9682457665602366,0.10112642420147751,0.7491050346030129,0.08719747985655575,0.1298342453108893,0.094248084315017,0.7309685200452805,0.09047594991954436,0.7861834052536223,0.08937634650229914,0.9448781649271647,0.021842282517396457,0.9678918712668949,0.10266660455510841,0.7502847969532013,0.08745280594810952,0.12941347476508877,0.09467810594531907,0.7332418769598007,0.09192473998197992,0.7868688984049691,0.08948476881767743,,,,,,,,,,,,,,,,,,,,,,,,,,,,,,,,,,,,,,,,,,,,,,,,,,,,,,,,,45
mantra_name,gin,graph,,,,256.0,0.25,0.01,0.0001,128.0,0.8457507967948914,0.06656613391090868,0.6614138056834539,0.3021769285279907,0.351121966375245,0.26219059251994853,0.5642598571048842,0.27248004673509796,0.33696226047144995,0.2658907922728267,0.37590677042802173,0.26697538589624403,0.8457569532924228,0.06644113611581438,0.6599294791618983,0.30338398703486796,0.3507953451739416,0.26184487799814293,0.5640896464387576,0.2723546833454581,0.3370846089389589,0.26604692352033804,0.3754989210102293,0.2663827603987508,,,,,,,,,,,,,,,,,,,,,,,,,,,,,,,,,,,,,,,,,,,,,,,,,,,,,,,,,45
mantra_name,gin,graph,,,,256.0,0.25,0.01,0.0001,256.0,0.8428558283381992,0.06257213932727962,0.5931216647227605,0.30831222729075625,0.34398799108134376,0.25197420867075,0.6664960414171219,0.40183270650194325,0.3334901163975398,0.2608261173727151,0.3651551521486706,0.25204718396017034,0.8428578654925029,0.062469455261296866,0.5907907067073717,0.31034232720713933,0.34375448293156086,0.251607717171104,0.6653210229343838,0.3987230928189017,0.3335367047124439,0.26084699308516823,0.36469785339302485,0.2514995155720583,,,,,,,,,,,,,,,,,,,,,,,,,,,,,,,,,,,,,,,,,,,,,,,,,,,,,,,,,45
mantra_name,gin,graph,,,,256.0,0.5,0.001,0.0001,128.0,0.943852060370975,0.02249830158467271,0.9737872997919719,0.06466061506053641,0.7489664471811719,0.08722339060672885,0.14250076661507285,0.09583294924461887,0.7273652576737933,0.08872235211052254,0.7858535809649362,0.08935988308170952,0.9439653767479791,0.022487222886611678,0.9737367166413201,0.06408308432027593,0.7502796404891544,0.0875394412868248,0.1421198561787605,0.09551413389817177,0.7291754560338126,0.08958066238475718,0.7867519170045852,0.08946779071168734,,,,,,,,,,,,,,,,,,,,,,,,,,,,,,,,,,,,,,,,,,,,,,,,,,,,,,,,,45
mantra_name,gin,graph,,,,256.0,0.5,0.001,0.0001,256.0,0.9436913424068027,0.02250007277940635,0.9685398346847958,0.10003262410739804,0.7494417571359211,0.08741142974209318,0.13926203995943068,0.09737341165224019,0.7279595914814208,0.0892985648517126,0.7865087353520923,0.08944170244453065,0.9438293841150072,0.022406867681336803,0.9683110343085395,0.10056485978660884,0.7503995478153229,0.08761172335664712,0.1387206693490346,0.09696678917599609,0.7302462521526548,0.09106347246601995,0.7871215704414579,0.0895308855334514,,,,,,,,,,,,,,,,,,,,,,,,,,,,,,,,,,,,,,,,,,,,,,,,,,,,,,,,,45
mantra_name,gin,graph,,,,256.0,0.5,0.01,0.0001,128.0,0.8390254047181871,0.06248283331915433,0.6465435968505011,0.29359057203158473,0.33088307778040565,0.24810860644473418,0.5855829624666108,0.25399549765997964,0.3244789749383926,0.25203590556280864,0.35227478676372104,0.2532051650874688,0.8390377428796556,0.062401196667588164,0.6439475994971063,0.2956504874202335,0.3306530773639678,0.2481202308506184,0.5856628076897727,0.25365294624260476,0.3245526575379901,0.2521628140278404,0.35216995345221624,0.2530683103537262,,,,,,,,,,,,,,,,,,,,,,,,,,,,,,,,,,,,,,,,,,,,,,,,,,,,,,,,,45
mantra_name,gin,graph,,,,256.0,0.5,0.01,0.0001,256.0,0.8363941801918877,0.060215119848508,0.5836218092176649,0.2988990685187287,0.3151280754142337,0.23820171899193923,0.630665219326814,0.25966432696318786,0.312140421072642,0.24690008636374125,0.3383204221725464,0.24350841107242355,0.8364971770180596,0.06023766910570983,0.5811576053500176,0.3005078025371547,0.3144794881343841,0.23804010761329095,0.6304229971435334,0.2602206946003234,0.3075552417172326,0.2417080022146488,0.33799728718068867,0.24368526991641962,,,,,,,,,,,,,,,,,,,,,,,,,,,,,,,,,,,,,,,,,,,,,,,,,,,,,,,,,45
mantra_orientation,gat,graph,,,,128.0,0.25,0.001,0.0,128.0,0.9207231998443604,0.0,0.5248697658379873,0.03610907743934263,0.4793627858161926,0.0,0.2892226146327124,0.018117146433419665,0.4603615999221802,0.0,0.5,0.0,0.9207231998443604,0.0,0.5231774581803216,0.036519349542015696,0.4793627858161926,0.0,0.28908524513244627,0.01802135281821079,0.4603615999221802,0.0,0.5,0.0,,,,,,,,,,,,,,,,,,,,,,,,,,,,,,,,,,,,,,,,,,,,,,,,,,,,,,,,,45
mantra_orientation,gat,graph,,,,128.0,0.25,0.001,0.0,256.0,0.9207231998443604,0.0,0.5237225823932223,0.04308741573874659,0.4793627858161926,0.0,0.2875171667999691,0.015322110467131334,0.4603615999221802,0.0,0.5,0.0,0.9207231998443604,0.0,0.5270438664489322,0.03932973666600257,0.4793627858161926,0.0,0.28725921577877467,0.014666529699465598,0.4603615999221802,0.0,0.5,0.0,,,,,,,,,,,,,,,,,,,,,,,,,,,,,,,,,,,,,,,,,,,,,,,,,,,,,,,,,45
mantra_orientation,gat,graph,,,,128.0,0.25,0.001,0.0001,128.0,0.9207231998443604,0.0,0.5189652628368802,0.0338419736965905,0.4793627858161926,0.0,0.287832412454817,0.01786368538046996,0.4603615999221802,0.0,0.5,0.0,0.9207231998443604,0.0,0.5220688700675964,0.03331453981399683,0.4793627858161926,0.0,0.2877104043960571,0.01784603927026768,0.4603615999221802,0.0,0.5,0.0,,,,,,,,,,,,,,,,,,,,,,,,,,,,,,,,,,,,,,,,,,,,,,,,,,,,,,,,,45
mantra_orientation,gat,graph,,,,128.0,0.25,0.001,0.0001,256.0,0.9207231998443604,0.0,0.5232362495528327,0.04147544124453505,0.4793627858161926,0.0,0.28726330465740624,0.013825687250884358,0.4603615999221802,0.0,0.5,0.0,0.9207231998443604,0.0,0.5264917188220554,0.04047627124415576,0.4793627858161926,0.0,0.2870040191544426,0.013047105574630485,0.4603615999221802,0.0,0.5,0.0,,,,,,,,,,,,,,,,,,,,,,,,,,,,,,,,,,,,,,,,,,,,,,,,,,,,,,,,,45
mantra_orientation,gat,graph,,,,128.0,0.25,0.01,0.0,128.0,0.9207231998443604,0.0,0.5277938690450457,0.028876985533910854,0.4793627858161926,0.0,0.2922233555052015,0.047018304834816387,0.4603615999221802,0.0,0.5,0.0,0.9207231998443604,0.0,0.5288474016719394,0.029519910516294785,0.4793627858161926,0.0,0.29209404918882576,0.04695765827108009,0.4603615999221802,0.0,0.5,0.0,,,,,,,,,,,,,,,,,,,,,,,,,,,,,,,,,,,,,,,,,,,,,,,,,,,,,,,,,45
mantra_orientation,gat,graph,,,,128.0,0.25,0.01,0.0,256.0,0.9207231998443604,0.0,0.5152852700816261,0.022539292673816474,0.4793627858161926,0.0,0.29233258101675247,0.022220533426799218,0.4603615999221802,0.0,0.5,0.0,0.9207231998443604,0.0,0.5169105940394931,0.022578802761888533,0.4793627858161926,0.0,0.2922530399428473,0.022200816582874164,0.4603615999221802,0.0,0.5,0.0,,,,,,,,,,,,,,,,,,,,,,,,,,,,,,,,,,,,,,,,,,,,,,,,,,,,,,,,,45
mantra_orientation,gat,graph,,,,128.0,0.25,0.01,0.0001,128.0,0.9207231998443604,0.0,0.5171239932378133,0.03378519209418146,0.4793627858161926,0.0,0.29428732328944734,0.04818134982116375,0.4603615999221802,0.0,0.5,0.0,0.9207231998443604,0.0,0.5203667375776503,0.032132506940460846,0.4793627858161926,0.0,0.2941811780134837,0.04806493004184228,0.4603615999221802,0.0,0.5,0.0,,,,,,,,,,,,,,,,,,,,,,,,,,,,,,,,,,,,,,,,,,,,,,,,,,,,,,,,,45
mantra_orientation,gat,graph,,,,128.0,0.25,0.01,0.0001,256.0,0.9207231998443604,0.0,0.5153644131289588,0.032661592663707974,0.4793627858161926,0.0,0.32131376796298555,0.190474219673369,0.4603615999221802,0.0,0.5,0.0,0.9207231998443604,0.0,0.5166176292631361,0.03281676694264236,0.4793627858161926,0.0,0.3206635435422261,0.1866942793546033,0.4603615999221802,0.0,0.5,0.0,,,,,,,,,,,,,,,,,,,,,,,,,,,,,,,,,,,,,,,,,,,,,,,,,,,,,,,,,45
mantra_orientation,gat,graph,,,,128.0,0.5,0.001,0.0,128.0,0.9205356982019213,0.0012579636549038132,0.5134949611292945,0.03620961036410131,0.4803523215982649,0.006118024488014569,0.33665203650792436,0.09985105296637645,0.4742698603206211,0.057616403315450496,0.5004682474666171,0.002902259646863092,0.920591331852807,0.0009275222797777234,0.5175046066443125,0.03820368812828073,0.4805151813560062,0.007026349889423205,0.33642561170789925,0.099932803724119,0.48224898046917386,0.09078257909286366,0.5005697170893352,0.0034810115366619085,,,,,,,,,,,,,,,,,,,,,,,,,,,,,,,,,,,,,,,,,,,,,,,,,,,,,,,,,45
mantra_orientation,gat,graph,,,,128.0,0.5,0.001,0.0,256.0,0.9207231998443604,0.0,0.52458842198054,0.037649508385379456,0.4793627858161926,0.0,0.3201318681240081,0.06064896700665469,0.4603615999221802,0.0,0.5,0.0,0.9207252608405219,1.3825582555870114e-05,0.52829400367207,0.03800547449172709,0.4793892602125804,0.00017759564995874615,0.31966934932602775,0.06024420445415,0.47147365940941705,0.07454196115044931,0.5000129951371087,8.717402985592486e-05,,,,,,,,,,,,,,,,,,,,,,,,,,,,,,,,,,,,,,,,,,,,,,,,,,,,,,,,,45
mantra_orientation,gat,graph,,,,128.0,0.5,0.001,0.0001,128.0,0.9207211401727464,3.1186756100736704e-05,0.5171677953667111,0.027124040331150533,0.4798980196317037,0.0020400553328011693,0.34357067677709785,0.10971677378796267,0.476722342438168,0.06212521364013292,0.5002482877837287,0.0009471771317525165,0.9207335035006206,4.517818970548519e-05,0.519453744093577,0.028607511882801556,0.480053088400099,0.002584157541416083,0.34343866176075405,0.10975040302465983,0.48954547246297203,0.09919594347321675,0.5003262599309285,0.0012215502579642336,,,,,,,,,,,,,,,,,,,,,,,,,,,,,,,,,,,,,,,,,,,,,,,,,,,,,,,,,45
mantra_orientation,gat,graph,,,,128.0,0.5,0.001,0.0001,256.0,0.9207231998443604,0.0,0.5213469836446974,0.034939977328685465,0.4793627858161926,0.0,0.30835520823796586,0.03657118145162537,0.4603615999221802,0.0,0.5,0.0,0.9207231998443604,0.0,0.5254627386728923,0.0348801275751673,0.4793627858161926,0.0,0.30801454848713344,0.0357902113927851,0.4603615999221802,0.0,0.5,0.0,,,,,,,,,,,,,,,,,,,,,,,,,,,,,,,,,,,,,,,,,,,,,,,,,,,,,,,,,45
mantra_orientation,gat,graph,,,,128.0,0.5,0.01,0.0,128.0,0.9207231998443604,0.0,0.5272948483626048,0.034938331215047684,0.4793627858161926,0.0,0.32450960742102725,0.08792679239278055,0.4603615999221802,0.0,0.5,0.0,0.9207252608405219,1.3825582555866521e-05,0.5293407903777229,0.033117385451397884,0.4793892602125804,0.00017759564995874712,0.32439075642161896,0.08796033865625623,0.47147365940941705,0.07454196115044931,0.5000129951371087,8.717402985592074e-05,,,,,,,,,,,,,,,,,,,,,,,,,,,,,,,,,,,,,,,,,,,,,,,,,,,,,,,,,45
mantra_orientation,gat,graph,,,,128.0,0.5,0.01,0.0,256.0,0.9207190791765849,2.7642279775956218e-05,0.5189452588558197,0.033456041837681104,0.47953995135095384,0.0011884625369885458,0.31794167624579533,0.080106582041462,0.4652286251386007,0.032648997696365534,0.5000808980729845,0.000542680771326131,0.9207252608405219,1.3825582555870114e-05,0.5221801943249172,0.03143824453857488,0.4795170432991452,0.0010347906537596983,0.3177994423442417,0.0795071794419062,0.46642749574449327,0.04069126620937221,0.5000723772578769,0.0004855214059135053,,,,,,,,,,,,,,,,,,,,,,,,,,,,,,,,,,,,,,,,,,,,,,,,,,,,,,,,,45
mantra_orientation,gat,graph,,,,128.0,0.5,0.01,0.0001,128.0,0.9207231998443604,0.0,0.5232225517431895,0.03245403714626574,0.4793627858161926,0.0,0.3166290528244442,0.050466414143751755,0.4603615999221802,0.0,0.5,0.0,0.9207231998443604,0.0,0.5274708661768172,0.033419141271398306,0.4793627858161926,0.0,0.31650376584794787,0.05049246553648251,0.4603615999221802,0.0,0.5,0.0,,,,,,,,,,,,,,,,,,,,,,,,,,,,,,,,,,,,,,,,,,,,,,,,,,,,,,,,,45
mantra_orientation,gat,graph,,,,128.0,0.5,0.01,0.0001,256.0,0.9207190791765849,2.7642279775956218e-05,0.5198876202106476,0.032118173177420946,0.47953995135095384,0.0011884625369885458,0.3208978003925747,0.07376218801160807,0.4652286251386007,0.032648997696365534,0.5000808980729845,0.000542680771326131,0.9207252608405219,1.3825582555870114e-05,0.522264615032408,0.03049519286875505,0.4795170432991452,0.0010347906537596983,0.3208389507399665,0.07380862223469789,0.46642749574449327,0.04069126620937221,0.5000723772578769,0.0004855214059135053,,,,,,,,,,,,,,,,,,,,,,,,,,,,,,,,,,,,,,,,,,,,,,,,,,,,,,,,,45
mantra_orientation,gat,graph,,,,256.0,0.25,0.001,0.0,128.0,0.9207231998443604,0.0,0.5224526802698771,0.029355492227195315,0.4793627858161926,0.0,0.2962887035475837,0.027834625814542928,0.4603615999221802,0.0,0.5,0.0,0.9207231998443604,0.0,0.5267341156800588,0.030941872468489572,0.4793627858161926,0.0,0.29615124728944564,0.02796504503251612,0.4603615999221802,0.0,0.5,0.0,,,,,,,,,,,,,,,,,,,,,,,,,,,,,,,,,,,,,,,,,,,,,,,,,,,,,,,,,45
mantra_orientation,gat,graph,,,,256.0,0.25,0.001,0.0,256.0,0.9207231998443604,0.0,0.5283727857801649,0.03422195370611024,0.4793627858161926,0.0,0.29455597069528366,0.03070706401095826,0.4603615999221802,0.0,0.5,0.0,0.9207231998443604,0.0,0.5297341333495246,0.03468220722064294,0.4793627858161926,0.0,0.2942891074551476,0.02993969808040425,0.4603615999221802,0.0,0.5,0.0,,,,,,,,,,,,,,,,,,,,,,,,,,,,,,,,,,,,,,,,,,,,,,,,,,,,,,,,,45
mantra_orientation,gat,graph,,,,256.0,0.25,0.001,0.0001,128.0,0.9207231998443604,0.0,0.5186980810430315,0.041871753113096155,0.4793627858161926,0.0,0.2924735579225752,0.02231241889831563,0.4603615999221802,0.0,0.5,0.0,0.9207231998443604,0.0,0.52301723824607,0.04228269372764292,0.4793627858161926,0.0,0.29230953984790375,0.022377554071874067,0.4603615999221802,0.0,0.5,0.0,,,,,,,,,,,,,,,,,,,,,,,,,,,,,,,,,,,,,,,,,,,,,,,,,,,,,,,,,45
mantra_orientation,gat,graph,,,,256.0,0.25,0.001,0.0001,256.0,0.9207231998443604,0.0,0.5204378995630476,0.037155557081287705,0.4793627858161926,0.0,0.2911658863226572,0.023554201616193426,0.4603615999221802,0.0,0.5,0.0,0.9207231998443604,0.0,0.5227809886137644,0.03720690564205526,0.4793627858161926,0.0,0.29092283911175193,0.022978651373347928,0.4603615999221802,0.0,0.5,0.0,,,,,,,,,,,,,,,,,,,,,,,,,,,,,,,,,,,,,,,,,,,,,,,,,,,,,,,,,45
mantra_orientation,gat,graph,,,,256.0,0.25,0.01,0.0,128.0,0.9207231998443604,0.0,0.5215506043699053,0.031185704736784964,0.4793627858161926,0.0,0.29740154014693365,0.04429856486267511,0.4603615999221802,0.0,0.5,0.0,0.9207231998443604,0.0,0.5266374554899004,0.0326365686770916,0.4793627858161926,0.0,0.29728903373082477,0.04443402500771457,0.4603615999221802,0.0,0.5,0.0,,,,,,,,,,,,,,,,,,,,,,,,,,,,,,,,,,,,,,,,,,,,,,,,,,,,,,,,,45
mantra_orientation,gat,graph,,,,256.0,0.25,0.01,0.0,256.0,0.9207231998443604,0.0,0.51657096279992,0.04326763300502557,0.4793627858161926,0.0,0.30772679580582507,0.06005590748534073,0.4603615999221802,0.0,0.5,0.0,0.9207231998443604,0.0,0.5196942117479112,0.043109985973093054,0.4793627858161926,0.0,0.30747953785790333,0.0599805954348363,0.4603615999221802,0.0,0.5,0.0,,,,,,,,,,,,,,,,,,,,,,,,,,,,,,,,,,,,,,,,,,,,,,,,,,,,,,,,,45
mantra_orientation,gat,graph,,,,256.0,0.25,0.01,0.0001,128.0,0.9207231998443604,0.0,0.5184425267908308,0.03167166127031781,0.4793627858161926,0.0,0.29273147318098275,0.021772593198355037,0.4603615999221802,0.0,0.5,0.0,0.9207231998443604,0.0,0.5222404519716899,0.032437537424706606,0.4793627858161926,0.0,0.2925963938236236,0.021705070274362623,0.4603615999221802,0.0,0.5,0.0,,,,,,,,,,,,,,,,,,,,,,,,,,,,,,,,,,,,,,,,,,,,,,,,,,,,,,,,,45
mantra_orientation,gat,graph,,,,256.0,0.25,0.01,0.0001,256.0,0.9207231998443604,0.0,0.5329824805259704,0.031733659817547825,0.4793627858161926,0.0,0.34655712313122217,0.13510324252983208,0.4603615999221802,0.0,0.5,0.0,0.9207231998443604,0.0,0.5355996012687683,0.031716043718144106,0.4793627858161926,0.0,0.3464832862218221,0.13628388116833448,0.4603615999221802,0.0,0.5,0.0,,,,,,,,,,,,,,,,,,,,,,,,,,,,,,,,,,,,,,,,,,,,,,,,,,,,,,,,,45
mantra_orientation,gat,graph,,,,256.0,0.5,0.001,0.0,128.0,0.9207231998443604,0.0,0.51935595870018,0.029873857678799656,0.4793627858161926,0.0,0.31875399947166444,0.05763853272874463,0.4603615999221802,0.0,0.5,0.0,0.9207231998443604,0.0,0.5200564218891992,0.031667123870757145,0.4793627858161926,0.0,0.31853671073913575,0.05787034418713502,0.4603615999221802,0.0,0.5,0.0,,,,,,,,,,,,,,,,,,,,,,,,,,,,,,,,,,,,,,,,,,,,,,,,,,,,,,,,,45
mantra_orientation,gat,graph,,,,256.0,0.5,0.001,0.0,256.0,0.9207231998443604,0.0,0.5182274103164672,0.03254816424480225,0.4793627858161926,0.0,0.3341651161511739,0.07190977907449446,0.4603615999221802,0.0,0.5,0.0,0.9207231998443604,0.0,0.5230556474791632,0.030561657642635843,0.4793627858161926,0.0,0.3339594172106849,0.07237772193812245,0.4603615999221802,0.0,0.5,0.0,,,,,,,,,,,,,,,,,,,,,,,,,,,,,,,,,,,,,,,,,,,,,,,,,,,,,,,,,45
mantra_orientation,gat,graph,,,,256.0,0.5,0.001,0.0001,128.0,0.9207231998443604,0.0,0.5190309729841021,0.03461140227080581,0.4793627858161926,0.0,0.31374078922801546,0.05533908767117672,0.4603615999221802,0.0,0.5,0.0,0.9207231998443604,0.0,0.5230213258001539,0.033766734565929865,0.4793627858161926,0.0,0.3135377314355638,0.055624539822552256,0.4603615999221802,0.0,0.5,0.0,,,,,,,,,,,,,,,,,,,,,,,,,,,,,,,,,,,,,,,,,,,,,,,,,,,,,,,,,45
mantra_orientation,gat,graph,,,,256.0,0.5,0.001,0.0001,256.0,0.9207231998443604,0.0,0.5184189445442624,0.0372078296332917,0.4793627858161926,0.0,0.3292946437994639,0.06605150635346083,0.4603615999221802,0.0,0.5,0.0,0.9207231998443604,0.0,0.5228371726142036,0.03652784135818288,0.4793627858161926,0.0,0.3291248467233446,0.0666727277975312,0.4603615999221802,0.0,0.5,0.0,,,,,,,,,,,,,,,,,,,,,,,,,,,,,,,,,,,,,,,,,,,,,,,,,,,,,,,,,45
mantra_orientation,gat,graph,,,,256.0,0.5,0.01,0.0,128.0,0.9020243903001149,0.12543542771776375,0.5190804382165273,0.023196401938886873,0.4703425818019443,0.06050936804032718,0.3253824763827854,0.12193451026569668,0.45101219515005747,0.06271771385888188,0.5,0.0,0.9020243903001149,0.12543542771776375,0.5198229014873504,0.022325314355345655,0.4703425818019443,0.06050936804032718,0.3252490566836463,0.12197102491393906,0.45101219515005747,0.06271771385888188,0.5,0.0,,,,,,,,,,,,,,,,,,,,,,,,,,,,,,,,,,,,,,,,,,,,,,,,,,,,,,,,,45
mantra_orientation,gat,graph,,,,256.0,0.5,0.01,0.0,256.0,0.9207231998443604,0.0,0.5218573033809661,0.030579516563669102,0.4793627858161926,0.0,0.33349564472834264,0.13805204714607933,0.4603615999221802,0.0,0.5,0.0,0.9207231998443604,0.0,0.5252013285954793,0.02903841942897113,0.4793627858161926,0.0,0.333089988761478,0.13570013007312412,0.4603615999221802,0.0,0.5,0.0,,,,,,,,,,,,,,,,,,,,,,,,,,,,,,,,,,,,,,,,,,,,,,,,,,,,,,,,,45
mantra_orientation,gat,graph,,,,256.0,0.5,0.01,0.0001,128.0,0.9207231998443604,0.0,0.5227754573027293,0.02558645475153337,0.4793627858161926,0.0,0.30073312852117745,0.040164935175893555,0.4603615999221802,0.0,0.5,0.0,0.9207231998443604,0.0,0.5246821403503418,0.0258955330002411,0.4793627858161926,0.0,0.3005869150161743,0.04008568108633438,0.4603615999221802,0.0,0.5,0.0,,,,,,,,,,,,,,,,,,,,,,,,,,,,,,,,,,,,,,,,,,,,,,,,,,,,,,,,,45
mantra_orientation,gat,graph,,,,256.0,0.5,0.01,0.0001,256.0,0.9207231998443604,0.0,0.5229213913281758,0.044120031336879806,0.4793627858161926,0.0,0.31077602240774366,0.04231883380407968,0.4603615999221802,0.0,0.5,0.0,0.9207231998443604,0.0,0.5260412461227841,0.04482663808187378,0.4793627858161926,0.0,0.3107680612140232,0.042572450468874146,0.4603615999221802,0.0,0.5,0.0,,,,,,,,,,,,,,,,,,,,,,,,,,,,,,,,,,,,,,,,,,,,,,,,,,,,,,,,,45
mantra_orientation,gat,,,,,,,,,,,,,,,,,,,,,,,,,,,,,,,,,,,,,,,,,,,,,,,,,,,,,,,,,,,,,,,,,,,,,,,,,,,,,,,,,,,,,,,,,,1
mantra_orientation,gcn,graph,,,,128.0,0.25,0.001,0.0001,128.0,0.9207231998443604,0.0,0.7051432160444038,0.013294799206264547,0.4793627858161926,0.0,0.2892496786838354,0.018018453821360105,0.4603615999221802,0.0,0.5,0.0,0.9207231998443604,0.0,0.708600006824316,0.012067371111222788,0.4793627858161926,0.0,0.2890262527521266,0.01813549991696674,0.4603615999221802,0.0,0.5,0.0,,,,,,,,,,,,,,,,,,,,,,,,,,,,,,,,,,,,,,,,,,,,,,,,,,,,,,,,,43
mantra_orientation,gcn,graph,,,,128.0,0.25,0.001,0.0001,256.0,0.9207231998443604,0.0,0.699742133087582,0.03431555610658283,0.4793627858161926,0.0,0.28949624631139964,0.021084226511525313,0.4603615999221802,0.0,0.5,0.0,0.9207231998443604,0.0,0.704711009396447,0.0309851322264992,0.4793627858161926,0.0,0.2893735388914744,0.022142666369461557,0.4603615999221802,0.0,0.5,0.0,,,,,,,,,,,,,,,,,,,,,,,,,,,,,,,,,,,,,,,,,,,,,,,,,,,,,,,,,45
mantra_orientation,gcn,graph,,,,128.0,0.25,0.01,0.0001,128.0,0.9207231998443604,0.0,0.46240501701831815,0.17657976882431237,0.4793627858161926,0.0,0.28609437867999077,0.01537904583075462,0.4603615999221802,0.0,0.5,0.0,0.9207231998443604,0.0,0.4662840634584427,0.17775303452170743,0.4793627858161926,0.0,0.2859585992991924,0.015537253261171679,0.4603615999221802,0.0,0.5,0.0,,,,,,,,,,,,,,,,,,,,,,,,,,,,,,,,,,,,,,,,,,,,,,,,,,,,,,,,,40
mantra_orientation,gcn,graph,,,,128.0,0.25,0.01,0.0001,256.0,0.9207231998443604,0.0,0.42942069921382636,0.15578073408546952,0.4793627858161926,0.0,0.3027428402457126,0.04451428182884543,0.4603615999221802,0.0,0.5,0.0,0.9207231998443604,0.0,0.4296440974224445,0.1550481901336594,0.4793627858161926,0.0,0.3027686989584634,0.044905417911464275,0.4603615999221802,0.0,0.5,0.0,,,,,,,,,,,,,,,,,,,,,,,,,,,,,,,,,,,,,,,,,,,,,,,,,,,,,,,,,43
mantra_orientation,gcn,graph,,,,128.0,0.5,0.001,0.0001,128.0,0.9207231998443604,0.0,0.7049861987431844,0.013266026144844702,0.4793627858161926,0.0,0.30521179901229006,0.03292618512826542,0.4603615999221802,0.0,0.5,0.0,0.9207231998443604,0.0,0.7091676049762302,0.012000752353945557,0.4793627858161926,0.0,0.3050213158130645,0.03311986630954339,0.4603615999221802,0.0,0.5,0.0,,,,,,,,,,,,,,,,,,,,,,,,,,,,,,,,,,,,,,,,,,,,,,,,,,,,,,,,,45
mantra_orientation,gcn,graph,,,,128.0,0.5,0.001,0.0001,256.0,0.9207231998443604,0.0,0.7047150307231479,0.013397532001257276,0.4793627858161926,0.0,0.315377578470442,0.04264338119192278,0.4603615999221802,0.0,0.5,0.0,0.9207231998443604,0.0,0.7089124586847093,0.01186235697634128,0.4793627858161926,0.0,0.3151098748048146,0.043078594198478724,0.4603615999221802,0.0,0.5,0.0,,,,,,,,,,,,,,,,,,,,,,,,,,,,,,,,,,,,,,,,,,,,,,,,,,,,,,,,,45
mantra_orientation,gcn,graph,,,,128.0,0.5,0.01,0.0001,128.0,0.9207231998443604,0.0,0.48903704682985943,0.17841076295293434,0.4793627858161926,0.0,0.2913790716065301,0.021159647637933005,0.4603615999221802,0.0,0.5,0.0,0.9207231998443604,0.0,0.49833628469043306,0.17979329635719346,0.4793627858161926,0.0,0.291228621535831,0.021244685820918027,0.4603615999221802,0.0,0.5,0.0,,,,,,,,,,,,,,,,,,,,,,,,,,,,,,,,,,,,,,,,,,,,,,,,,,,,,,,,,45
mantra_orientation,gcn,graph,,,,128.0,0.5,0.01,0.0001,256.0,0.9207231998443604,0.0,0.42616507212320964,0.15872720990939257,0.4793627858161926,0.0,0.3139707068602244,0.05890367577182265,0.4603615999221802,0.0,0.5,0.0,0.9207231998443604,0.0,0.4297782354884677,0.15981297144366846,0.4793627858161926,0.0,0.3139595952298906,0.0595250170998729,0.4603615999221802,0.0,0.5,0.0,,,,,,,,,,,,,,,,,,,,,,,,,,,,,,,,,,,,,,,,,,,,,,,,,,,,,,,,,45
mantra_orientation,gcn,graph,,,,256.0,0.25,0.001,0.0001,128.0,0.9207231998443604,0.0,0.7046028759744433,0.013370247957742101,0.4793627858161926,0.0,0.2902495125929514,0.0271098458973629,0.4603615999221802,0.0,0.5,0.0,0.9207231998443604,0.0,0.7087991780704922,0.012090280359015215,0.4793627858161926,0.0,0.28997394045193986,0.026587769272446604,0.4603615999221802,0.0,0.5,0.0,,,,,,,,,,,,,,,,,,,,,,,,,,,,,,,,,,,,,,,,,,,,,,,,,,,,,,,,,45
mantra_orientation,gcn,graph,,,,256.0,0.25,0.001,0.0001,256.0,0.9207231998443604,0.0,0.6962124983469645,0.058686183446485574,0.4793627858161926,0.0,0.29563909570376073,0.023780416098744643,0.4603615999221802,0.0,0.5,0.0,0.9207231998443604,0.0,0.7011467893918355,0.055745595853233694,0.4793627858161926,0.0,0.2953817433781094,0.024367578128878423,0.4603615999221802,0.0,0.5,0.0,,,,,,,,,,,,,,,,,,,,,,,,,,,,,,,,,,,,,,,,,,,,,,,,,,,,,,,,,45
mantra_orientation,gcn,graph,,,,256.0,0.25,0.01,0.0001,128.0,0.9207231998443604,0.0,0.44027397102779814,0.16736236905635052,0.4793627858161926,0.0,0.2881731020079718,0.019553129583644933,0.4603615999221802,0.0,0.5,0.0,0.9207231998443604,0.0,0.44493171837594775,0.1691032930798758,0.4793627858161926,0.0,0.28791655302047725,0.01920264826180805,0.4603615999221802,0.0,0.5,0.0,,,,,,,,,,,,,,,,,,,,,,,,,,,,,,,,,,,,,,,,,,,,,,,,,,,,,,,,,45
mantra_orientation,gcn,graph,,,,256.0,0.25,0.01,0.0001,256.0,0.9207231998443604,0.0,0.4030389799012078,0.14029067967812928,0.4793627858161926,0.0,0.31424285438325666,0.09332781113930565,0.4603615999221802,0.0,0.5,0.0,0.9207231998443604,0.0,0.40645601683192784,0.14171953752110683,0.4793627858161926,0.0,0.31411430703269105,0.09428150263006983,0.4603615999221802,0.0,0.5,0.0,,,,,,,,,,,,,,,,,,,,,,,,,,,,,,,,,,,,,,,,,,,,,,,,,,,,,,,,,45
mantra_orientation,gcn,graph,,,,256.0,0.5,0.001,0.0001,128.0,0.9207231998443604,0.0,0.7048987693256802,0.013378958272396772,0.4793627858161926,0.0,0.32537152502271866,0.07946595261992356,0.4603615999221802,0.0,0.5,0.0,0.9207231998443604,0.0,0.7090640889273749,0.012099896089750322,0.4793627858161926,0.0,0.32503483096758523,0.07914221477708326,0.4603615999221802,0.0,0.5,0.0,,,,,,,,,,,,,,,,,,,,,,,,,,,,,,,,,,,,,,,,,,,,,,,,,,,,,,,,,45
mantra_orientation,gcn,graph,,,,256.0,0.5,0.001,0.0001,256.0,0.9207231998443604,0.0,0.7051856941647,0.013324911439078033,0.4793627858161926,0.0,0.33831997778680584,0.08152132149355994,0.4603615999221802,0.0,0.5,0.0,0.9207231998443604,0.0,0.7093417551782396,0.012060818416641285,0.4793627858161926,0.0,0.3379479944705963,0.08192922648010777,0.4603615999221802,0.0,0.5,0.0,,,,,,,,,,,,,,,,,,,,,,,,,,,,,,,,,,,,,,,,,,,,,,,,,,,,,,,,,45
mantra_orientation,gcn,graph,,,,256.0,0.5,0.01,0.0001,128.0,0.9207231998443604,0.0,0.4575906700558133,0.17431347222504437,0.4793627858161926,0.0,0.291114326318105,0.023622029924201583,0.4603615999221802,0.0,0.5,0.0,0.9207231998443604,0.0,0.4604127546151479,0.17533399036768832,0.4793627858161926,0.0,0.29085263609886164,0.02322896795640651,0.4603615999221802,0.0,0.5,0.0,,,,,,,,,,,,,,,,,,,,,,,,,,,,,,,,,,,,,,,,,,,,,,,,,,,,,,,,,45
mantra_orientation,gcn,graph,,,,256.0,0.5,0.01,0.0001,256.0,0.9207231998443604,0.0,0.3862424718009101,0.1267812683600511,0.4793627858161926,0.0,0.3093770702679952,0.07186602354323783,0.4603615999221802,0.0,0.5,0.0,0.9207231998443604,0.0,0.387172888384925,0.12586183456387726,0.4793627858161926,0.0,0.30895971390936106,0.07212999457412682,0.4603615999221802,0.0,0.5,0.0,,,,,,,,,,,,,,,,,,,,,,,,,,,,,,,,,,,,,,,,,,,,,,,,,,,,,,,,,45
mantra_orientation,gin,graph,,,,128.0,0.25,0.001,0.0001,128.0,0.9277139874391778,0.0004072579366832829,0.7703386184781097,0.010275180294749968,0.5626945661944013,0.004299370599626525,0.24021392540876252,0.014322619718457793,0.9596445643624594,0.007268966402116024,0.5444264356480089,0.002488706710237477,0.9273517242697782,0.00046728452567375544,0.7752695832141611,0.006629116346809793,0.5584094385768092,0.0052068332004852,0.2395006899916848,0.014140485855902106,0.9616001608759858,0.00432911255140458,0.5419552048971487,0.002986484135212322,,,,,,,,,,,,,,,,,,,,,,,,,,,,,,,,,,,,,,,,,,,,,,,,,,,,,,,,,43
mantra_orientation,gin,graph,,,,128.0,0.25,0.001,0.0001,256.0,0.9277279078960419,0.0003833166999849507,0.7700471119447188,0.010017085718291154,0.5626513944430784,0.004121914430965389,0.23779267750003116,0.004138612537367898,0.9609845836054195,0.0044032565225558375,0.5443972687829625,0.0023861759988030797,0.9273844117468054,0.0004680870768819105,0.7755506025119261,0.0066298097515574035,0.558721125125885,0.00522374530902275,0.23699279197237705,0.003056490475194295,0.9619621620936827,0.0036084444288956036,0.5421336848627437,0.0029959035114848222,,,,,,,,,,,,,,,,,,,,,,,,,,,,,,,,,,,,,,,,,,,,,,,,,,,,,,,,,44
mantra_orientation,gin,graph,,,,128.0,0.25,0.01,0.0001,128.0,0.923278197977278,0.003344212496681589,0.5871583475006952,0.21555460187129033,0.5100982228914896,0.0401464264656367,0.26822523077328997,0.025266779345256837,0.6478448192278544,0.2436470862602509,0.5163637677828471,0.0213931973784766,0.9231380846765306,0.0031650906085195457,0.5886906974845463,0.2180166783733668,0.5085771931542291,0.038230567593182,0.26793246169884993,0.02542372393171977,0.6475961446762085,0.2433359040447293,0.51549195183648,0.020296913431384237,,,,,,,,,,,,,,,,,,,,,,,,,,,,,,,,,,,,,,,,,,,,,,,,,,,,,,,,,45
mantra_orientation,gin,graph,,,,128.0,0.25,0.01,0.0001,256.0,0.9225096371438768,0.0030150679264675435,0.5861184378465016,0.20465021716915968,0.5015060623486837,0.03719591306056888,0.29848680694897967,0.07498353514743876,0.5887439542346531,0.21590104339800353,0.5118133743604024,0.019849413322955242,0.9224251588185628,0.002872344329944016,0.5885235243373447,0.20706067370950776,0.5003588318824768,0.03532100011139774,0.2981443411774105,0.0751566540105711,0.5900253587298923,0.21798019435906218,0.5111499190330505,0.018767458318839848,,,,,,,,,,,,,,,,,,,,,,,,,,,,,,,,,,,,,,,,,,,,,,,,,,,,,,,,,45
mantra_orientation,gin,graph,,,,128.0,0.5,0.001,0.0001,128.0,0.9277370836999681,0.0003889626610132318,0.770339384343889,0.010217887672660828,0.5627624816364712,0.004188822372173337,0.23702528774738307,0.0037365548010241563,0.9609098381466336,0.004408914169956147,0.5444621788130866,0.00242508928641734,0.9273847394519382,0.000470280048384727,0.7753212134043376,0.006636456122385547,0.5586400588353475,0.005195123022093627,0.23630486163828104,0.0026091857623912955,0.9625558773676555,0.002309598603401984,0.5420855469173855,0.0029787750336388416,,,,,,,,,,,,,,,,,,,,,,,,,,,,,,,,,,,,,,,,,,,,,,,,,,,,,,,,,45
mantra_orientation,gin,graph,,,,128.0,0.5,0.001,0.0001,256.0,0.9267356938785977,0.006353859305733964,0.7703756252924602,0.010176858606615765,0.5629333986176385,0.004713264575613854,0.2399688836601045,0.015646786687587847,0.9499212741851807,0.05889576704947464,0.5449991318914625,0.004841771174614336,0.9264080736372206,0.006426440413109156,0.7753565086258782,0.006669143627610139,0.5591530640920003,0.005945188109528507,0.23935244116518228,0.016450036855457234,0.9522209088007609,0.05728356173535736,0.54283783170912,0.005574673104360746,,,,,,,,,,,,,,,,,,,,,,,,,,,,,,,,,,,,,,,,,,,,,,,,,,,,,,,,,45
mantra_orientation,gin,graph,,,,128.0,0.5,0.01,0.0001,128.0,0.9210528837309944,0.01238159874551462,0.6119524419307709,0.2023153820409985,0.5087641278902689,0.045022947546487474,0.2723490582572089,0.027355287669817718,0.6174540374014112,0.23000831463009455,0.5200484315554301,0.04705726829566605,0.9209333777427673,0.012380039672084115,0.6145313143730163,0.20404039508755223,0.5073082274860806,0.043260262791282256,0.2719178686539332,0.027487289703510182,0.6177189005745782,0.2302554431143692,0.5190809143914117,0.04565710463678804,,,,,,,,,,,,,,,,,,,,,,,,,,,,,,,,,,,,,,,,,,,,,,,,,,,,,,,,,45
mantra_orientation,gin,graph,,,,128.0,0.5,0.01,0.0001,256.0,0.9224066178003947,0.005155353827234245,0.6087727844715118,0.19416417138939027,0.5081014759010739,0.03950639598262009,0.2969798939095603,0.14222852297143224,0.6347127662764656,0.23502501968338488,0.5152847528457641,0.021060600928622938,0.9223035971323649,0.005182004213225757,0.6128087838490804,0.1958062642871458,0.5068491147624121,0.03760473107862298,0.2963099711471133,0.13959484530322094,0.6480656650331286,0.2405971118470701,0.5145637154579162,0.01996367869094908,,,,,,,,,,,,,,,,,,,,,,,,,,,,,,,,,,,,,,,,,,,,,,,,,,,,,,,,,45
mantra_orientation,gin,graph,,,,256.0,0.25,0.001,0.0001,128.0,0.9269190735287136,0.0022506649128559873,0.7265043410989973,0.1425065872983,0.5534169779883491,0.026764545253084603,0.24300615489482877,0.014605650437690375,0.9029084907637702,0.15850805415812935,0.5394811325603062,0.014296142803260699,0.9266223602824741,0.0021577637176447345,0.7305873559580909,0.14424730495082289,0.5497818708419799,0.025663252566639823,0.24236529204580515,0.01469748784807675,0.9054270837042067,0.15931351141359584,0.537384119298723,0.013666688590179643,,,,,,,,,,,,,,,,,,,,,,,,,,,,,,,,,,,,,,,,,,,,,,,,,,,,,,,,,45
mantra_orientation,gin,graph,,,,256.0,0.25,0.001,0.0001,256.0,0.9272013624509176,0.0018355413276077224,0.7701345973544651,0.010308342436442536,0.5570080346531339,0.021396567176449874,0.24012412925561266,0.011792760467171658,0.9242263793945312,0.1268225680209326,0.5413921488655938,0.011442653659957162,0.9268984648916456,0.00173931887372013,0.7751122938262092,0.006776778762364505,0.5532425257894727,0.020593520206939244,0.2395061098866992,0.011217957790257214,0.9269298725657993,0.12682970029921936,0.5392205211851332,0.010987139543562278,,,,,,,,,,,,,,,,,,,,,,,,,,,,,,,,,,,,,,,,,,,,,,,,,,,,,,,,,45
mantra_orientation,gin,graph,,,,256.0,0.25,0.01,0.0001,128.0,0.9214876413345336,0.0025170424746816687,0.5305813312530517,0.2042671330590216,0.4919496721691555,0.028292647963468285,0.27833509743213647,0.019964629428896506,0.5421672754817539,0.18372747885568214,0.5066859245300293,0.015074605657835354,0.921440249019199,0.0026103455571111238,0.5334533982806735,0.20529651920891187,0.4915809286965264,0.02745328982577268,0.2782177931732602,0.020151889561320316,0.5413525078031752,0.18288173168757554,0.5064464105500115,0.014537538295621759,,,,,,,,,,,,,,,,,,,,,,,,,,,,,,,,,,,,,,,,,,,,,,,,,,,,,,,,,45
mantra_orientation,gin,graph,,,,256.0,0.25,0.01,0.0001,256.0,0.9214258286688063,0.0018582805655360955,0.4647813432746463,0.19109448776150112,0.48907216058837044,0.024184694429696757,0.3115293204784393,0.1054844970559226,0.544459240966373,0.18546091851415863,0.5051084094577365,0.01281792137192242,0.9214773390028211,0.001911670274623112,0.4657421946525574,0.19257087485326677,0.48965557747417027,0.02491567117934654,0.3112823516130447,0.10558528996610388,0.5557912442419264,0.19527855071063316,0.505421421262953,0.013224036272684932,,,,,,,,,,,,,,,,,,,,,,,,,,,,,,,,,,,,,,,,,,,,,,,,,,,,,,,,,45
mantra_orientation,gin,graph,,,,256.0,0.5,0.001,0.0001,128.0,0.9269747058550517,0.0024186479687487556,0.7493886682722304,0.10236859714509722,0.5577016592025756,0.02190557645473028,0.24045820799138806,0.01262043549236759,0.9187914543681674,0.13121087741562593,0.541946025689443,0.012033600515937047,0.9266985972722371,0.0022233429736979986,0.7532970004611546,0.10500895599826816,0.5540770517455207,0.021626459182211413,0.23993549578719664,0.012582615158410096,0.9221638255649143,0.13134039532094027,0.5398839566442701,0.012083380160263606,,,,,,,,,,,,,,,,,,,,,,,,,,,,,,,,,,,,,,,,,,,,,,,,,,,,,,,,,45
mantra_orientation,gin,graph,,,,256.0,0.5,0.001,0.0001,256.0,0.9256168550915188,0.007915210707503636,0.7477159182230632,0.10467461883244354,0.5594499190648397,0.01849283347215578,0.2455005933841069,0.022666699475680094,0.9159888638390435,0.12886366302749783,0.5435126847691006,0.01169903539764037,0.9253015968534681,0.008072168476437843,0.7529417587651147,0.10458731697345564,0.5558293448554145,0.01786879460460803,0.24484271374013686,0.02248352785337379,0.9192615614997016,0.12879022651564162,0.5413937277264065,0.011216602799516005,,,,,,,,,,,,,,,,,,,,,,,,,,,,,,,,,,,,,,,,,,,,,,,,,,,,,,,,,45
mantra_orientation,gin,graph,,,,256.0,0.5,0.01,0.0001,128.0,0.9200370682610406,0.012741294971789918,0.485833477973938,0.20573364672293887,0.497585388024648,0.03874287865961859,0.28002761767970186,0.02302184136125822,0.5731878903177049,0.2065311086504031,0.5137366824679904,0.043346995950201896,0.9200370682610406,0.01223203715783591,0.48770295447773404,0.20660907999518283,0.497164034181171,0.03859767216665283,0.27991631064150063,0.022878389111359226,0.5722408347659641,0.20520596270691305,0.513748558362325,0.04544086260180968,,,,,,,,,,,,,,,,,,,,,,,,,,,,,,,,,,,,,,,,,,,,,,,,,,,,,,,,,45
mantra_orientation,gin,graph,,,,256.0,0.5,0.01,0.0001,256.0,0.920906584792667,0.004373816531156092,0.4786474545796712,0.1997293644552969,0.4897782345612844,0.027050303611717796,0.3114243851767646,0.08856227012148706,0.5265877816412184,0.16603180723419958,0.5055271506309509,0.014402208204748685,0.9208324101236132,0.004420592439109934,0.48184720542695786,0.20135534580875186,0.4891267564561632,0.02487812880357726,0.31174155076344806,0.0898859657762834,0.5496843510203892,0.18954305236565447,0.5051662021213108,0.013176719897101084,,,,,,,,,,,,,,,,,,,,,,,,,,,,,,,,,,,,,,,,,,,,,,,,,,,,,,,,,45
